model,dataset,series_id,MASE,RMSE,sMAPE
timesfm25,traffic,0,0.205247,0.010526,7.011681
timesfm25,traffic,1,0.393514,0.015643,12.550072
timesfm25,traffic,10,0.636916,0.01784,25.679333
timesfm25,traffic,100,1.076201,0.021116,24.123455
timesfm25,traffic,101,0.397273,0.003268,10.000824
timesfm25,traffic,102,0.311144,0.002962,5.73446
timesfm25,traffic,103,0.438488,0.006667,9.0784
timesfm25,traffic,104,0.312824,0.007473,11.353688
timesfm25,traffic,105,0.39962,0.010763,12.776114
timesfm25,traffic,106,0.335928,0.008896,9.267851
timesfm25,traffic,107,0.706862,0.030108,15.63792
timesfm25,traffic,108,0.902462,0.033625,19.411936
timesfm25,traffic,109,0.361339,0.013012,14.55828
timesfm25,traffic,11,0.330742,0.012624,6.786572
timesfm25,traffic,110,0.481841,0.010878,11.81321
timesfm25,traffic,111,0.415036,0.009346,12.438993
timesfm25,traffic,112,0.4861,0.015706,7.697036
timesfm25,traffic,113,0.317677,0.002728,7.088003
timesfm25,traffic,114,0.505258,0.017807,16.510855
timesfm25,traffic,115,6.576594,0.069195,57.802483
timesfm25,traffic,116,0.65688,0.019122,15.795445
timesfm25,traffic,117,0.325645,0.002606,8.113454
timesfm25,traffic,118,0.432212,0.003196,7.999111
timesfm25,traffic,119,0.873835,0.039861,22.797787
timesfm25,traffic,12,0.255033,0.007455,8.539073
timesfm25,traffic,120,0.827752,0.016466,40.532799
timesfm25,traffic,121,0.538637,0.031771,8.741365
timesfm25,traffic,122,0.980842,0.019241,33.834553
timesfm25,traffic,123,0.495789,0.017236,10.803714
timesfm25,traffic,124,0.310765,0.009476,8.520582
timesfm25,traffic,125,0.411441,0.009956,8.343689
timesfm25,traffic,126,0.44565,0.007201,26.607996
timesfm25,traffic,127,1.697435,0.029165,84.673561
timesfm25,traffic,128,0.245492,0.003097,11.071856
timesfm25,traffic,129,0.596292,0.011,9.343232
timesfm25,traffic,13,0.373079,0.00965,8.410561
timesfm25,traffic,130,0.902598,0.035955,37.246479
timesfm25,traffic,131,0.387337,0.021996,15.49181
timesfm25,traffic,132,0.481456,0.019148,9.222348
timesfm25,traffic,133,0.305818,0.009845,14.943138
timesfm25,traffic,134,0.141355,0.001626,6.594875
timesfm25,traffic,135,0.57548,0.026098,15.827814
timesfm25,traffic,136,0.355429,0.004267,8.879386
timesfm25,traffic,137,0.457961,0.011028,11.612398
timesfm25,traffic,138,1.271506,0.045251,76.449631
timesfm25,traffic,139,0.412177,0.015586,17.258934
timesfm25,traffic,14,0.594445,0.029779,15.954052
timesfm25,traffic,140,2.018704,0.026363,85.431702
timesfm25,traffic,141,0.32349,0.006875,12.735143
timesfm25,traffic,142,0.690643,0.01269,9.143129
timesfm25,traffic,143,0.39612,0.005007,8.464569
timesfm25,traffic,144,0.902892,0.018416,36.554306
timesfm25,traffic,145,0.513475,0.017694,23.406832
timesfm25,traffic,146,0.107447,0.002164,4.389775
timesfm25,traffic,147,0.270914,0.014833,8.192467
timesfm25,traffic,148,0.454382,0.01994,9.729637
timesfm25,traffic,149,0.649395,0.022093,17.354586
timesfm25,traffic,15,0.417019,0.014718,8.634081
timesfm25,traffic,150,0.688655,0.040808,21.696682
timesfm25,traffic,151,1.198061,0.02918,34.226704
timesfm25,traffic,152,0.334314,0.008959,11.710719
timesfm25,traffic,153,0.227468,0.008308,7.134504
timesfm25,traffic,154,0.501577,0.010605,42.368698
timesfm25,traffic,155,1.184873,0.017944,28.13693
timesfm25,traffic,156,0.370343,0.004238,7.701766
timesfm25,traffic,157,0.841788,0.037252,23.276197
timesfm25,traffic,158,0.490411,0.009966,12.26759
timesfm25,traffic,159,1.029172,0.02802,10.282985
timesfm25,traffic,16,0.452126,0.007227,10.90531
timesfm25,traffic,160,0.650602,0.026892,15.278736
timesfm25,traffic,161,0.542615,0.029209,13.704465
timesfm25,traffic,162,0.361416,0.009435,10.649623
timesfm25,traffic,163,0.345517,0.008919,6.774834
timesfm25,traffic,164,1.336637,0.069309,21.409115
timesfm25,traffic,165,0.972005,0.018121,14.218214
timesfm25,traffic,166,0.451669,0.01416,16.226286
timesfm25,traffic,167,0.721883,0.014368,14.680901
timesfm25,traffic,168,0.359705,0.02472,13.886125
timesfm25,traffic,169,0.511926,0.019154,11.801735
timesfm25,traffic,17,0.369008,0.014921,9.742531
timesfm25,traffic,170,0.417494,0.0153,12.593508
timesfm25,traffic,171,0.942629,0.049506,38.805561
timesfm25,traffic,172,0.559381,0.017479,32.885574
timesfm25,traffic,173,0.937214,0.011323,18.826046
timesfm25,traffic,174,0.483519,0.004833,7.991242
timesfm25,traffic,175,0.237259,0.00465,6.419521
timesfm25,traffic,176,0.366559,0.002265,36.707092
timesfm25,traffic,177,0.459737,0.01625,13.486382
timesfm25,traffic,178,0.552617,0.019348,14.636571
timesfm25,traffic,179,0.240988,0.003004,4.214468
timesfm25,traffic,18,0.462582,0.008003,8.539744
timesfm25,traffic,180,0.295037,0.019802,13.221424
timesfm25,traffic,181,0.206172,0.001412,4.791584
timesfm25,traffic,182,0.541227,0.017564,9.429439
timesfm25,traffic,183,0.404661,0.00489,7.346217
timesfm25,traffic,184,0.347172,0.004013,7.110804
timesfm25,traffic,185,0.576558,0.018005,13.427932
timesfm25,traffic,186,0.487153,0.008739,13.227908
timesfm25,traffic,187,0.498109,0.027683,13.929022
timesfm25,traffic,188,0.690585,0.032247,37.316929
timesfm25,traffic,189,0.296688,0.015286,9.939712
timesfm25,traffic,19,0.529932,0.026832,19.496988
timesfm25,traffic,190,0.25883,0.003937,6.602805
timesfm25,traffic,191,0.433576,0.018912,9.665408
timesfm25,traffic,192,0.595762,0.014518,22.374487
timesfm25,traffic,193,1.753099,0.047094,36.826332
timesfm25,traffic,194,0.617235,0.022803,15.572263
timesfm25,traffic,195,0.728486,0.026431,20.645391
timesfm25,traffic,196,0.991147,0.061114,21.383467
timesfm25,traffic,197,0.30013,0.003475,11.557259
timesfm25,traffic,198,1.204002,0.050738,32.62431
timesfm25,traffic,199,0.377194,0.005615,12.484047
timesfm25,traffic,2,0.733115,0.043585,20.772383
timesfm25,traffic,20,0.171029,0.002164,4.389775
timesfm25,traffic,200,0.362525,0.011835,11.75666
timesfm25,traffic,201,0.385856,0.011623,22.414196
timesfm25,traffic,202,0.684269,0.024741,15.068496
timesfm25,traffic,203,0.515594,0.023618,12.821295
timesfm25,traffic,204,0.236711,0.003447,9.247477
timesfm25,traffic,205,0.2557,0.002506,10.1194
timesfm25,traffic,206,1.152756,0.03186,36.737267
timesfm25,traffic,207,0.450371,0.013511,9.150248
timesfm25,traffic,208,0.853881,0.044976,16.891861
timesfm25,traffic,209,0.490189,0.020754,10.384262
timesfm25,traffic,21,0.599876,0.025813,16.108788
timesfm25,traffic,210,0.357466,0.006933,7.411129
timesfm25,traffic,211,0.650667,0.020544,21.30151
timesfm25,traffic,212,0.463766,0.016596,11.383694
timesfm25,traffic,213,0.739108,0.017891,19.096687
timesfm25,traffic,214,0.415082,0.00585,9.525588
timesfm25,traffic,215,0.419109,0.009543,29.296747
timesfm25,traffic,216,0.335245,0.014347,8.364817
timesfm25,traffic,217,0.612627,0.035256,14.922075
timesfm25,traffic,218,1.175081,0.022702,19.24898
timesfm25,traffic,219,0.545301,0.032464,13.250924
timesfm25,traffic,22,0.489034,0.01601,12.770896
timesfm25,traffic,220,0.574374,0.020847,22.959179
timesfm25,traffic,221,0.396076,0.019486,15.071553
timesfm25,traffic,222,0.433549,0.01699,10.423837
timesfm25,traffic,223,0.382199,0.00672,8.681856
timesfm25,traffic,224,0.857986,0.013535,21.304625
timesfm25,traffic,225,0.289941,0.015088,15.15064
timesfm25,traffic,226,1.13672,0.055737,33.015415
timesfm25,traffic,227,0.887539,0.041958,22.436527
timesfm25,traffic,228,0.287044,0.0076,23.875566
timesfm25,traffic,229,0.754858,0.047611,21.435026
timesfm25,traffic,23,0.653925,0.036635,17.069429
timesfm25,traffic,230,0.763655,0.043893,31.467506
timesfm25,traffic,231,0.693961,0.02907,13.773313
timesfm25,traffic,232,0.549223,0.008793,12.769444
timesfm25,traffic,233,1.318918,0.048769,46.779808
timesfm25,traffic,234,0.605838,0.02209,9.046742
timesfm25,traffic,235,0.802086,0.035203,20.42289
timesfm25,traffic,236,0.378008,0.008289,20.014067
timesfm25,traffic,237,0.36453,0.003975,7.356906
timesfm25,traffic,238,0.835921,0.014613,36.650459
timesfm25,traffic,239,0.516667,0.014894,8.584106
timesfm25,traffic,24,0.431188,0.023746,17.564835
timesfm25,traffic,240,0.495929,0.012477,8.335918
timesfm25,traffic,241,0.222718,0.00907,7.077865
timesfm25,traffic,242,0.528272,0.01033,13.666851
timesfm25,traffic,243,0.300156,0.010537,7.545475
timesfm25,traffic,244,0.989548,0.080048,56.36871
timesfm25,traffic,245,0.49415,0.015475,17.427542
timesfm25,traffic,246,0.654538,0.024501,18.975836
timesfm25,traffic,247,0.74458,0.030753,17.744711
timesfm25,traffic,248,0.20996,0.005982,7.618953
timesfm25,traffic,249,0.765011,0.037255,18.682407
timesfm25,traffic,25,0.819225,0.033955,18.872833
timesfm25,traffic,250,0.635026,0.022366,15.392284
timesfm25,traffic,251,0.527609,0.032979,9.450744
timesfm25,traffic,252,0.659662,0.025066,14.786269
timesfm25,traffic,253,0.364426,0.011415,8.00175
timesfm25,traffic,254,0.330418,0.005521,7.772572
timesfm25,traffic,255,0.323081,0.004951,7.61858
timesfm25,traffic,256,0.322665,0.005306,10.261884
timesfm25,traffic,257,0.344001,0.004917,6.494572
timesfm25,traffic,258,0.637459,0.008754,12.524641
timesfm25,traffic,259,0.399081,0.012929,10.574799
timesfm25,traffic,26,0.37956,0.009523,10.506892
timesfm25,traffic,260,0.30717,0.005927,9.064371
timesfm25,traffic,261,0.489312,0.008418,11.022713
timesfm25,traffic,262,1.327655,0.032192,52.503384
timesfm25,traffic,263,0.269706,0.006152,9.157919
timesfm25,traffic,264,0.723459,0.036826,18.017447
timesfm25,traffic,265,0.415316,0.004504,8.315
timesfm25,traffic,266,1.024642,0.047852,21.865362
timesfm25,traffic,267,0.203555,0.002659,3.972285
timesfm25,traffic,268,0.257218,0.007622,8.474534
timesfm25,traffic,269,0.750616,0.04483,22.443077
timesfm25,traffic,27,0.516978,0.037097,17.551952
timesfm25,traffic,270,0.848013,0.051206,16.00474
timesfm25,traffic,271,1.024709,0.044232,20.068668
timesfm25,traffic,272,0.271513,0.002741,7.251068
timesfm25,traffic,273,0.719886,0.040802,20.285456
timesfm25,traffic,274,0.450494,0.014979,29.392658
timesfm25,traffic,275,0.437361,0.012852,12.14257
timesfm25,traffic,276,0.637434,0.017195,15.662984
timesfm25,traffic,277,0.593456,0.034802,27.393955
timesfm25,traffic,278,0.368878,0.02189,17.533533
timesfm25,traffic,279,0.542175,0.022914,12.99792
timesfm25,traffic,28,0.416968,0.012584,9.014448
timesfm25,traffic,280,0.332901,0.004056,7.130322
timesfm25,traffic,281,0.297721,0.004131,7.53933
timesfm25,traffic,282,0.091498,0.001412,4.791584
timesfm25,traffic,283,0.529532,0.016387,11.987978
timesfm25,traffic,284,0.57888,0.017056,19.583961
timesfm25,traffic,285,0.390498,0.025682,10.331315
timesfm25,traffic,286,1.07605,0.039318,27.275856
timesfm25,traffic,287,0.728582,0.030329,20.040012
timesfm25,traffic,288,0.794735,0.042014,23.084246
timesfm25,traffic,289,0.507649,0.024502,12.89622
timesfm25,traffic,29,0.733334,0.0186,12.95985
timesfm25,traffic,290,0.604757,0.022566,14.527341
timesfm25,traffic,291,0.404804,0.009525,10.648585
timesfm25,traffic,292,0.42247,0.01243,13.572527
timesfm25,traffic,293,0.605604,0.012562,12.657061
timesfm25,traffic,294,1.014179,0.027182,31.725269
timesfm25,traffic,295,0.770499,0.032577,16.210167
timesfm25,traffic,296,0.397406,0.009643,7.41492
timesfm25,traffic,297,0.638199,0.021802,23.77038
timesfm25,traffic,298,0.270593,0.008879,23.390139
timesfm25,traffic,299,0.638159,0.039903,16.487514
timesfm25,traffic,3,0.233588,0.004232,6.432215
timesfm25,traffic,30,0.426902,0.015607,9.496289
timesfm25,traffic,300,0.161134,0.002164,4.389775
timesfm25,traffic,301,0.260006,0.006281,9.882751
timesfm25,traffic,302,0.379803,0.001979,6.968657
timesfm25,traffic,303,0.539589,0.015514,11.723516
timesfm25,traffic,304,0.598372,0.029642,15.822998
timesfm25,traffic,305,0.968933,0.053419,23.9902
timesfm25,traffic,306,0.356483,0.008298,18.944487
timesfm25,traffic,307,0.400952,0.004526,11.010691
timesfm25,traffic,308,0.513638,0.025414,10.921574
timesfm25,traffic,309,0.28401,0.002945,5.676318
timesfm25,traffic,31,0.612611,0.031536,14.453148
timesfm25,traffic,310,1.05635,0.070369,26.896921
timesfm25,traffic,311,0.679099,0.016588,14.871315
timesfm25,traffic,312,0.49909,0.025381,13.546711
timesfm25,traffic,313,0.469553,0.010553,10.50326
timesfm25,traffic,314,0.046297,0.001413,4.795404
timesfm25,traffic,315,0.37562,0.01128,18.320621
timesfm25,traffic,316,0.764463,0.036921,21.079273
timesfm25,traffic,317,0.810852,0.033886,15.588818
timesfm25,traffic,318,0.551329,0.033312,14.552107
timesfm25,traffic,319,0.438709,0.012882,12.698796
timesfm25,traffic,32,0.456371,0.012023,15.041707
timesfm25,traffic,320,0.836822,0.04155,17.83013
timesfm25,traffic,321,0.34296,0.002841,6.763859
timesfm25,traffic,322,0.553337,0.017821,13.972387
timesfm25,traffic,323,1.022145,0.016478,48.317665
timesfm25,traffic,324,0.758339,0.035296,23.982367
timesfm25,traffic,325,0.679094,0.035097,12.9358
timesfm25,traffic,326,0.621373,0.041171,15.969991
timesfm25,traffic,327,0.867604,0.012651,11.172709
timesfm25,traffic,328,0.398117,0.015886,27.404001
timesfm25,traffic,329,0.657948,0.046684,23.221598
timesfm25,traffic,33,0.800386,0.040907,14.600139
timesfm25,traffic,330,0.957258,0.037774,22.732761
timesfm25,traffic,331,0.463554,0.02579,19.677917
timesfm25,traffic,332,0.819563,0.025583,33.550476
timesfm25,traffic,333,0.251294,0.004684,8.897581
timesfm25,traffic,334,0.783429,0.042946,20.840611
timesfm25,traffic,335,0.531999,0.01512,32.759285
timesfm25,traffic,336,0.436778,0.004677,7.221176
timesfm25,traffic,337,0.325965,0.005676,8.257922
timesfm25,traffic,338,0.628394,0.026746,13.955741
timesfm25,traffic,339,0.548038,0.033965,15.720199
timesfm25,traffic,34,0.26711,0.002871,5.877385
timesfm25,traffic,340,0.313446,0.003773,7.830422
timesfm25,traffic,341,1.015874,0.009362,35.279964
timesfm25,traffic,342,0.499777,0.018452,15.107945
timesfm25,traffic,343,0.307013,0.006547,10.852205
timesfm25,traffic,344,0.647591,0.021837,17.326448
timesfm25,traffic,345,1.448265,0.014996,43.966827
timesfm25,traffic,346,0.77891,0.029827,20.331049
timesfm25,traffic,347,0.382999,0.010827,8.122813
timesfm25,traffic,348,0.236916,0.005998,6.254216
timesfm25,traffic,349,0.538421,0.020652,16.982897
timesfm25,traffic,35,0.255546,0.002726,5.300433
timesfm25,traffic,350,0.398096,0.022179,9.820914
timesfm25,traffic,351,0.662625,0.017528,63.332539
timesfm25,traffic,352,1.197859,0.056432,31.008413
timesfm25,traffic,353,0.561878,0.033989,11.030425
timesfm25,traffic,354,1.144654,0.058519,22.405357
timesfm25,traffic,355,0.562291,0.022089,11.707186
timesfm25,traffic,356,0.462123,0.013235,20.94717
timesfm25,traffic,357,0.354252,0.004494,34.829987
timesfm25,traffic,358,0.334748,0.002921,7.245252
timesfm25,traffic,359,0.370619,0.008626,10.628028
timesfm25,traffic,36,0.321989,0.002513,10.316353
timesfm25,traffic,360,0.357888,0.008311,8.068962
timesfm25,traffic,361,0.364025,0.008109,11.032305
timesfm25,traffic,362,0.385169,0.005347,29.394461
timesfm25,traffic,363,0.087081,0.002164,4.389775
timesfm25,traffic,364,0.369069,0.016456,9.482054
timesfm25,traffic,365,1.654346,0.018424,45.814072
timesfm25,traffic,366,0.559668,0.043279,18.673357
timesfm25,traffic,367,0.34856,0.00766,7.255242
timesfm25,traffic,368,0.616418,0.005525,26.000029
timesfm25,traffic,369,0.425465,0.013977,13.474901
timesfm25,traffic,37,1.268365,0.069656,24.733303
timesfm25,traffic,370,0.440953,0.007214,27.022316
timesfm25,traffic,371,0.26119,0.003321,7.928148
timesfm25,traffic,372,0.404423,0.008935,11.816863
timesfm25,traffic,373,0.416878,0.015535,18.471937
timesfm25,traffic,374,0.492931,0.019752,15.850411
timesfm25,traffic,375,1.132831,0.039733,43.206341
timesfm25,traffic,376,0.894872,0.036606,18.268589
timesfm25,traffic,377,0.486935,0.008598,13.223691
timesfm25,traffic,378,0.40857,0.013858,7.013646
timesfm25,traffic,379,0.687652,0.025429,25.072226
timesfm25,traffic,38,0.352374,0.004641,7.813565
timesfm25,traffic,380,0.973374,0.032569,35.688774
timesfm25,traffic,381,0.467801,0.013001,12.826455
timesfm25,traffic,382,0.743091,0.05939,12.480144
timesfm25,traffic,383,1.145929,0.021667,117.779808
timesfm25,traffic,384,0.914718,0.050039,39.541901
timesfm25,traffic,385,0.361876,0.012051,9.630707
timesfm25,traffic,386,0.312855,0.005273,8.186525
timesfm25,traffic,387,0.358449,0.0148,12.530663
timesfm25,traffic,388,0.312335,0.004521,8.490528
timesfm25,traffic,389,0.572076,0.007337,33.696663
timesfm25,traffic,39,0.210578,0.002164,4.389775
timesfm25,traffic,390,0.720865,0.050691,23.364914
timesfm25,traffic,391,1.063226,0.072026,36.938278
timesfm25,traffic,392,0.277897,0.003492,7.469312
timesfm25,traffic,393,0.290337,0.008865,15.118184
timesfm25,traffic,394,0.532548,0.020167,24.457991
timesfm25,traffic,395,0.467036,0.02,24.286663
timesfm25,traffic,396,0.661441,0.009958,13.420323
timesfm25,traffic,397,0.859822,0.060055,26.575191
timesfm25,traffic,398,0.391805,0.014458,9.166695
timesfm25,traffic,399,0.857003,0.045169,19.682505
timesfm25,traffic,4,0.314875,0.008099,13.635998
timesfm25,traffic,40,0.292847,0.005047,9.001304
timesfm25,traffic,400,1.706907,0.051825,58.826008
timesfm25,traffic,401,0.801271,0.037939,18.06772
timesfm25,traffic,402,0.667151,0.043415,59.695324
timesfm25,traffic,403,0.676729,0.045192,20.559383
timesfm25,traffic,404,0.322572,0.012521,8.02663
timesfm25,traffic,405,0.330346,0.004366,29.078844
timesfm25,traffic,406,1.087646,0.112757,38.719349
timesfm25,traffic,407,0.781207,0.010697,25.179691
timesfm25,traffic,408,0.797445,0.00966,113.170898
timesfm25,traffic,409,0.365157,0.008442,12.642113
timesfm25,traffic,41,0.577491,0.023563,23.657587
timesfm25,traffic,410,0.46797,0.008215,13.587624
timesfm25,traffic,411,0.291493,0.002939,6.425211
timesfm25,traffic,412,0.716135,0.030329,19.997669
timesfm25,traffic,413,0.586928,0.042418,17.012917
timesfm25,traffic,414,0.422188,0.00451,7.014221
timesfm25,traffic,415,0.329457,0.003356,5.355793
timesfm25,traffic,416,0.411429,0.011534,9.495136
timesfm25,traffic,417,0.317174,0.002696,11.831107
timesfm25,traffic,418,0.539062,0.022754,17.178501
timesfm25,traffic,419,0.332606,0.007016,6.448668
timesfm25,traffic,42,0.397853,0.003332,6.6012
timesfm25,traffic,420,0.325858,0.013955,7.805497
timesfm25,traffic,421,0.24897,0.005907,9.435161
timesfm25,traffic,422,0.338875,0.007241,9.806106
timesfm25,traffic,423,0.795986,0.026264,17.438927
timesfm25,traffic,424,0.686295,0.030906,21.872953
timesfm25,traffic,425,0.163089,0.00252,8.480183
timesfm25,traffic,426,0.541024,0.018233,12.063251
timesfm25,traffic,427,0.547666,0.023095,14.249413
timesfm25,traffic,428,0.320955,0.007755,7.679686
timesfm25,traffic,429,0.438521,0.014082,14.945372
timesfm25,traffic,43,0.581199,0.027018,15.297246
timesfm25,traffic,430,0.681171,0.044955,36.813423
timesfm25,traffic,431,0.545102,0.02311,12.395325
timesfm25,traffic,432,0.465994,0.015159,29.202633
timesfm25,traffic,433,0.838262,0.038543,20.142418
timesfm25,traffic,434,0.499655,0.02134,8.474023
timesfm25,traffic,435,0.564579,0.019294,14.121879
timesfm25,traffic,436,0.452803,0.012381,19.210297
timesfm25,traffic,437,0.547622,0.018943,15.922267
timesfm25,traffic,438,0.284479,0.003003,11.152258
timesfm25,traffic,439,0.297903,0.005359,6.88673
timesfm25,traffic,44,0.116392,0.00216,6.316707
timesfm25,traffic,440,0.87917,0.008169,11.717508
timesfm25,traffic,441,0.298581,0.002686,8.411078
timesfm25,traffic,442,0.347241,0.007897,14.509167
timesfm25,traffic,443,0.663697,0.026091,21.289274
timesfm25,traffic,444,0.48927,0.011711,43.535683
timesfm25,traffic,445,0.671776,0.025163,10.526062
timesfm25,traffic,446,0.447925,0.020287,22.856136
timesfm25,traffic,447,0.221656,0.005709,12.666112
timesfm25,traffic,448,0.339094,0.020061,15.974788
timesfm25,traffic,449,0.697455,0.027295,18.934574
timesfm25,traffic,45,0.620129,0.02885,60.746662
timesfm25,traffic,450,0.362817,0.004202,6.730237
timesfm25,traffic,451,0.315757,0.004481,7.051819
timesfm25,traffic,452,0.477796,0.010219,10.016063
timesfm25,traffic,453,0.207228,0.003205,6.21863
timesfm25,traffic,454,0.405322,0.009966,10.564472
timesfm25,traffic,455,0.319278,0.007834,15.286072
timesfm25,traffic,456,0.469027,0.017225,10.844203
timesfm25,traffic,457,0.403615,0.011172,10.19027
timesfm25,traffic,458,0.372051,0.010221,9.05812
timesfm25,traffic,459,0.840823,0.036613,19.537376
timesfm25,traffic,46,0.156081,0.004926,6.007853
timesfm25,traffic,460,0.54921,0.031649,73.285866
timesfm25,traffic,461,0.357543,0.011965,14.010597
timesfm25,traffic,462,0.324095,0.002705,6.734301
timesfm25,traffic,463,1.029817,0.027771,24.546093
timesfm25,traffic,464,0.548528,0.026348,13.094436
timesfm25,traffic,465,0.310196,0.006008,7.873298
timesfm25,traffic,466,0.76876,0.032351,17.625511
timesfm25,traffic,467,0.574381,0.022738,22.466404
timesfm25,traffic,468,0.858822,0.023756,16.068289
timesfm25,traffic,469,0.71416,0.03568,17.204508
timesfm25,traffic,47,0.838011,0.024309,40.301491
timesfm25,traffic,470,0.632049,0.032076,25.901951
timesfm25,traffic,471,0.425101,0.010188,9.004827
timesfm25,traffic,472,0.489848,0.004686,14.829565
timesfm25,traffic,473,0.629656,0.033274,15.09178
timesfm25,traffic,474,0.520328,0.010651,13.172116
timesfm25,traffic,475,1.35109,0.081238,50.488995
timesfm25,traffic,476,1.780434,0.088946,28.817711
timesfm25,traffic,477,0.808014,0.043868,20.519333
timesfm25,traffic,478,0.686186,0.03288,13.337344
timesfm25,traffic,479,0.408497,0.010996,7.67673
timesfm25,traffic,48,0.477789,0.010689,12.431449
timesfm25,traffic,480,0.306097,0.008418,8.219267
timesfm25,traffic,481,1.212295,0.01612,29.670282
timesfm25,traffic,482,0.351422,0.002221,12.063272
timesfm25,traffic,483,1.887182,0.063355,31.940319
timesfm25,traffic,484,0.263456,0.0036,7.073273
timesfm25,traffic,485,0.508145,0.011373,14.257769
timesfm25,traffic,486,0.308466,0.003403,8.409207
timesfm25,traffic,487,0.304148,0.003191,6.839986
timesfm25,traffic,488,0.334908,0.003384,13.768209
timesfm25,traffic,489,0.479882,0.019236,14.615528
timesfm25,traffic,49,0.595383,0.013877,12.445234
timesfm25,traffic,490,0.714699,0.01864,31.024082
timesfm25,traffic,491,0.351476,0.006514,9.301779
timesfm25,traffic,492,3.367836,0.034452,33.383423
timesfm25,traffic,493,0.3807,0.00835,11.388979
timesfm25,traffic,494,0.592402,0.027057,18.287558
timesfm25,traffic,495,0.244656,0.004598,6.402422
timesfm25,traffic,496,0.291397,0.002401,28.908478
timesfm25,traffic,497,0.394285,0.015867,27.507565
timesfm25,traffic,498,0.476032,0.005433,29.167139
timesfm25,traffic,499,0.324288,0.005344,30.713072
timesfm25,traffic,5,0.590258,0.029515,13.633115
timesfm25,traffic,50,0.333742,0.007902,8.749686
timesfm25,traffic,500,1.122259,0.016342,35.138748
timesfm25,traffic,501,0.117167,0.001412,4.791584
timesfm25,traffic,502,0.43271,0.006684,8.363062
timesfm25,traffic,503,0.889526,0.031731,24.542282
timesfm25,traffic,504,0.559607,0.005594,10.634678
timesfm25,traffic,505,0.633669,0.016146,25.228306
timesfm25,traffic,506,0.55467,0.013139,8.233894
timesfm25,traffic,507,0.334118,0.002969,6.151026
timesfm25,traffic,508,0.740553,0.027094,27.953793
timesfm25,traffic,509,0.557706,0.014671,9.13112
timesfm25,traffic,51,0.180964,0.002237,5.76999
timesfm25,traffic,510,1.808769,0.017268,38.47506
timesfm25,traffic,511,0.5487,0.016112,9.338959
timesfm25,traffic,512,2.312574,0.042957,37.808105
timesfm25,traffic,513,0.393049,0.017117,17.465742
timesfm25,traffic,514,0.568813,0.025946,19.08147
timesfm25,traffic,515,0.511592,0.01163,7.435827
timesfm25,traffic,516,0.800942,0.036627,14.834417
timesfm25,traffic,517,0.741997,0.041015,21.83157
timesfm25,traffic,518,0.349427,0.010494,9.871733
timesfm25,traffic,519,0.338047,0.021027,9.136827
timesfm25,traffic,52,0.482111,0.019901,13.724335
timesfm25,traffic,520,2.553329,0.039189,28.564732
timesfm25,traffic,521,0.314896,0.007552,5.307314
timesfm25,traffic,522,0.543384,0.007312,10.752554
timesfm25,traffic,523,0.590863,0.026415,15.469402
timesfm25,traffic,524,0.8582,0.034322,16.147182
timesfm25,traffic,525,0.477633,0.016448,21.677578
timesfm25,traffic,526,0.629656,0.008787,19.450647
timesfm25,traffic,527,0.743183,0.03041,34.040375
timesfm25,traffic,528,0.361589,0.011146,10.532879
timesfm25,traffic,529,0.91593,0.06104,25.735357
timesfm25,traffic,53,1.112506,0.046119,30.203098
timesfm25,traffic,530,0.36827,0.005873,9.192804
timesfm25,traffic,531,0.645193,0.025991,15.593003
timesfm25,traffic,532,0.71715,0.043012,18.243093
timesfm25,traffic,533,0.646162,0.026022,14.567869
timesfm25,traffic,534,0.734963,0.024809,18.718124
timesfm25,traffic,535,0.431054,0.015543,9.41386
timesfm25,traffic,536,0.796196,0.009289,19.2094
timesfm25,traffic,537,1.152964,0.08779,40.283485
timesfm25,traffic,538,0.47177,0.01891,10.580693
timesfm25,traffic,539,0.833649,0.01833,15.331254
timesfm25,traffic,54,0.308418,0.006406,7.087756
timesfm25,traffic,540,0.701783,0.028992,26.059032
timesfm25,traffic,541,0.503752,0.016559,8.9797
timesfm25,traffic,542,0.87871,0.018281,16.280661
timesfm25,traffic,543,0.484675,0.009986,11.054598
timesfm25,traffic,544,0.72419,0.033064,27.901478
timesfm25,traffic,545,1.685186,0.02669,20.779646
timesfm25,traffic,546,0.472563,0.016141,11.736485
timesfm25,traffic,547,0.655179,0.025754,18.620573
timesfm25,traffic,548,0.309735,0.00332,8.063141
timesfm25,traffic,549,0.362001,0.015053,9.002119
timesfm25,traffic,55,0.7401,0.049652,17.692406
timesfm25,traffic,550,0.286643,0.004456,29.759104
timesfm25,traffic,551,0.670928,0.013597,16.119736
timesfm25,traffic,552,0.669796,0.026501,18.181957
timesfm25,traffic,553,0.455786,0.012745,12.819716
timesfm25,traffic,554,0.421109,0.010848,13.853113
timesfm25,traffic,555,0.984207,0.020908,15.677698
timesfm25,traffic,556,0.461163,0.006242,6.99509
timesfm25,traffic,557,0.366562,0.009102,8.846514
timesfm25,traffic,558,0.262739,0.003599,5.805705
timesfm25,traffic,559,1.021977,0.043881,21.212475
timesfm25,traffic,56,0.802624,0.045445,57.377651
timesfm25,traffic,560,0.49768,0.009017,37.916336
timesfm25,traffic,561,0.434754,0.014919,17.187853
timesfm25,traffic,562,0.437421,0.0047,10.13082
timesfm25,traffic,563,0.247449,0.001412,4.791584
timesfm25,traffic,564,1.132461,0.020334,25.490406
timesfm25,traffic,565,0.433791,0.009518,12.250319
timesfm25,traffic,566,0.367845,0.003872,23.350239
timesfm25,traffic,567,0.615443,0.004392,7.144032
timesfm25,traffic,568,0.506883,0.022213,14.817149
timesfm25,traffic,569,2.761673,0.035992,63.618565
timesfm25,traffic,57,0.353886,0.004035,8.537038
timesfm25,traffic,570,0.202408,0.001412,4.791584
timesfm25,traffic,571,2.162612,0.060639,29.743551
timesfm25,traffic,572,0.416341,0.015739,8.479851
timesfm25,traffic,573,0.491675,0.01741,11.56114
timesfm25,traffic,574,0.277549,0.005314,6.074389
timesfm25,traffic,575,0.327859,0.010205,13.453875
timesfm25,traffic,576,0.381144,0.003659,8.987735
timesfm25,traffic,577,0.642599,0.010201,13.253935
timesfm25,traffic,578,0.780485,0.040233,26.211088
timesfm25,traffic,579,0.394163,0.005474,9.407451
timesfm25,traffic,58,0.801765,0.027867,17.503229
timesfm25,traffic,580,0.918924,0.052437,54.581398
timesfm25,traffic,581,0.809844,0.014078,29.606323
timesfm25,traffic,582,0.43903,0.011608,8.498874
timesfm25,traffic,583,0.273223,0.003904,7.373334
timesfm25,traffic,584,0.300525,0.006556,7.166461
timesfm25,traffic,585,0.456886,0.015317,8.900377
timesfm25,traffic,586,0.563877,0.039061,27.195492
timesfm25,traffic,587,0.205798,0.002049,6.409994
timesfm25,traffic,588,0.495441,0.021089,13.900088
timesfm25,traffic,589,0.444436,0.015869,10.733232
timesfm25,traffic,59,0.32761,0.003816,6.015867
timesfm25,traffic,590,0.445614,0.014258,8.518484
timesfm25,traffic,591,0.42574,0.017812,9.83701
timesfm25,traffic,592,1.128619,0.036746,26.458048
timesfm25,traffic,593,0.409427,0.008031,7.340578
timesfm25,traffic,594,0.855591,0.030805,24.799183
timesfm25,traffic,595,0.786914,0.036072,21.650063
timesfm25,traffic,596,0.340069,0.004788,6.334524
timesfm25,traffic,597,0.351342,0.009353,12.234248
timesfm25,traffic,598,0.41295,0.010549,9.799213
timesfm25,traffic,599,0.600099,0.011093,16.239609
timesfm25,traffic,6,0.38809,0.013681,12.579366
timesfm25,traffic,60,0.50825,0.014473,11.180973
timesfm25,traffic,600,0.287557,0.002565,7.831043
timesfm25,traffic,601,0.588924,0.012495,9.735152
timesfm25,traffic,602,0.976321,0.036342,24.563866
timesfm25,traffic,603,2.70215,0.022607,41.420864
timesfm25,traffic,604,0.318422,0.006589,7.547329
timesfm25,traffic,605,0.431531,0.006805,9.477834
timesfm25,traffic,606,0.317538,0.003515,7.706071
timesfm25,traffic,607,0.255623,0.018875,8.724973
timesfm25,traffic,608,0.50954,0.027216,11.507745
timesfm25,traffic,609,0.350066,0.005917,9.566391
timesfm25,traffic,61,0.363715,0.01259,14.074457
timesfm25,traffic,610,0.32384,0.008361,5.926988
timesfm25,traffic,611,0.427715,0.00947,9.884173
timesfm25,traffic,612,0.427245,0.012985,14.051871
timesfm25,traffic,613,0.719668,0.025627,10.970015
timesfm25,traffic,614,0.287532,0.005995,8.943031
timesfm25,traffic,615,0.282859,0.003417,6.161832
timesfm25,traffic,616,0.348216,0.003526,8.429846
timesfm25,traffic,617,1.527169,0.169287,71.509186
timesfm25,traffic,618,0.638411,0.012847,16.935928
timesfm25,traffic,619,0.592493,0.026231,17.506304
timesfm25,traffic,62,0.762562,0.018694,20.629398
timesfm25,traffic,620,0.816657,0.016942,28.201004
timesfm25,traffic,621,0.97993,0.061587,25.895386
timesfm25,traffic,622,0.961013,0.058372,18.342529
timesfm25,traffic,623,0.421898,0.01321,9.244987
timesfm25,traffic,624,0.489807,0.010318,11.469522
timesfm25,traffic,625,0.414196,0.007735,8.159017
timesfm25,traffic,626,0.590658,0.035015,19.15383
timesfm25,traffic,627,0.721796,0.028054,16.449347
timesfm25,traffic,628,0.554809,0.026194,13.029522
timesfm25,traffic,629,0.42129,0.015872,13.085605
timesfm25,traffic,63,0.31047,0.009886,8.162769
timesfm25,traffic,630,0.362411,0.011094,12.192608
timesfm25,traffic,631,0.360442,0.008528,10.488569
timesfm25,traffic,632,1.417371,0.135528,65.840446
timesfm25,traffic,633,0.381427,0.011932,8.13102
timesfm25,traffic,634,0.53048,0.016006,15.378684
timesfm25,traffic,635,0.994195,0.047883,29.336414
timesfm25,traffic,636,0.322627,0.007373,7.360023
timesfm25,traffic,637,0.521501,0.022827,11.967407
timesfm25,traffic,638,1.058366,0.032659,40.861378
timesfm25,traffic,639,0.251381,0.006926,7.325696
timesfm25,traffic,64,0.441456,0.017008,15.339633
timesfm25,traffic,640,0.82678,0.027414,20.907564
timesfm25,traffic,641,1.071129,0.063758,25.211142
timesfm25,traffic,642,3.465272,0.043126,45.472481
timesfm25,traffic,643,0.144755,0.002399,4.72349
timesfm25,traffic,644,0.08982,0.002164,4.389775
timesfm25,traffic,645,0.431429,0.013325,11.346206
timesfm25,traffic,646,0.31538,0.001849,5.9635
timesfm25,traffic,647,1.260063,0.046019,18.710732
timesfm25,traffic,648,0.435906,0.00936,10.061768
timesfm25,traffic,649,0.858403,0.008827,16.632246
timesfm25,traffic,65,0.743523,0.007804,20.25272
timesfm25,traffic,650,1.011378,0.042635,18.364498
timesfm25,traffic,651,0.617281,0.020567,13.587818
timesfm25,traffic,652,0.323129,0.006108,10.386546
timesfm25,traffic,653,1.247002,0.046618,18.122721
timesfm25,traffic,654,0.604083,0.024414,14.010468
timesfm25,traffic,655,0.429784,0.013752,10.172899
timesfm25,traffic,656,0.530013,0.014527,10.903668
timesfm25,traffic,657,0.557164,0.015514,13.319744
timesfm25,traffic,658,0.292769,0.004698,8.105565
timesfm25,traffic,659,0.610425,0.020607,10.294508
timesfm25,traffic,66,0.110752,0.002164,4.389775
timesfm25,traffic,660,0.331447,0.014439,7.169575
timesfm25,traffic,661,0.475024,0.021635,9.883736
timesfm25,traffic,662,0.638686,0.01119,9.575665
timesfm25,traffic,663,0.208355,0.002171,4.411642
timesfm25,traffic,664,0.376483,0.009884,7.282572
timesfm25,traffic,665,0.640821,0.035644,9.90801
timesfm25,traffic,666,0.456163,0.007046,7.132493
timesfm25,traffic,667,0.577782,0.008629,31.198227
timesfm25,traffic,668,0.134667,0.001715,4.046999
timesfm25,traffic,669,0.629183,0.011055,10.641074
timesfm25,traffic,67,0.626965,0.029082,19.020992
timesfm25,traffic,670,1.226547,0.01529,47.188786
timesfm25,traffic,671,0.36156,0.003207,8.625774
timesfm25,traffic,672,0.516713,0.012007,23.580317
timesfm25,traffic,673,0.577535,0.023122,14.205992
timesfm25,traffic,674,0.778853,0.033174,18.326815
timesfm25,traffic,675,1.471655,0.022536,65.463654
timesfm25,traffic,676,0.224069,0.001549,3.419706
timesfm25,traffic,677,0.85379,0.012447,22.591059
timesfm25,traffic,678,0.920072,0.015413,17.943438
timesfm25,traffic,679,0.395339,0.003592,9.358896
timesfm25,traffic,68,0.246163,0.002951,21.488749
timesfm25,traffic,680,0.837142,0.052229,18.329075
timesfm25,traffic,681,0.696223,0.034726,14.646104
timesfm25,traffic,682,0.643284,0.024407,15.753282
timesfm25,traffic,683,0.40394,0.004513,7.868955
timesfm25,traffic,684,0.343355,0.009466,10.323798
timesfm25,traffic,685,0.883353,0.026824,18.887716
timesfm25,traffic,686,0.324971,0.009294,9.823898
timesfm25,traffic,687,0.513336,0.015196,10.497145
timesfm25,traffic,688,0.444442,0.028747,15.166534
timesfm25,traffic,689,0.84635,0.02229,37.792103
timesfm25,traffic,69,0.972835,0.057702,34.783413
timesfm25,traffic,690,0.928138,0.030517,46.388691
timesfm25,traffic,691,0.32949,0.007401,7.943932
timesfm25,traffic,692,0.196066,0.001412,4.791584
timesfm25,traffic,693,0.851749,0.073677,26.498947
timesfm25,traffic,694,0.935281,0.015437,18.866247
timesfm25,traffic,695,0.538796,0.030037,11.928093
timesfm25,traffic,696,1.050636,0.020485,15.591489
timesfm25,traffic,697,0.748869,0.015475,25.638933
timesfm25,traffic,698,0.733345,0.018839,17.454063
timesfm25,traffic,699,0.367134,0.0042,6.758678
timesfm25,traffic,7,0.401289,0.012687,25.042654
timesfm25,traffic,70,0.386409,0.006657,6.370916
timesfm25,traffic,700,5.793709,0.075728,56.423992
timesfm25,traffic,701,0.706565,0.080001,21.972025
timesfm25,traffic,702,0.459535,0.004081,10.53944
timesfm25,traffic,703,0.391874,0.007121,11.969484
timesfm25,traffic,704,0.682143,0.01875,16.667009
timesfm25,traffic,705,0.449875,0.011205,14.164553
timesfm25,traffic,706,0.310045,0.004807,33.181667
timesfm25,traffic,707,0.437526,0.018549,29.623362
timesfm25,traffic,708,0.586967,0.013412,12.159649
timesfm25,traffic,709,0.797942,0.023784,16.8452
timesfm25,traffic,71,0.373889,0.010862,12.868861
timesfm25,traffic,710,1.051631,0.029657,52.134712
timesfm25,traffic,711,0.980197,0.031307,15.222323
timesfm25,traffic,712,0.444093,0.011602,35.121738
timesfm25,traffic,713,0.503503,0.009541,14.558489
timesfm25,traffic,714,0.331991,0.002191,43.830853
timesfm25,traffic,715,0.588743,0.019501,12.561685
timesfm25,traffic,716,0.497351,0.005464,54.30262
timesfm25,traffic,717,0.539998,0.01959,11.16152
timesfm25,traffic,718,0.352594,0.025196,14.293907
timesfm25,traffic,719,0.392342,0.004169,7.441624
timesfm25,traffic,72,0.410055,0.004384,6.750478
timesfm25,traffic,720,0.324941,0.002309,8.989836
timesfm25,traffic,721,0.389281,0.004732,30.268892
timesfm25,traffic,722,0.336179,0.010242,43.880726
timesfm25,traffic,723,0.182012,0.002184,8.543768
timesfm25,traffic,724,5.54792,0.056848,42.636806
timesfm25,traffic,725,0.355703,0.007293,5.734634
timesfm25,traffic,726,0.367898,0.005035,6.57624
timesfm25,traffic,727,0.434302,0.009595,16.171423
timesfm25,traffic,728,0.729824,0.017144,20.348667
timesfm25,traffic,729,0.56592,0.023796,13.125031
timesfm25,traffic,73,0.598547,0.015251,44.561554
timesfm25,traffic,730,0.635385,0.004541,9.996465
timesfm25,traffic,731,0.31086,0.004603,8.255735
timesfm25,traffic,732,0.692485,0.028359,19.057785
timesfm25,traffic,733,0.449869,0.003616,6.832196
timesfm25,traffic,734,0.430687,0.015972,9.898679
timesfm25,traffic,735,0.425862,0.003934,5.876498
timesfm25,traffic,736,0.882409,0.019572,66.448441
timesfm25,traffic,737,0.120796,0.00485,9.51724
timesfm25,traffic,738,0.460045,0.009537,10.323285
timesfm25,traffic,739,0.633769,0.012365,20.026247
timesfm25,traffic,74,0.477598,0.013505,16.044346
timesfm25,traffic,740,0.869058,0.018705,42.340519
timesfm25,traffic,741,1.599472,0.013653,42.17675
timesfm25,traffic,742,2.499223,0.051901,46.654087
timesfm25,traffic,743,2.656338,0.064454,40.106792
timesfm25,traffic,744,0.448129,0.013045,8.409648
timesfm25,traffic,745,1.521649,0.052504,26.316502
timesfm25,traffic,746,1.547189,0.050635,23.638294
timesfm25,traffic,747,0.758644,0.035273,23.97476
timesfm25,traffic,748,0.91023,0.022025,16.152781
timesfm25,traffic,749,0.318954,0.01288,9.084773
timesfm25,traffic,75,0.381221,0.007589,9.283778
timesfm25,traffic,750,0.315811,0.001511,14.515214
timesfm25,traffic,751,0.48629,0.002132,47.293335
timesfm25,traffic,752,0.370473,0.001243,8.565453
timesfm25,traffic,753,0.336067,0.001221,18.495377
timesfm25,traffic,754,0.383873,0.009916,28.194235
timesfm25,traffic,755,0.435398,0.006368,5.719754
timesfm25,traffic,756,0.42437,0.006991,6.486213
timesfm25,traffic,757,0.294845,0.006572,8.013743
timesfm25,traffic,758,0.387119,0.013416,8.634436
timesfm25,traffic,759,0.303958,0.005582,8.685472
timesfm25,traffic,76,0.434959,0.01617,17.607693
timesfm25,traffic,760,0.635944,0.022703,15.056516
timesfm25,traffic,761,0.321455,0.005141,7.521816
timesfm25,traffic,762,0.6651,0.018561,19.138493
timesfm25,traffic,763,0.511576,0.015783,13.805647
timesfm25,traffic,764,0.401859,0.004607,6.504726
timesfm25,traffic,765,0.412829,0.004528,6.97542
timesfm25,traffic,766,0.388799,0.013536,11.534689
timesfm25,traffic,767,0.350614,0.008203,6.879482
timesfm25,traffic,768,0.673744,0.037818,18.709848
timesfm25,traffic,769,0.553912,0.032543,13.211928
timesfm25,traffic,77,0.376515,0.021543,15.844796
timesfm25,traffic,770,0.574793,0.033374,13.532834
timesfm25,traffic,771,0.476784,0.019089,9.59009
timesfm25,traffic,772,0.566843,0.02502,13.702237
timesfm25,traffic,773,0.231026,0.009176,9.402146
timesfm25,traffic,774,0.866384,0.033325,41.885223
timesfm25,traffic,775,1.557139,0.027487,24.747431
timesfm25,traffic,776,0.297597,0.005456,28.988565
timesfm25,traffic,777,1.331986,0.020134,20.695757
timesfm25,traffic,778,0.312116,0.004026,6.592186
timesfm25,traffic,779,0.656579,0.01836,15.926983
timesfm25,traffic,78,0.888279,0.006769,18.748642
timesfm25,traffic,780,0.313231,0.006234,8.236513
timesfm25,traffic,781,0.322719,0.008124,7.928518
timesfm25,traffic,782,0.349257,0.0083,7.381177
timesfm25,traffic,783,0.9045,0.060689,16.842995
timesfm25,traffic,784,0.27658,0.005483,8.276322
timesfm25,traffic,785,0.418702,0.019052,12.881592
timesfm25,traffic,786,0.442797,0.020186,11.090096
timesfm25,traffic,787,1.15069,0.01921,18.664484
timesfm25,traffic,788,0.82139,0.025116,10.024583
timesfm25,traffic,789,0.771857,0.019429,23.717043
timesfm25,traffic,79,0.670082,0.031164,17.723972
timesfm25,traffic,790,0.204248,0.002725,7.088109
timesfm25,traffic,791,0.636005,0.039211,17.533815
timesfm25,traffic,792,0.35521,0.007302,20.54738
timesfm25,traffic,793,0.701423,0.027444,19.469177
timesfm25,traffic,794,0.566345,0.01932,13.135867
timesfm25,traffic,795,1.006516,0.042106,10.830946
timesfm25,traffic,796,0.816983,0.053529,16.702387
timesfm25,traffic,797,0.606323,0.029586,12.680379
timesfm25,traffic,798,0.856208,0.052791,31.781118
timesfm25,traffic,799,0.424348,0.00713,10.893463
timesfm25,traffic,8,0.91174,0.019458,11.91527
timesfm25,traffic,80,0.839753,0.005531,12.34041
timesfm25,traffic,800,0.128806,0.001715,4.046999
timesfm25,traffic,801,0.508829,0.026419,14.737309
timesfm25,traffic,802,0.389196,0.004189,9.130957
timesfm25,traffic,803,0.428758,0.02255,15.650352
timesfm25,traffic,804,0.568587,0.027911,15.095647
timesfm25,traffic,805,0.301649,0.003495,6.177185
timesfm25,traffic,806,0.338489,0.006629,8.003019
timesfm25,traffic,807,0.892306,0.047534,19.412306
timesfm25,traffic,808,0.616521,0.027705,21.448414
timesfm25,traffic,809,0.274789,0.007117,9.077443
timesfm25,traffic,81,0.685056,0.019691,12.570452
timesfm25,traffic,810,0.622587,0.023347,13.655207
timesfm25,traffic,811,0.282293,0.004617,7.755758
timesfm25,traffic,812,0.270804,0.004769,6.567604
timesfm25,traffic,813,0.768465,0.03234,20.294052
timesfm25,traffic,814,0.613105,0.034223,17.541622
timesfm25,traffic,815,0.537619,0.020374,10.711909
timesfm25,traffic,816,0.566999,0.013819,11.762948
timesfm25,traffic,817,1.659075,0.0152,20.170279
timesfm25,traffic,818,0.24056,0.003101,4.589109
timesfm25,traffic,819,0.418456,0.017572,15.033234
timesfm25,traffic,82,0.555031,0.013381,11.389601
timesfm25,traffic,820,0.384906,0.005029,8.86175
timesfm25,traffic,821,0.312722,0.003493,6.441772
timesfm25,traffic,822,0.097745,0.002967,6.545843
timesfm25,traffic,823,0.260583,0.002333,6.706903
timesfm25,traffic,824,0.40191,0.009259,9.511356
timesfm25,traffic,825,0.891252,0.021328,117.015251
timesfm25,traffic,826,2.170029,0.022387,107.369225
timesfm25,traffic,827,0.820636,0.022169,44.682938
timesfm25,traffic,828,0.237232,0.004752,5.628832
timesfm25,traffic,829,0.277682,0.005827,8.193766
timesfm25,traffic,83,0.380332,0.003297,6.497038
timesfm25,traffic,830,0.106126,0.002164,4.389775
timesfm25,traffic,831,0.461448,0.00367,6.941728
timesfm25,traffic,832,0.620442,0.016795,8.39615
timesfm25,traffic,833,1.210077,0.03652,23.686819
timesfm25,traffic,834,0.650954,0.017509,12.377854
timesfm25,traffic,835,0.70745,0.011534,9.514684
timesfm25,traffic,836,0.537802,0.01118,9.542155
timesfm25,traffic,837,0.414495,0.019539,15.597177
timesfm25,traffic,838,0.329213,0.003049,5.960762
timesfm25,traffic,839,0.890021,0.037523,20.805447
timesfm25,traffic,84,0.410444,0.00996,20.233864
timesfm25,traffic,840,10.456688,0.186101,95.197227
timesfm25,traffic,841,0.43206,0.003958,6.845804
timesfm25,traffic,842,0.380463,0.004346,6.616314
timesfm25,traffic,843,2.422789,0.051825,32.180462
timesfm25,traffic,844,0.8165,0.016385,9.505565
timesfm25,traffic,845,0.376972,0.009238,16.967733
timesfm25,traffic,846,0.379468,0.009999,11.961672
timesfm25,traffic,847,0.427984,0.012363,15.063871
timesfm25,traffic,848,0.499902,0.015994,20.439987
timesfm25,traffic,849,0.3209,0.012216,12.298922
timesfm25,traffic,85,0.612245,0.015061,17.462929
timesfm25,traffic,850,0.236996,0.005175,6.38087
timesfm25,traffic,851,0.120069,0.003083,32.017841
timesfm25,traffic,852,0.305756,0.00149,13.049156
timesfm25,traffic,853,0.357189,0.001965,9.252278
timesfm25,traffic,854,0.838467,0.011368,50.306999
timesfm25,traffic,855,1.475897,0.016511,32.161102
timesfm25,traffic,856,0.306184,0.001677,6.905323
timesfm25,traffic,857,0.377852,0.002106,6.224432
timesfm25,traffic,858,0.298933,0.002264,6.79178
timesfm25,traffic,859,0.264203,0.002368,6.403141
timesfm25,traffic,86,0.682338,0.026118,19.086414
timesfm25,traffic,860,1.293852,0.009092,19.837214
timesfm25,traffic,87,0.650339,0.028023,15.591284
timesfm25,traffic,88,0.709863,0.009123,12.810887
timesfm25,traffic,89,0.548997,0.023823,16.097269
timesfm25,traffic,9,0.510889,0.036252,28.811256
timesfm25,traffic,90,0.722695,0.016931,17.15057
timesfm25,traffic,91,1.552368,0.025314,89.649048
timesfm25,traffic,92,0.339695,0.002675,32.035244
timesfm25,traffic,93,0.476034,0.026167,7.607349
timesfm25,traffic,94,0.703249,0.012634,15.235479
timesfm25,traffic,95,0.284471,0.010617,10.240406
timesfm25,traffic,96,0.579162,0.016438,16.233212
timesfm25,traffic,97,1.127997,0.050884,61.143044
timesfm25,traffic,98,0.474182,0.020249,15.874578
timesfm25,traffic,99,0.253165,0.002722,6.00782
timesfm25,traffic,OT,0.422202,0.002713,6.731873
chronos,traffic,0,0.218339,0.010897,7.367845
chronos,traffic,1,0.325265,0.01614,8.410422
chronos,traffic,10,0.492752,0.015804,16.06102
chronos,traffic,100,1.01249,0.021435,19.051842
chronos,traffic,101,0.398237,0.003437,7.067421
chronos,traffic,102,0.327625,0.003146,5.577321
chronos,traffic,103,0.395382,0.006377,7.418664
chronos,traffic,104,0.609773,0.017763,13.403493
chronos,traffic,105,0.540737,0.019176,12.59623
chronos,traffic,106,0.415464,0.011715,10.543488
chronos,traffic,107,0.714497,0.030856,14.431813
chronos,traffic,108,0.705079,0.033282,15.370509
chronos,traffic,109,0.370587,0.017948,12.031721
chronos,traffic,11,0.265608,0.010396,5.877676
chronos,traffic,110,0.298135,0.010611,6.838348
chronos,traffic,111,0.372999,0.008513,10.948922
chronos,traffic,112,0.532957,0.016317,8.486234
chronos,traffic,113,0.41365,0.005464,8.059148
chronos,traffic,114,0.427818,0.016014,9.204792
chronos,traffic,115,6.699161,0.070347,57.699383
chronos,traffic,116,0.784791,0.031357,13.607669
chronos,traffic,117,0.362615,0.002912,8.042364
chronos,traffic,118,0.443713,0.003212,8.116525
chronos,traffic,119,0.945339,0.044949,25.669306
chronos,traffic,12,0.22212,0.007167,7.199566
chronos,traffic,120,0.745768,0.01548,44.353691
chronos,traffic,121,0.543525,0.032399,8.427812
chronos,traffic,122,1.122913,0.025098,36.846947
chronos,traffic,123,0.392141,0.016932,7.421596
chronos,traffic,124,0.278123,0.00973,6.209689
chronos,traffic,125,0.358484,0.009105,6.829894
chronos,traffic,126,0.469551,0.007769,33.532814
chronos,traffic,127,2.361677,0.04407,78.881638
chronos,traffic,128,0.265169,0.004217,8.089516
chronos,traffic,129,0.621889,0.013344,7.682562
chronos,traffic,13,0.567179,0.013616,9.368834
chronos,traffic,130,1.546334,0.059286,48.406429
chronos,traffic,131,0.378459,0.025791,10.957844
chronos,traffic,132,0.491835,0.021179,8.973855
chronos,traffic,133,0.219683,0.0066,10.052166
chronos,traffic,134,0.166486,0.002143,5.483353
chronos,traffic,135,0.937431,0.047563,19.951981
chronos,traffic,136,0.364737,0.004444,8.162349
chronos,traffic,137,0.453083,0.01243,9.170555
chronos,traffic,138,1.107209,0.048791,81.515442
chronos,traffic,139,0.2869,0.013143,8.391358
chronos,traffic,14,0.858845,0.046904,18.520546
chronos,traffic,140,1.962306,0.02797,84.64566
chronos,traffic,141,0.263206,0.005464,7.870574
chronos,traffic,142,0.66521,0.014009,8.224376
chronos,traffic,143,0.389821,0.004589,8.75281
chronos,traffic,144,0.814834,0.017335,35.081367
chronos,traffic,145,0.668445,0.022584,20.490965
chronos,traffic,146,0.31055,0.008053,8.76683
chronos,traffic,147,0.35952,0.017845,10.194661
chronos,traffic,148,0.504782,0.021174,9.965369
chronos,traffic,149,0.614209,0.022857,14.515506
chronos,traffic,15,0.341718,0.015322,6.608149
chronos,traffic,150,0.70189,0.048132,18.336361
chronos,traffic,151,1.212403,0.033207,36.455467
chronos,traffic,152,0.369652,0.009234,10.792665
chronos,traffic,153,0.295861,0.011106,8.67545
chronos,traffic,154,0.487996,0.010146,55.354561
chronos,traffic,155,1.244876,0.018355,29.077511
chronos,traffic,156,0.430652,0.005045,8.468146
chronos,traffic,157,0.817505,0.036934,23.048948
chronos,traffic,158,0.330798,0.00784,7.31274
chronos,traffic,159,1.216708,0.030404,12.03689
chronos,traffic,16,0.417179,0.007107,7.853839
chronos,traffic,160,0.772982,0.039077,13.626709
chronos,traffic,161,0.506717,0.030047,13.226667
chronos,traffic,162,0.670191,0.024524,13.00101
chronos,traffic,163,0.337041,0.009059,6.275045
chronos,traffic,164,1.199565,0.070162,16.594244
chronos,traffic,165,1.041516,0.021704,13.725563
chronos,traffic,166,0.461516,0.01606,9.526944
chronos,traffic,167,0.45561,0.013185,7.861833
chronos,traffic,168,0.358766,0.026622,11.804583
chronos,traffic,169,0.469772,0.018716,9.305372
chronos,traffic,17,0.372975,0.017271,9.282036
chronos,traffic,170,0.579231,0.019146,14.846241
chronos,traffic,171,0.897063,0.054995,26.686424
chronos,traffic,172,0.555646,0.017264,23.908588
chronos,traffic,173,0.983852,0.011524,18.95484
chronos,traffic,174,0.490297,0.004683,8.182689
chronos,traffic,175,0.280465,0.007842,6.660516
chronos,traffic,176,0.424724,0.00274,28.701933
chronos,traffic,177,0.479463,0.019296,12.261469
chronos,traffic,178,0.593275,0.020306,15.582784
chronos,traffic,179,0.286411,0.003419,4.928882
chronos,traffic,18,0.488539,0.008481,7.54623
chronos,traffic,180,0.3743,0.034105,11.179138
chronos,traffic,181,0.650612,0.005185,12.773276
chronos,traffic,182,0.412276,0.014029,7.425649
chronos,traffic,183,0.342836,0.004078,6.165888
chronos,traffic,184,0.434432,0.004947,7.917665
chronos,traffic,185,0.74406,0.023709,16.467352
chronos,traffic,186,0.42754,0.007194,9.557772
chronos,traffic,187,0.922671,0.060186,19.135191
chronos,traffic,188,0.624181,0.036952,25.081747
chronos,traffic,189,0.32145,0.018847,9.892799
chronos,traffic,19,0.615808,0.036165,13.583335
chronos,traffic,190,0.332468,0.004899,7.059834
chronos,traffic,191,0.400541,0.019641,7.813719
chronos,traffic,192,0.433072,0.014343,10.593384
chronos,traffic,193,1.612087,0.048699,20.392208
chronos,traffic,194,0.548274,0.022513,12.860064
chronos,traffic,195,0.357625,0.015516,8.104035
chronos,traffic,196,0.916636,0.062035,17.307146
chronos,traffic,197,0.415297,0.007198,10.143764
chronos,traffic,198,1.174609,0.062838,23.686474
chronos,traffic,199,0.438138,0.006377,12.488148
chronos,traffic,2,0.832028,0.049627,21.684042
chronos,traffic,20,0.537301,0.008638,9.529418
chronos,traffic,200,0.446436,0.017121,10.605354
chronos,traffic,201,0.459334,0.013177,20.425072
chronos,traffic,202,0.671974,0.024063,15.704262
chronos,traffic,203,0.701592,0.035289,13.409893
chronos,traffic,204,0.289569,0.005344,8.702105
chronos,traffic,205,0.240344,0.002427,7.720854
chronos,traffic,206,1.311422,0.036131,41.384632
chronos,traffic,207,0.497066,0.013846,9.81865
chronos,traffic,208,0.669268,0.044892,10.845715
chronos,traffic,209,0.498474,0.022921,10.550164
chronos,traffic,21,0.748191,0.036756,14.923927
chronos,traffic,210,0.624481,0.01162,10.196919
chronos,traffic,211,0.589999,0.021421,18.179428
chronos,traffic,212,0.448106,0.016397,10.586922
chronos,traffic,213,0.38925,0.012122,9.534523
chronos,traffic,214,0.368608,0.005623,8.455644
chronos,traffic,215,0.357525,0.009669,21.253525
chronos,traffic,216,0.413578,0.020144,10.028454
chronos,traffic,217,0.373933,0.02682,7.5726
chronos,traffic,218,1.071625,0.02159,16.987871
chronos,traffic,219,0.532763,0.033894,11.867921
chronos,traffic,22,0.467663,0.016946,7.645925
chronos,traffic,220,0.425371,0.024974,13.575032
chronos,traffic,221,0.394979,0.020023,12.633484
chronos,traffic,222,0.384549,0.017626,7.893342
chronos,traffic,223,0.488836,0.009316,12.45682
chronos,traffic,224,0.733063,0.011185,16.975906
chronos,traffic,225,0.255318,0.016052,10.250244
chronos,traffic,226,1.159006,0.061467,29.291382
chronos,traffic,227,0.800754,0.042169,16.446867
chronos,traffic,228,0.223627,0.008308,13.873067
chronos,traffic,229,0.747683,0.053069,18.78245
chronos,traffic,23,0.603224,0.036278,14.046471
chronos,traffic,230,1.380205,0.096015,33.610527
chronos,traffic,231,0.594355,0.029878,11.600771
chronos,traffic,232,1.130773,0.021239,24.242264
chronos,traffic,233,1.203351,0.054679,28.857864
chronos,traffic,234,0.587375,0.022949,8.489924
chronos,traffic,235,0.889433,0.044562,19.384531
chronos,traffic,236,0.248195,0.00829,6.984576
chronos,traffic,237,0.570817,0.009207,10.31179
chronos,traffic,238,0.562501,0.010688,24.968988
chronos,traffic,239,0.481995,0.013222,7.479226
chronos,traffic,24,0.362324,0.021102,11.811178
chronos,traffic,240,0.47456,0.013104,8.364882
chronos,traffic,241,0.350751,0.012543,10.984624
chronos,traffic,242,0.64137,0.013223,14.681078
chronos,traffic,243,0.307977,0.011044,6.957154
chronos,traffic,244,0.822343,0.074414,47.392544
chronos,traffic,245,0.461837,0.015609,16.665499
chronos,traffic,246,0.496759,0.024838,9.559442
chronos,traffic,247,0.705691,0.032655,14.174755
chronos,traffic,248,0.206688,0.005983,6.740427
chronos,traffic,249,1.36373,0.071372,24.766258
chronos,traffic,25,0.692697,0.036317,12.891108
chronos,traffic,250,1.100146,0.046506,20.391611
chronos,traffic,251,0.511281,0.033634,7.699299
chronos,traffic,252,1.19153,0.047752,21.955185
chronos,traffic,253,0.412963,0.015672,8.024181
chronos,traffic,254,0.514802,0.009695,10.380075
chronos,traffic,255,0.666315,0.011022,11.377133
chronos,traffic,256,0.374896,0.006694,9.706251
chronos,traffic,257,0.467206,0.007416,8.487809
chronos,traffic,258,0.962438,0.012461,18.871628
chronos,traffic,259,0.416995,0.014394,7.938372
chronos,traffic,26,0.335123,0.008985,7.827523
chronos,traffic,260,0.307338,0.006376,7.837393
chronos,traffic,261,0.336753,0.00705,6.330394
chronos,traffic,262,1.229757,0.026993,54.052826
chronos,traffic,263,0.342137,0.009945,8.495044
chronos,traffic,264,0.730586,0.041463,15.776501
chronos,traffic,265,0.512064,0.006786,9.548677
chronos,traffic,266,1.463179,0.065274,26.08378
chronos,traffic,267,0.515207,0.007685,9.115565
chronos,traffic,268,0.277082,0.008441,8.264305
chronos,traffic,269,0.680963,0.044624,17.39562
chronos,traffic,27,0.492895,0.038572,15.496268
chronos,traffic,270,0.793768,0.052352,13.966133
chronos,traffic,271,0.965855,0.044442,18.114735
chronos,traffic,272,0.254957,0.002829,5.646118
chronos,traffic,273,0.620254,0.040165,14.150709
chronos,traffic,274,0.403314,0.014471,34.390839
chronos,traffic,275,0.374309,0.012608,8.517189
chronos,traffic,276,0.590066,0.016835,13.318859
chronos,traffic,277,0.508713,0.032257,11.855415
chronos,traffic,278,0.505538,0.04239,11.61086
chronos,traffic,279,0.715456,0.036195,14.778647
chronos,traffic,28,0.431762,0.013311,8.908214
chronos,traffic,280,0.438116,0.005207,7.887194
chronos,traffic,281,0.278592,0.004001,7.168998
chronos,traffic,282,0.269269,0.004893,12.153267
chronos,traffic,283,0.627707,0.025056,12.42415
chronos,traffic,284,0.506188,0.017465,13.836656
chronos,traffic,285,0.38451,0.025857,9.901743
chronos,traffic,286,1.063116,0.046246,22.700129
chronos,traffic,287,0.674738,0.031235,16.599884
chronos,traffic,288,1.208322,0.0664,30.19894
chronos,traffic,289,0.783867,0.042714,15.885678
chronos,traffic,29,0.873484,0.028064,11.032534
chronos,traffic,290,0.593358,0.022637,13.828288
chronos,traffic,291,0.35979,0.009519,7.261523
chronos,traffic,292,0.301783,0.009715,8.094274
chronos,traffic,293,0.641376,0.013488,13.562999
chronos,traffic,294,1.289969,0.035751,42.784107
chronos,traffic,295,0.788374,0.036546,14.648815
chronos,traffic,296,0.439001,0.010667,7.716123
chronos,traffic,297,0.667734,0.026219,20.98749
chronos,traffic,298,0.141545,0.00519,9.882821
chronos,traffic,299,0.555414,0.04192,12.688083
chronos,traffic,3,0.287508,0.005311,6.802649
chronos,traffic,30,0.365338,0.013427,7.958503
chronos,traffic,300,0.59185,0.009548,11.930867
chronos,traffic,301,0.295385,0.006879,9.881538
chronos,traffic,302,0.560663,0.003174,10.355466
chronos,traffic,303,0.585167,0.01728,9.943804
chronos,traffic,304,1.20271,0.068024,22.372995
chronos,traffic,305,1.039016,0.06279,26.164906
chronos,traffic,306,0.278611,0.006966,8.019125
chronos,traffic,307,0.623941,0.009973,14.059915
chronos,traffic,308,0.386808,0.021854,8.93737
chronos,traffic,309,0.324402,0.003296,5.745465
chronos,traffic,31,0.555545,0.031778,11.23129
chronos,traffic,310,1.49591,0.098586,28.931007
chronos,traffic,311,0.702011,0.017752,16.235817
chronos,traffic,312,0.665334,0.033668,14.774031
chronos,traffic,313,0.461094,0.011132,9.622575
chronos,traffic,314,0.116373,0.004013,10.122731
chronos,traffic,315,0.159005,0.006343,6.639353
chronos,traffic,316,0.82379,0.042832,21.400171
chronos,traffic,317,0.835252,0.037864,15.350586
chronos,traffic,318,0.583788,0.037071,13.998862
chronos,traffic,319,0.319844,0.012172,8.675427
chronos,traffic,32,0.455068,0.014767,12.605235
chronos,traffic,320,1.20629,0.065158,19.97374
chronos,traffic,321,0.323802,0.002786,6.206228
chronos,traffic,322,0.692449,0.034159,9.739023
chronos,traffic,323,0.955063,0.015679,45.087303
chronos,traffic,324,0.900665,0.046801,24.684494
chronos,traffic,325,0.662298,0.035342,11.572591
chronos,traffic,326,0.57301,0.043164,13.822582
chronos,traffic,327,1.017961,0.014101,12.357236
chronos,traffic,328,0.378141,0.017402,19.468332
chronos,traffic,329,0.66441,0.049573,20.175474
chronos,traffic,33,0.910022,0.042818,16.690319
chronos,traffic,330,0.937477,0.04269,19.362238
chronos,traffic,331,0.529729,0.032826,18.162655
chronos,traffic,332,0.711291,0.02749,25.010498
chronos,traffic,333,0.240197,0.005003,6.018959
chronos,traffic,334,0.811548,0.043586,19.348017
chronos,traffic,335,0.583003,0.017876,20.864971
chronos,traffic,336,0.4654,0.004973,7.464889
chronos,traffic,337,0.741291,0.012315,15.630003
chronos,traffic,338,0.611135,0.026862,14.15684
chronos,traffic,339,0.468452,0.033215,8.325511
chronos,traffic,34,0.253681,0.002865,5.741962
chronos,traffic,340,0.307803,0.003542,5.50163
chronos,traffic,341,0.942849,0.008336,29.687166
chronos,traffic,342,0.375933,0.015289,12.447695
chronos,traffic,343,0.514156,0.016594,9.587153
chronos,traffic,344,0.375877,0.017651,7.159482
chronos,traffic,345,1.000047,0.012819,24.945763
chronos,traffic,346,0.677574,0.034069,14.723607
chronos,traffic,347,0.362127,0.011039,7.350712
chronos,traffic,348,0.326694,0.007793,7.069486
chronos,traffic,349,0.434144,0.019776,9.081841
chronos,traffic,35,0.247747,0.002792,4.325037
chronos,traffic,350,0.390755,0.022626,9.164686
chronos,traffic,351,0.499382,0.015393,54.315941
chronos,traffic,352,1.130355,0.070119,22.078169
chronos,traffic,353,0.558055,0.034073,10.152446
chronos,traffic,354,1.076916,0.059381,15.678679
chronos,traffic,355,0.587463,0.022691,13.69761
chronos,traffic,356,0.446592,0.012141,17.843344
chronos,traffic,357,0.448396,0.006801,22.82482
chronos,traffic,358,0.406934,0.003587,7.06294
chronos,traffic,359,0.567811,0.020453,10.110266
chronos,traffic,36,0.370007,0.003116,9.697816
chronos,traffic,360,0.359983,0.008391,6.996063
chronos,traffic,361,0.297813,0.008392,7.710368
chronos,traffic,362,0.415854,0.005484,14.294168
chronos,traffic,363,0.240161,0.007656,9.14488
chronos,traffic,364,0.475701,0.025194,9.101305
chronos,traffic,365,6.27562,0.069045,200.0
chronos,traffic,366,0.496848,0.044075,14.851796
chronos,traffic,367,0.383388,0.008072,7.599357
chronos,traffic,368,0.599327,0.00534,25.732855
chronos,traffic,369,0.736128,0.027447,12.11297
chronos,traffic,37,1.079852,0.069001,18.645884
chronos,traffic,370,0.513006,0.008046,31.471518
chronos,traffic,371,0.283419,0.003561,8.652832
chronos,traffic,372,0.575959,0.013224,11.778729
chronos,traffic,373,0.359409,0.016145,10.132749
chronos,traffic,374,0.410338,0.019706,8.305675
chronos,traffic,375,1.01216,0.044551,27.253452
chronos,traffic,376,0.84466,0.037215,18.122787
chronos,traffic,377,0.582519,0.011142,12.964924
chronos,traffic,378,0.519019,0.018811,9.467861
chronos,traffic,379,0.57054,0.024793,18.68627
chronos,traffic,38,0.324038,0.004377,7.812554
chronos,traffic,380,1.125128,0.042099,37.566296
chronos,traffic,381,0.544531,0.017261,13.32119
chronos,traffic,382,0.778684,0.060237,12.068689
chronos,traffic,383,2.715424,0.038744,123.643692
chronos,traffic,384,0.788693,0.049455,13.21165
chronos,traffic,385,0.373682,0.012689,9.769442
chronos,traffic,386,0.294784,0.004829,7.247506
chronos,traffic,387,0.317826,0.016014,8.748485
chronos,traffic,388,0.301103,0.004375,7.813086
chronos,traffic,389,0.733397,0.01036,38.20993
chronos,traffic,39,0.643244,0.008653,9.871881
chronos,traffic,390,0.700625,0.057133,24.313877
chronos,traffic,391,1.170963,0.083237,32.086761
chronos,traffic,392,0.403558,0.005157,8.789168
chronos,traffic,393,0.170853,0.007372,8.989617
chronos,traffic,394,0.455438,0.025884,13.634652
chronos,traffic,395,0.358608,0.018853,8.43933
chronos,traffic,396,0.420913,0.008732,8.031033
chronos,traffic,397,1.29308,0.093884,32.488579
chronos,traffic,398,1.031598,0.046884,15.708665
chronos,traffic,399,0.822798,0.049361,15.785295
chronos,traffic,4,0.459281,0.01299,14.128402
chronos,traffic,40,0.349426,0.006562,8.944844
chronos,traffic,400,0.679177,0.013163,54.031506
chronos,traffic,401,0.703723,0.041169,12.769376
chronos,traffic,402,0.72281,0.050507,67.945244
chronos,traffic,403,0.545843,0.043127,13.177638
chronos,traffic,404,0.328803,0.012265,7.893168
chronos,traffic,405,0.356423,0.004761,23.923443
chronos,traffic,406,1.268407,0.141086,33.101982
chronos,traffic,407,0.764498,0.01088,18.534746
chronos,traffic,408,1.296851,0.018263,141.027328
chronos,traffic,409,0.318712,0.007415,7.91826
chronos,traffic,41,0.489035,0.020313,9.712977
chronos,traffic,410,0.481519,0.00908,12.809349
chronos,traffic,411,0.609383,0.0081,10.200626
chronos,traffic,412,0.419983,0.023349,10.770238
chronos,traffic,413,0.744671,0.056735,13.662214
chronos,traffic,414,0.418292,0.004766,6.628927
chronos,traffic,415,0.629965,0.007058,9.289467
chronos,traffic,416,0.391212,0.012789,7.584717
chronos,traffic,417,0.351132,0.003044,13.061407
chronos,traffic,418,0.378611,0.023076,8.153923
chronos,traffic,419,0.374979,0.007877,6.781211
chronos,traffic,42,0.423443,0.003604,6.081284
chronos,traffic,420,0.311566,0.012991,7.011998
chronos,traffic,421,0.268785,0.007623,7.813112
chronos,traffic,422,0.40116,0.00834,9.749581
chronos,traffic,423,0.812347,0.028409,16.729868
chronos,traffic,424,0.687201,0.035375,13.005043
chronos,traffic,425,0.160675,0.002862,6.974473
chronos,traffic,426,0.424089,0.019269,8.650221
chronos,traffic,427,0.847087,0.042285,17.223759
chronos,traffic,428,0.331344,0.008329,7.324244
chronos,traffic,429,0.388032,0.012853,13.440374
chronos,traffic,43,0.525321,0.028691,11.864806
chronos,traffic,430,0.54734,0.042915,12.886361
chronos,traffic,431,0.545377,0.022229,13.643901
chronos,traffic,432,0.525073,0.017904,20.909191
chronos,traffic,433,1.044882,0.050528,21.768732
chronos,traffic,434,0.51407,0.021045,8.166203
chronos,traffic,435,0.459726,0.024409,9.395855
chronos,traffic,436,0.800984,0.024348,19.73785
chronos,traffic,437,0.553117,0.02342,13.497559
chronos,traffic,438,0.55599,0.008551,14.439433
chronos,traffic,439,0.248155,0.0051,5.559413
chronos,traffic,44,0.159145,0.004105,7.869086
chronos,traffic,440,1.048639,0.009778,13.626534
chronos,traffic,441,0.366911,0.003283,7.064164
chronos,traffic,442,0.310735,0.008564,6.712119
chronos,traffic,443,0.841419,0.039371,20.746531
chronos,traffic,444,0.459895,0.011175,51.200043
chronos,traffic,445,0.613414,0.022586,10.042732
chronos,traffic,446,0.503263,0.022046,24.935246
chronos,traffic,447,0.186233,0.005854,9.256306
chronos,traffic,448,1.003317,0.059889,22.708952
chronos,traffic,449,0.697726,0.0282,17.571617
chronos,traffic,45,0.632081,0.030558,59.302387
chronos,traffic,450,0.436489,0.005157,6.848084
chronos,traffic,451,0.330273,0.004677,6.362414
chronos,traffic,452,0.488623,0.011807,11.153148
chronos,traffic,453,0.35297,0.005507,9.142332
chronos,traffic,454,0.530292,0.014402,11.144163
chronos,traffic,455,0.303727,0.007719,10.995372
chronos,traffic,456,0.589332,0.023789,12.323015
chronos,traffic,457,0.366526,0.011693,8.179668
chronos,traffic,458,0.51009,0.015975,9.931613
chronos,traffic,459,1.193433,0.057979,20.351437
chronos,traffic,46,0.413928,0.013488,11.93987
chronos,traffic,460,0.50819,0.031473,69.457634
chronos,traffic,461,0.430799,0.017558,11.863122
chronos,traffic,462,0.385739,0.003397,7.888968
chronos,traffic,463,0.566006,0.01791,12.610927
chronos,traffic,464,0.515554,0.026289,10.92377
chronos,traffic,465,0.323679,0.006195,6.704135
chronos,traffic,466,0.815987,0.039214,15.629784
chronos,traffic,467,0.635747,0.02745,24.366817
chronos,traffic,468,0.729584,0.021476,13.691607
chronos,traffic,469,0.605575,0.033937,12.501035
chronos,traffic,47,0.71654,0.021988,36.679142
chronos,traffic,470,1.674227,0.109694,39.342373
chronos,traffic,471,0.380591,0.010749,7.828834
chronos,traffic,472,0.521434,0.004972,12.431235
chronos,traffic,473,1.189656,0.066777,22.783743
chronos,traffic,474,0.520587,0.012588,10.07077
chronos,traffic,475,0.849391,0.061923,22.94944
chronos,traffic,476,1.462133,0.087898,20.596836
chronos,traffic,477,0.728617,0.044601,15.568093
chronos,traffic,478,0.674268,0.036494,12.467878
chronos,traffic,479,0.417748,0.011676,7.573882
chronos,traffic,48,0.472798,0.01237,12.182637
chronos,traffic,480,0.285855,0.008437,6.946168
chronos,traffic,481,1.212284,0.016507,28.940546
chronos,traffic,482,0.429756,0.002848,11.174872
chronos,traffic,483,2.627334,0.079713,40.634323
chronos,traffic,484,0.426485,0.006569,8.711522
chronos,traffic,485,0.501899,0.013261,9.67998
chronos,traffic,486,0.35899,0.005486,9.337337
chronos,traffic,487,0.502273,0.006592,9.398537
chronos,traffic,488,0.637535,0.007274,14.170835
chronos,traffic,489,0.308708,0.015742,8.10412
chronos,traffic,49,0.526794,0.012828,10.977526
chronos,traffic,490,0.778726,0.021282,28.441599
chronos,traffic,491,0.35804,0.006497,8.449713
chronos,traffic,492,3.258048,0.034148,31.713333
chronos,traffic,493,0.395106,0.012717,8.867208
chronos,traffic,494,0.495117,0.02858,14.597507
chronos,traffic,495,0.2619,0.004781,6.678157
chronos,traffic,496,0.377713,0.003286,43.856724
chronos,traffic,497,0.921167,0.039159,34.100948
chronos,traffic,498,0.477663,0.00568,29.519043
chronos,traffic,499,0.469736,0.008675,25.632217
chronos,traffic,5,1.004647,0.05424,13.470634
chronos,traffic,50,0.397131,0.009024,9.282209
chronos,traffic,500,1.816697,0.026186,57.103416
chronos,traffic,501,0.327521,0.004392,11.857084
chronos,traffic,502,0.488856,0.00763,8.400053
chronos,traffic,503,0.837758,0.033691,22.420025
chronos,traffic,504,0.49071,0.00516,8.74652
chronos,traffic,505,0.635116,0.015799,25.467978
chronos,traffic,506,0.597657,0.013201,8.595758
chronos,traffic,507,0.351298,0.003233,6.179981
chronos,traffic,508,1.025163,0.053199,20.268997
chronos,traffic,509,0.479234,0.015287,6.733122
chronos,traffic,51,0.347915,0.00632,10.426181
chronos,traffic,510,3.055843,0.030958,58.270695
chronos,traffic,511,0.499286,0.016854,7.117715
chronos,traffic,512,2.760611,0.052124,40.42828
chronos,traffic,513,0.398562,0.020859,9.531129
chronos,traffic,514,0.368725,0.022184,8.631398
chronos,traffic,515,0.553803,0.01181,7.753986
chronos,traffic,516,0.757728,0.040185,12.842973
chronos,traffic,517,0.640616,0.036997,15.554061
chronos,traffic,518,0.314462,0.010993,7.504758
chronos,traffic,519,0.334851,0.022245,7.77073
chronos,traffic,52,0.464451,0.022783,10.030005
chronos,traffic,520,2.354344,0.042219,22.60104
chronos,traffic,521,0.385313,0.008225,6.259462
chronos,traffic,522,0.665252,0.010977,13.141766
chronos,traffic,523,0.665962,0.032447,15.181507
chronos,traffic,524,0.847641,0.034279,14.527995
chronos,traffic,525,0.36752,0.013755,7.946537
chronos,traffic,526,0.542508,0.006106,16.019482
chronos,traffic,527,0.72393,0.031453,33.059669
chronos,traffic,528,0.299101,0.011843,7.112738
chronos,traffic,529,3.836807,0.143793,92.262871
chronos,traffic,53,1.261991,0.047238,30.476036
chronos,traffic,530,0.329311,0.00517,6.946469
chronos,traffic,531,0.720248,0.030451,16.720041
chronos,traffic,532,0.684122,0.042381,16.015877
chronos,traffic,533,0.45178,0.023185,8.774065
chronos,traffic,534,0.49841,0.020788,11.869963
chronos,traffic,535,0.406154,0.018343,7.651836
chronos,traffic,536,0.496224,0.006749,10.716064
chronos,traffic,537,0.960356,0.076751,29.189714
chronos,traffic,538,0.327466,0.015949,6.396335
chronos,traffic,539,0.7013,0.018808,11.559546
chronos,traffic,54,0.30632,0.006416,6.726667
chronos,traffic,540,0.670211,0.031504,23.79117
chronos,traffic,541,0.53969,0.019736,9.012509
chronos,traffic,542,0.886724,0.020714,15.784254
chronos,traffic,543,0.467655,0.01029,10.296692
chronos,traffic,544,0.495568,0.035253,15.0893
chronos,traffic,545,1.790862,0.035202,20.022776
chronos,traffic,546,0.453114,0.016744,9.644961
chronos,traffic,547,0.432397,0.022374,10.023237
chronos,traffic,548,0.317758,0.003346,7.661989
chronos,traffic,549,0.26476,0.011449,6.498543
chronos,traffic,55,0.742365,0.049776,15.624217
chronos,traffic,550,0.454624,0.006954,25.106506
chronos,traffic,551,0.695373,0.015003,15.865629
chronos,traffic,552,0.996482,0.053081,14.847059
chronos,traffic,553,0.476512,0.016994,9.560195
chronos,traffic,554,0.390331,0.014787,8.626158
chronos,traffic,555,1.279418,0.030407,16.86705
chronos,traffic,556,0.496034,0.006535,7.161921
chronos,traffic,557,0.342337,0.010925,7.316062
chronos,traffic,558,0.314774,0.004294,6.638335
chronos,traffic,559,0.996194,0.043437,20.546808
chronos,traffic,56,1.028741,0.059693,76.35498
chronos,traffic,560,0.596856,0.011456,42.272202
chronos,traffic,561,0.430492,0.015213,16.140997
chronos,traffic,562,0.624294,0.006448,11.963163
chronos,traffic,563,0.614281,0.004,10.506987
chronos,traffic,564,0.945113,0.019116,21.941597
chronos,traffic,565,0.387069,0.009718,9.056374
chronos,traffic,566,0.414575,0.005349,16.884926
chronos,traffic,567,0.777056,0.00589,7.734878
chronos,traffic,568,0.329372,0.014061,8.816486
chronos,traffic,569,2.568351,0.035201,61.167107
chronos,traffic,57,0.557069,0.009364,10.033752
chronos,traffic,570,0.743032,0.005919,15.398518
chronos,traffic,571,2.370402,0.069774,28.161947
chronos,traffic,572,0.378708,0.014131,7.129511
chronos,traffic,573,0.486002,0.018433,11.040566
chronos,traffic,574,0.309434,0.006264,5.738978
chronos,traffic,575,0.347099,0.010062,13.538042
chronos,traffic,576,0.480578,0.004948,9.655878
chronos,traffic,577,0.758456,0.012694,16.327387
chronos,traffic,578,0.865855,0.056217,22.978134
chronos,traffic,579,0.589336,0.008492,18.578773
chronos,traffic,58,0.795858,0.033077,18.185667
chronos,traffic,580,0.822068,0.059986,22.373796
chronos,traffic,581,0.780036,0.014319,25.972422
chronos,traffic,582,0.386001,0.010879,7.059682
chronos,traffic,583,0.762706,0.012518,14.483568
chronos,traffic,584,0.445134,0.009657,9.867201
chronos,traffic,585,0.458912,0.016285,8.025633
chronos,traffic,586,0.749359,0.066058,21.827469
chronos,traffic,587,0.249437,0.002492,6.87442
chronos,traffic,588,0.476586,0.023374,9.759027
chronos,traffic,589,0.368507,0.014401,9.023621
chronos,traffic,59,0.442318,0.005138,7.013224
chronos,traffic,590,0.48946,0.015958,8.274373
chronos,traffic,591,0.505676,0.02526,10.254613
chronos,traffic,592,1.109949,0.035991,25.870928
chronos,traffic,593,0.398327,0.008091,6.973812
chronos,traffic,594,0.806848,0.031094,21.270294
chronos,traffic,595,0.908325,0.054279,17.58692
chronos,traffic,596,0.383171,0.005361,7.20153
chronos,traffic,597,0.385546,0.016457,9.988471
chronos,traffic,598,0.453069,0.01228,8.797524
chronos,traffic,599,0.570141,0.010724,14.308025
chronos,traffic,6,0.44596,0.024599,11.329988
chronos,traffic,60,0.502715,0.015141,10.143105
chronos,traffic,600,0.296436,0.002646,7.551445
chronos,traffic,601,0.548449,0.013007,7.831901
chronos,traffic,602,0.945813,0.035695,23.664257
chronos,traffic,603,2.685297,0.02258,41.048733
chronos,traffic,604,0.268158,0.005597,6.233249
chronos,traffic,605,0.389887,0.005835,7.984972
chronos,traffic,606,0.319109,0.004304,5.58311
chronos,traffic,607,0.242778,0.018882,7.949434
chronos,traffic,608,0.398915,0.023381,8.392978
chronos,traffic,609,0.628107,0.012412,14.311487
chronos,traffic,61,0.430164,0.015804,15.411591
chronos,traffic,610,0.382802,0.008977,6.467547
chronos,traffic,611,0.375369,0.01015,8.144771
chronos,traffic,612,0.476475,0.024665,7.790906
chronos,traffic,613,0.664521,0.025566,8.827997
chronos,traffic,614,0.312694,0.007332,7.174755
chronos,traffic,615,0.270774,0.003493,5.719676
chronos,traffic,616,0.468756,0.006058,10.203799
chronos,traffic,617,1.576362,0.173124,54.948761
chronos,traffic,618,0.519094,0.012198,9.385693
chronos,traffic,619,0.578394,0.029677,16.972589
chronos,traffic,62,0.852104,0.021582,18.562864
chronos,traffic,620,0.844645,0.017282,25.207968
chronos,traffic,621,1.378286,0.087435,27.146185
chronos,traffic,622,0.94504,0.059111,16.755659
chronos,traffic,623,0.3613,0.013351,6.955636
chronos,traffic,624,0.367385,0.008874,7.240067
chronos,traffic,625,0.678229,0.01286,10.917684
chronos,traffic,626,0.6409,0.041282,20.264423
chronos,traffic,627,0.490416,0.021713,10.027952
chronos,traffic,628,1.049514,0.053705,20.32431
chronos,traffic,629,0.553902,0.02092,17.037029
chronos,traffic,63,0.356348,0.012495,8.611384
chronos,traffic,630,0.405223,0.014054,9.591472
chronos,traffic,631,0.521223,0.013336,12.521051
chronos,traffic,632,1.314024,0.13568,40.681969
chronos,traffic,633,0.334989,0.011531,6.299976
chronos,traffic,634,1.199744,0.042389,22.702236
chronos,traffic,635,1.326496,0.074284,31.510265
chronos,traffic,636,0.309594,0.006571,7.019083
chronos,traffic,637,0.459755,0.020763,9.159899
chronos,traffic,638,0.979125,0.032484,37.598248
chronos,traffic,639,0.420631,0.01476,10.218191
chronos,traffic,64,0.722521,0.032634,13.074864
chronos,traffic,640,0.872453,0.031682,19.772861
chronos,traffic,641,1.602773,0.099617,34.397972
chronos,traffic,642,3.98025,0.05026,47.900036
chronos,traffic,643,0.227209,0.003623,7.411861
chronos,traffic,644,0.247009,0.007362,8.725763
chronos,traffic,645,0.322228,0.012755,8.718956
chronos,traffic,646,0.49258,0.003053,7.653094
chronos,traffic,647,3.848212,0.08226,60.033646
chronos,traffic,648,0.475785,0.01091,10.595709
chronos,traffic,649,0.934645,0.010923,17.071609
chronos,traffic,65,0.458939,0.005067,8.764165
chronos,traffic,650,1.695968,0.05057,35.126171
chronos,traffic,651,0.630794,0.023365,9.838771
chronos,traffic,652,0.290552,0.005552,8.223555
chronos,traffic,653,1.21948,0.04994,16.204483
chronos,traffic,654,0.657801,0.028756,10.708368
chronos,traffic,655,0.499179,0.015433,11.295012
chronos,traffic,656,0.548369,0.015407,10.437708
chronos,traffic,657,1.065047,0.029361,20.540442
chronos,traffic,658,0.492082,0.009494,9.998818
chronos,traffic,659,0.642911,0.026038,9.472984
chronos,traffic,66,0.231026,0.00562,6.716439
chronos,traffic,660,0.334601,0.013071,7.248971
chronos,traffic,661,0.435538,0.022047,7.303202
chronos,traffic,662,0.653248,0.011808,9.773601
chronos,traffic,663,0.591017,0.007505,9.377382
chronos,traffic,664,0.34104,0.00914,6.301343
chronos,traffic,665,0.544627,0.036869,7.802583
chronos,traffic,666,0.464555,0.007087,7.079129
chronos,traffic,667,0.506135,0.007829,33.730812
chronos,traffic,668,0.352414,0.005323,8.321619
chronos,traffic,669,0.803717,0.013806,12.210793
chronos,traffic,67,0.465826,0.029643,10.688923
chronos,traffic,670,1.222459,0.015162,47.67923
chronos,traffic,671,0.308354,0.002862,6.002515
chronos,traffic,672,0.319739,0.010131,10.33005
chronos,traffic,673,0.908191,0.042274,17.736393
chronos,traffic,674,0.82246,0.040714,15.644476
chronos,traffic,675,1.406625,0.021519,65.660385
chronos,traffic,676,0.343726,0.002647,4.57232
chronos,traffic,677,0.338094,0.005393,9.826009
chronos,traffic,678,0.566961,0.013536,10.115195
chronos,traffic,679,0.435795,0.004578,8.165568
chronos,traffic,68,0.472612,0.005678,18.22266
chronos,traffic,680,0.789621,0.052515,15.79999
chronos,traffic,681,0.697928,0.036152,12.289248
chronos,traffic,682,0.625571,0.024951,12.393064
chronos,traffic,683,0.412812,0.004703,8.572094
chronos,traffic,684,0.342738,0.010019,8.599842
chronos,traffic,685,0.854299,0.028015,16.126474
chronos,traffic,686,0.350051,0.01129,9.187739
chronos,traffic,687,0.659266,0.020369,10.835707
chronos,traffic,688,0.395731,0.033754,10.47722
chronos,traffic,689,0.880044,0.02244,37.823444
chronos,traffic,69,7.61223,0.254868,129.322098
chronos,traffic,690,0.990959,0.035386,46.023743
chronos,traffic,691,0.308844,0.007273,6.991663
chronos,traffic,692,0.599715,0.004629,12.473985
chronos,traffic,693,0.825247,0.079965,16.741562
chronos,traffic,694,1.122451,0.017089,21.388876
chronos,traffic,695,0.611098,0.030807,14.161984
chronos,traffic,696,1.143394,0.024338,15.816159
chronos,traffic,697,0.524153,0.01254,18.515987
chronos,traffic,698,1.031674,0.030273,15.962067
chronos,traffic,699,0.371387,0.004188,6.42393
chronos,traffic,7,0.502815,0.015072,26.686289
chronos,traffic,70,0.455755,0.009314,6.756927
chronos,traffic,700,5.9639,0.076298,57.570843
chronos,traffic,701,1.174474,0.14561,25.960121
chronos,traffic,702,0.539777,0.006758,11.109741
chronos,traffic,703,0.558046,0.01417,13.114675
chronos,traffic,704,0.728564,0.023813,12.864733
chronos,traffic,705,0.499121,0.012613,14.350093
chronos,traffic,706,0.329895,0.005116,31.504267
chronos,traffic,707,0.43089,0.019061,22.828484
chronos,traffic,708,0.480693,0.012021,9.644998
chronos,traffic,709,0.80838,0.029893,13.636843
chronos,traffic,71,0.480949,0.018868,12.166904
chronos,traffic,710,1.497472,0.04294,60.938133
chronos,traffic,711,0.902144,0.032097,10.396092
chronos,traffic,712,0.412068,0.01146,29.331589
chronos,traffic,713,0.517057,0.010023,14.91794
chronos,traffic,714,0.307983,0.002189,39.685158
chronos,traffic,715,1.38263,0.057729,20.669949
chronos,traffic,716,0.671909,0.007398,65.027809
chronos,traffic,717,0.507078,0.019652,9.491551
chronos,traffic,718,0.366073,0.028983,13.236253
chronos,traffic,719,0.387575,0.004194,6.748632
chronos,traffic,72,0.434333,0.004134,7.250257
chronos,traffic,720,0.392714,0.003493,10.040999
chronos,traffic,721,0.463782,0.00539,28.611595
chronos,traffic,722,0.319906,0.010516,55.170845
chronos,traffic,723,0.200077,0.002369,8.865554
chronos,traffic,724,3.308059,0.051776,20.925297
chronos,traffic,725,0.376423,0.007509,5.976815
chronos,traffic,726,0.38189,0.00537,6.635148
chronos,traffic,727,0.451891,0.009877,17.665125
chronos,traffic,728,0.766092,0.02061,20.395161
chronos,traffic,729,0.516287,0.025844,10.104962
chronos,traffic,73,0.751252,0.020918,60.268089
chronos,traffic,730,1.006646,0.006639,18.965128
chronos,traffic,731,0.719209,0.010716,13.325242
chronos,traffic,732,0.379924,0.018347,9.851157
chronos,traffic,733,0.686197,0.007688,10.286349
chronos,traffic,734,0.325441,0.012998,6.885688
chronos,traffic,735,0.448658,0.004117,5.963013
chronos,traffic,736,1.040557,0.021602,72.501823
chronos,traffic,737,0.12548,0.005318,9.423987
chronos,traffic,738,0.437136,0.009566,9.115974
chronos,traffic,739,0.60532,0.012696,19.42207
chronos,traffic,74,0.728316,0.02109,15.566737
chronos,traffic,740,0.882545,0.019185,43.587215
chronos,traffic,741,2.054784,0.018872,57.848503
chronos,traffic,742,2.038482,0.05442,25.160656
chronos,traffic,743,2.015646,0.064401,19.073257
chronos,traffic,744,0.389901,0.012396,7.095494
chronos,traffic,745,1.196829,0.054557,14.948209
chronos,traffic,746,1.090396,0.046717,11.961132
chronos,traffic,747,0.559239,0.040234,11.382204
chronos,traffic,748,0.791513,0.021689,13.489305
chronos,traffic,749,0.362256,0.020216,8.331245
chronos,traffic,75,0.325333,0.007741,8.019684
chronos,traffic,750,0.275614,0.00132,7.49806
chronos,traffic,751,1.167096,0.005083,85.653206
chronos,traffic,752,0.36182,0.001233,7.600798
chronos,traffic,753,0.292403,0.001133,7.176371
chronos,traffic,754,0.33449,0.00897,29.749889
chronos,traffic,755,0.32892,0.006243,4.037488
chronos,traffic,756,0.396638,0.006918,6.076114
chronos,traffic,757,0.27636,0.00692,6.228914
chronos,traffic,758,0.326315,0.011832,6.482383
chronos,traffic,759,0.449896,0.008129,9.892647
chronos,traffic,76,0.361954,0.014108,16.208279
chronos,traffic,760,0.665067,0.02639,13.268288
chronos,traffic,761,0.430086,0.00725,8.735074
chronos,traffic,762,0.615187,0.019723,15.938288
chronos,traffic,763,0.601613,0.024918,11.283358
chronos,traffic,764,0.452423,0.005131,6.577854
chronos,traffic,765,0.394845,0.004277,6.111613
chronos,traffic,766,0.386056,0.01684,8.492903
chronos,traffic,767,0.4968,0.01051,8.865329
chronos,traffic,768,0.673833,0.044442,14.03261
chronos,traffic,769,0.640126,0.041306,14.365823
chronos,traffic,77,0.331993,0.02325,8.595249
chronos,traffic,770,0.680251,0.04079,13.782839
chronos,traffic,771,0.497223,0.019757,9.24883
chronos,traffic,772,0.515315,0.027611,10.157754
chronos,traffic,773,0.247732,0.012286,9.532557
chronos,traffic,774,0.567648,0.033226,16.680862
chronos,traffic,775,9.505197,0.11186,99.002884
chronos,traffic,776,0.332995,0.006022,22.642263
chronos,traffic,777,1.656733,0.025589,27.026756
chronos,traffic,778,0.363193,0.004416,7.22896
chronos,traffic,779,0.703357,0.019091,16.497852
chronos,traffic,78,0.758384,0.006681,16.339998
chronos,traffic,780,0.303078,0.00671,6.926965
chronos,traffic,781,0.310513,0.00796,7.55567
chronos,traffic,782,0.335442,0.008277,7.20217
chronos,traffic,783,0.897923,0.062856,15.975728
chronos,traffic,784,0.282886,0.005711,8.989378
chronos,traffic,785,0.441661,0.02296,10.739945
chronos,traffic,786,0.370067,0.019555,8.593464
chronos,traffic,787,7.970888,0.133497,70.146637
chronos,traffic,788,0.783976,0.02515,9.15894
chronos,traffic,789,1.135182,0.041043,20.537647
chronos,traffic,79,0.684328,0.034903,16.597092
chronos,traffic,790,0.240033,0.003254,7.861504
chronos,traffic,791,0.985711,0.073657,20.123886
chronos,traffic,792,0.358648,0.007464,17.621534
chronos,traffic,793,0.620041,0.031742,16.344822
chronos,traffic,794,0.49034,0.01958,9.012999
chronos,traffic,795,0.956741,0.041766,8.917181
chronos,traffic,796,0.795781,0.053773,15.93632
chronos,traffic,797,0.827207,0.048568,12.612541
chronos,traffic,798,1.092204,0.071805,28.565441
chronos,traffic,799,0.529498,0.008259,10.939128
chronos,traffic,8,0.926138,0.019131,12.551929
chronos,traffic,80,1.054642,0.006965,14.521936
chronos,traffic,800,0.41671,0.006275,10.054913
chronos,traffic,801,0.46114,0.026825,10.006978
chronos,traffic,802,0.464677,0.004802,10.157113
chronos,traffic,803,0.339385,0.021222,10.102214
chronos,traffic,804,0.82325,0.040328,17.626326
chronos,traffic,805,0.613481,0.009278,10.712452
chronos,traffic,806,0.395304,0.007325,8.291327
chronos,traffic,807,11.98654,0.294449,100.770287
chronos,traffic,808,0.561545,0.027181,18.723171
chronos,traffic,809,0.267633,0.006286,7.968318
chronos,traffic,81,0.506475,0.017614,8.160344
chronos,traffic,810,0.706798,0.026725,12.674223
chronos,traffic,811,0.268913,0.00466,6.710959
chronos,traffic,812,0.339293,0.005813,7.438754
chronos,traffic,813,0.925966,0.053076,16.376427
chronos,traffic,814,0.610006,0.03947,13.125194
chronos,traffic,815,0.540747,0.024558,8.199219
chronos,traffic,816,0.714581,0.018611,12.067611
chronos,traffic,817,1.286826,0.011835,16.604136
chronos,traffic,818,0.237438,0.003315,4.496515
chronos,traffic,819,0.41009,0.018237,7.898672
chronos,traffic,82,0.408133,0.011886,7.572142
chronos,traffic,820,0.430042,0.009061,7.454607
chronos,traffic,821,0.387997,0.004556,7.125592
chronos,traffic,822,0.138003,0.004114,7.827709
chronos,traffic,823,0.268661,0.00242,6.794592
chronos,traffic,824,0.657072,0.01841,11.611937
chronos,traffic,825,1.011202,0.024564,134.671829
chronos,traffic,826,3.558589,0.041189,158.529327
chronos,traffic,827,0.84208,0.023786,42.978149
chronos,traffic,828,0.299715,0.006943,6.298056
chronos,traffic,829,0.302824,0.007682,6.692043
chronos,traffic,83,0.485799,0.003832,7.066614
chronos,traffic,830,0.206502,0.005506,6.579459
chronos,traffic,831,0.494834,0.003928,7.152225
chronos,traffic,832,0.71191,0.018329,9.46768
chronos,traffic,833,7.130618,0.114507,83.289642
chronos,traffic,834,0.883156,0.026771,16.13492
chronos,traffic,835,0.725127,0.011598,9.137062
chronos,traffic,836,0.598889,0.014627,8.565867
chronos,traffic,837,0.273484,0.017153,8.505036
chronos,traffic,838,0.370319,0.003377,6.410461
chronos,traffic,839,0.71969,0.037605,14.892162
chronos,traffic,84,0.693213,0.025267,16.650879
chronos,traffic,840,13.322868,0.252563,59.038342
chronos,traffic,841,0.437432,0.0042,6.417696
chronos,traffic,842,0.599552,0.006645,8.818392
chronos,traffic,843,1.878003,0.052062,19.092482
chronos,traffic,844,0.98567,0.016808,11.546339
chronos,traffic,845,0.319183,0.011983,7.972959
chronos,traffic,846,0.367476,0.012013,7.905371
chronos,traffic,847,0.379643,0.012263,7.578385
chronos,traffic,848,0.465087,0.016745,18.427874
chronos,traffic,849,0.298204,0.01239,6.914406
chronos,traffic,85,0.60543,0.016056,15.183803
chronos,traffic,850,0.24035,0.005715,5.936451
chronos,traffic,851,0.233502,0.005726,30.951029
chronos,traffic,852,0.310894,0.00155,12.680301
chronos,traffic,853,0.575906,0.004031,13.361325
chronos,traffic,854,0.81078,0.011977,34.842812
chronos,traffic,855,0.694596,0.013151,15.013997
chronos,traffic,856,0.465503,0.004046,9.372981
chronos,traffic,857,0.446828,0.002468,6.219154
chronos,traffic,858,0.353402,0.002857,6.265983
chronos,traffic,859,0.309371,0.002725,6.460888
chronos,traffic,86,0.694268,0.028956,16.278765
chronos,traffic,860,1.444085,0.010329,20.288086
chronos,traffic,87,0.63509,0.031838,13.185765
chronos,traffic,88,0.415882,0.006508,7.700329
chronos,traffic,89,0.34874,0.01981,7.016921
chronos,traffic,9,0.598676,0.054439,19.40258
chronos,traffic,90,1.079693,0.030997,29.924538
chronos,traffic,91,1.675274,0.027722,106.396935
chronos,traffic,92,0.33523,0.002629,20.072483
chronos,traffic,93,0.411028,0.022979,6.644799
chronos,traffic,94,0.824414,0.015137,15.685502
chronos,traffic,95,0.361465,0.019596,9.303939
chronos,traffic,96,0.498263,0.017058,10.19604
chronos,traffic,97,1.215548,0.063017,49.736496
chronos,traffic,98,1.166882,0.064366,22.519131
chronos,traffic,99,0.483696,0.007292,10.047647
chronos,traffic,OT,0.467655,0.003076,6.287527
timesfm25,m4,D1,2.61439,37.736871,1.68194
timesfm25,m4,D10,0.467334,30.546967,0.973101
timesfm25,m4,D100,0.214138,11.600843,1.093447
timesfm25,m4,D1000,0.910029,29.646215,1.596314
timesfm25,m4,D1001,0.640326,19.881921,1.233629
timesfm25,m4,D1002,1.776164,63.076201,4.914452
timesfm25,m4,D1003,0.893574,28.61928,1.596355
timesfm25,m4,D1004,0.976785,41.13968,1.684892
timesfm25,m4,D1005,0.837272,25.443818,1.59643
timesfm25,m4,D1006,0.947001,29.958876,1.620907
timesfm25,m4,D1007,1.061673,42.688637,1.684781
timesfm25,m4,D1008,0.240864,15.046538,0.925733
timesfm25,m4,D1009,1.135545,43.131656,1.650274
timesfm25,m4,D101,2.584525,601.176607,4.369587
timesfm25,m4,D1010,0.941247,32.801289,1.243758
timesfm25,m4,D1011,0.998937,31.88494,1.285602
timesfm25,m4,D1012,0.799163,35.712355,2.406223
timesfm25,m4,D1013,0.249777,11.927597,0.551929
timesfm25,m4,D1014,1.018059,34.036074,1.243568
timesfm25,m4,D1015,1.267785,43.448865,1.679326
timesfm25,m4,D1016,1.16352,41.872373,1.679347
timesfm25,m4,D1017,1.969006,98.200543,3.462583
timesfm25,m4,D1018,0.919661,30.727975,1.28564
timesfm25,m4,D1019,0.545758,28.315437,1.298074
timesfm25,m4,D102,2.520004,82.6194,4.444178
timesfm25,m4,D1020,0.61584,26.352998,3.049702
timesfm25,m4,D1021,0.138803,11.937315,0.297653
timesfm25,m4,D1022,2.25567,249.940985,4.139591
timesfm25,m4,D1023,0.874506,102.62254,0.818212
timesfm25,m4,D1024,0.581654,97.43958,0.710318
timesfm25,m4,D1025,0.780125,36.215536,5.445808
timesfm25,m4,D1026,0.204757,15.456368,0.725534
timesfm25,m4,D1027,0.231296,18.842552,0.885058
timesfm25,m4,D1028,0.287649,20.764221,0.969706
timesfm25,m4,D1029,3.487834,164.870611,12.379491
timesfm25,m4,D103,0.989724,165.263763,2.20139
timesfm25,m4,D1030,0.20967,15.451449,0.849477
timesfm25,m4,D1031,0.322832,17.492206,0.878415
timesfm25,m4,D1032,1.521615,98.457989,8.235114
timesfm25,m4,D1033,0.214775,16.281139,0.698534
timesfm25,m4,D1034,0.409758,26.104831,1.337121
timesfm25,m4,D1035,0.260746,19.741514,0.938747
timesfm25,m4,D1036,0.301478,23.243378,0.956165
timesfm25,m4,D1037,0.962757,66.182996,4.329127
timesfm25,m4,D1038,0.668523,43.579857,2.649911
timesfm25,m4,D1039,0.590341,27.605808,1.335992
timesfm25,m4,D104,1.619466,229.545764,2.334164
timesfm25,m4,D1040,0.261021,20.385703,1.019687
timesfm25,m4,D1041,0.380714,19.406878,0.989037
timesfm25,m4,D1042,1.167228,81.222354,5.244239
timesfm25,m4,D1043,0.845742,54.623702,5.677469
timesfm25,m4,D1044,0.19034,10.806188,0.767833
timesfm25,m4,D1045,0.497795,29.221927,1.347818
timesfm25,m4,D1046,0.34208,22.824804,1.13184
timesfm25,m4,D1047,0.692935,39.082646,5.247044
timesfm25,m4,D1048,1.249702,77.795665,5.032101
timesfm25,m4,D1049,0.428791,30.24268,1.398862
timesfm25,m4,D105,1.444617,250.895949,2.147564
timesfm25,m4,D1050,0.563553,37.829043,1.591448
timesfm25,m4,D1051,3.33908,213.720018,13.495954
timesfm25,m4,D1052,0.251547,6.776536,0.354609
timesfm25,m4,D1053,0.309777,48.755403,0.296698
timesfm25,m4,D1054,0.750474,24.380477,1.462225
timesfm25,m4,D1055,0.32124,10.136108,0.499559
timesfm25,m4,D1056,0.289324,10.621913,0.477253
timesfm25,m4,D1057,0.273468,9.463878,0.466937
timesfm25,m4,D1058,0.401572,12.471487,0.671459
timesfm25,m4,D1059,0.248279,6.326787,0.376035
timesfm25,m4,D106,0.366751,13.098153,1.162975
timesfm25,m4,D1060,0.276259,8.267976,0.458585
timesfm25,m4,D1061,0.247468,7.93355,0.450613
timesfm25,m4,D1062,0.260464,6.953203,0.372254
timesfm25,m4,D1063,0.515019,16.340861,0.809261
timesfm25,m4,D1064,0.644837,17.522376,0.927487
timesfm25,m4,D1065,0.50583,110.473519,0.558261
timesfm25,m4,D1066,0.270665,6.836302,0.415486
timesfm25,m4,D1067,0.511784,13.464213,0.784867
timesfm25,m4,D1068,0.401697,67.823883,0.473124
timesfm25,m4,D1069,0.370496,90.593642,0.503971
timesfm25,m4,D107,0.329691,12.421367,1.104821
timesfm25,m4,D1070,0.576666,92.227857,0.537742
timesfm25,m4,D1071,0.555658,107.676023,0.595809
timesfm25,m4,D1072,0.721812,125.345304,2.233166
timesfm25,m4,D1073,0.425227,71.213995,0.484454
timesfm25,m4,D1074,0.644431,143.091993,1.14126
timesfm25,m4,D1075,0.798535,148.289722,1.025513
timesfm25,m4,D1076,0.855145,179.377107,1.009924
timesfm25,m4,D1077,0.720381,142.979798,0.856535
timesfm25,m4,D1078,0.481547,33.623813,1.678397
timesfm25,m4,D1079,0.490686,29.322615,1.730739
timesfm25,m4,D108,0.910486,19.64635,1.330857
timesfm25,m4,D1080,1.538806,75.461947,4.304001
timesfm25,m4,D1081,0.946765,64.444611,2.70926
timesfm25,m4,D1082,0.362036,22.061869,1.100086
timesfm25,m4,D1083,0.193713,13.393409,1.075244
timesfm25,m4,D1084,0.187497,16.363179,1.024474
timesfm25,m4,D1085,0.231835,15.056883,0.962926
timesfm25,m4,D1086,0.449059,24.627307,1.431288
timesfm25,m4,D1087,0.695459,39.436909,1.93654
timesfm25,m4,D1088,0.591544,37.360341,1.28717
timesfm25,m4,D1089,0.550922,32.763537,1.741497
timesfm25,m4,D109,0.865639,18.442708,1.294852
timesfm25,m4,D1090,0.802788,41.998034,2.243853
timesfm25,m4,D1091,0.295037,20.004543,1.282539
timesfm25,m4,D1092,0.578492,30.41487,1.627704
timesfm25,m4,D1093,0.362768,23.176044,1.589787
timesfm25,m4,D1094,0.644661,35.500748,2.048344
timesfm25,m4,D1095,0.461001,118.280131,0.677821
timesfm25,m4,D1096,0.90337,234.934848,1.89969
timesfm25,m4,D1097,0.205148,46.434579,0.674081
timesfm25,m4,D1098,0.374009,79.799795,0.584463
timesfm25,m4,D1099,1.770193,373.998559,6.368499
timesfm25,m4,D11,0.369024,26.061001,0.789479
timesfm25,m4,D110,0.927747,20.111584,1.346463
timesfm25,m4,D1100,0.187018,52.234461,0.321442
timesfm25,m4,D1101,0.69261,166.187688,3.128899
timesfm25,m4,D1102,0.292583,71.130107,0.573646
timesfm25,m4,D1103,0.493032,115.453851,1.009119
timesfm25,m4,D1104,1.363126,298.013318,2.104338
timesfm25,m4,D1105,1.061963,252.185889,1.882987
timesfm25,m4,D1106,0.24791,59.633895,0.338431
timesfm25,m4,D1107,0.972193,203.681641,2.524998
timesfm25,m4,D1108,0.950724,271.879555,1.503739
timesfm25,m4,D1109,0.814034,163.889581,1.763273
timesfm25,m4,D111,0.300691,71.293524,0.574659
timesfm25,m4,D1110,1.590998,339.480037,1.943496
timesfm25,m4,D1111,0.359438,10.209804,0.661658
timesfm25,m4,D1112,0.884018,208.51392,2.379853
timesfm25,m4,D1113,0.764259,163.347328,1.226815
timesfm25,m4,D1114,0.906299,265.869226,1.512231
timesfm25,m4,D1115,0.958614,313.697929,2.416931
timesfm25,m4,D1116,0.271881,74.172772,0.797515
timesfm25,m4,D1117,1.675823,348.862952,1.943442
timesfm25,m4,D1118,1.34847,312.009139,1.942703
timesfm25,m4,D1119,0.299482,72.623393,0.475581
timesfm25,m4,D112,0.534857,78.619942,0.950077
timesfm25,m4,D1120,0.872555,206.688568,1.100958
timesfm25,m4,D1121,0.742215,20.380723,1.180794
timesfm25,m4,D1122,3.309392,858.164247,7.897857
timesfm25,m4,D1123,0.225994,53.874431,0.804609
timesfm25,m4,D1124,0.898246,239.098649,2.298682
timesfm25,m4,D1125,0.816754,200.053362,1.091875
timesfm25,m4,D1126,0.537054,13.390806,1.421956
timesfm25,m4,D1127,1.17413,37.575903,2.28826
timesfm25,m4,D1128,0.759585,29.330355,1.892023
timesfm25,m4,D1129,0.772198,23.377905,1.582132
timesfm25,m4,D113,0.442015,74.306313,0.798261
timesfm25,m4,D1130,0.94937,27.470261,1.779432
timesfm25,m4,D1131,0.495095,21.52689,1.731026
timesfm25,m4,D1132,0.726469,26.135104,1.850195
timesfm25,m4,D1133,0.580118,244.35274,1.355542
timesfm25,m4,D1134,0.513767,19.723648,1.790127
timesfm25,m4,D1135,0.678794,20.575063,2.598352
timesfm25,m4,D1136,0.833263,31.232701,2.160391
timesfm25,m4,D1137,0.836901,25.583009,1.730148
timesfm25,m4,D1138,0.513732,19.004685,1.463446
timesfm25,m4,D1139,0.840725,37.223381,1.900166
timesfm25,m4,D114,1.181083,470.631125,6.601067
timesfm25,m4,D1140,0.653096,24.488322,1.890053
timesfm25,m4,D1141,1.222113,43.392376,2.278019
timesfm25,m4,D1142,0.576405,22.82351,1.888145
timesfm25,m4,D1143,1.116503,53.932143,3.532136
timesfm25,m4,D1144,0.939176,329.06621,1.992926
timesfm25,m4,D1145,0.51028,28.398382,1.735813
timesfm25,m4,D1146,0.459739,21.992299,2.269552
timesfm25,m4,D1147,1.370384,46.405414,2.328551
timesfm25,m4,D1148,0.512283,21.084601,1.591697
timesfm25,m4,D1149,0.584289,27.609354,1.607024
timesfm25,m4,D115,1.252726,487.64022,5.747748
timesfm25,m4,D1150,0.790243,28.143322,1.576523
timesfm25,m4,D1151,0.627149,28.437649,1.814749
timesfm25,m4,D1152,0.857015,35.843862,2.153382
timesfm25,m4,D1153,1.457822,56.027389,5.663772
timesfm25,m4,D1154,2.029804,135.61075,4.5085
timesfm25,m4,D1155,0.292043,14.51707,0.856639
timesfm25,m4,D1156,0.821017,44.648936,3.211918
timesfm25,m4,D1157,0.709042,36.35455,2.947688
timesfm25,m4,D1158,0.652661,40.116878,3.211716
timesfm25,m4,D1159,0.986256,51.479768,3.144168
timesfm25,m4,D116,1.134946,540.630564,6.60439
timesfm25,m4,D1160,0.747534,37.360656,2.947599
timesfm25,m4,D1161,0.778593,43.451827,3.212345
timesfm25,m4,D1162,0.361409,22.334683,1.405683
timesfm25,m4,D1163,3.111416,141.031593,10.064971
timesfm25,m4,D1164,1.062132,47.789335,5.332389
timesfm25,m4,D1165,1.551452,78.362467,5.501143
timesfm25,m4,D1166,1.088735,50.377644,3.384097
timesfm25,m4,D1167,0.963039,63.928717,3.268105
timesfm25,m4,D1168,0.982699,47.504775,3.376117
timesfm25,m4,D1169,1.284906,56.137705,3.945282
timesfm25,m4,D117,1.108043,38.303391,2.360562
timesfm25,m4,D1170,1.219271,54.615412,3.944979
timesfm25,m4,D1171,1.025334,50.422337,3.945312
timesfm25,m4,D1172,0.595121,33.56603,2.947466
timesfm25,m4,D1173,1.021831,65.590061,3.268545
timesfm25,m4,D1174,1.272561,53.590894,3.917593
timesfm25,m4,D1175,0.795061,59.394793,3.269727
timesfm25,m4,D1176,1.012467,48.149385,3.917902
timesfm25,m4,D1177,1.467528,71.114956,3.716032
timesfm25,m4,D1178,1.205825,64.481833,3.518196
timesfm25,m4,D1179,0.770204,45.358498,3.143335
timesfm25,m4,D118,0.277122,266.444163,2.353222
timesfm25,m4,D1180,1.448226,69.315476,3.715835
timesfm25,m4,D1181,0.993032,59.887225,3.518248
timesfm25,m4,D1182,0.647652,35.88944,2.535805
timesfm25,m4,D1183,1.204489,74.976673,4.039493
timesfm25,m4,D1184,1.468049,80.754774,4.04054
timesfm25,m4,D1185,1.42445,73.598882,3.975249
timesfm25,m4,D1186,1.163264,68.365894,3.975997
timesfm25,m4,D1187,0.645119,20.04782,1.377166
timesfm25,m4,D1188,0.717106,20.050198,1.591266
timesfm25,m4,D1189,1.142894,222.792829,1.576872
timesfm25,m4,D119,0.277143,264.752877,2.353306
timesfm25,m4,D1190,2.067104,454.243722,3.803658
timesfm25,m4,D1191,1.491238,237.521915,1.815421
timesfm25,m4,D1192,1.031257,223.863885,1.609397
timesfm25,m4,D1193,0.947816,208.742711,1.552867
timesfm25,m4,D1194,0.615439,135.553286,1.170579
timesfm25,m4,D1195,0.295366,71.449426,4.000131
timesfm25,m4,D1196,0.295849,77.795486,0.808025
timesfm25,m4,D1197,2.012429,378.168675,2.186606
timesfm25,m4,D1198,1.821895,437.893555,12.142699
timesfm25,m4,D1199,1.176574,297.309472,3.233956
timesfm25,m4,D12,1.057863,92.574806,2.198915
timesfm25,m4,D120,0.306624,47.508251,0.694707
timesfm25,m4,D1200,0.516876,98.344788,7.224339
timesfm25,m4,D1201,1.332441,242.491777,1.832756
timesfm25,m4,D1202,1.625046,315.405728,1.974599
timesfm25,m4,D1203,1.126446,251.777207,1.796318
timesfm25,m4,D1204,1.447365,298.616537,2.016349
timesfm25,m4,D1205,1.009585,236.977188,2.214492
timesfm25,m4,D1206,1.98338,375.586416,2.194792
timesfm25,m4,D1207,2.841616,690.950138,5.321328
timesfm25,m4,D1208,2.507494,412.704608,2.711309
timesfm25,m4,D1209,2.424914,408.236049,2.8293
timesfm25,m4,D121,0.313219,58.699498,0.745808
timesfm25,m4,D1210,0.271747,52.898132,2.035822
timesfm25,m4,D1211,2.740385,430.683759,2.767043
timesfm25,m4,D1212,2.556917,417.109679,2.711864
timesfm25,m4,D1213,1.879656,372.386056,2.330477
timesfm25,m4,D1214,0.186829,41.496219,1.248132
timesfm25,m4,D1215,0.30248,67.851022,2.194099
timesfm25,m4,D1216,1.093035,234.088567,1.643649
timesfm25,m4,D1217,2.342531,361.840175,2.429995
timesfm25,m4,D1218,1.228573,219.44996,1.79338
timesfm25,m4,D1219,2.472863,353.916889,2.282513
timesfm25,m4,D122,0.300348,48.962084,0.688866
timesfm25,m4,D1220,0.181165,37.115869,1.929882
timesfm25,m4,D1221,2.403171,368.318985,2.448381
timesfm25,m4,D1222,2.0112,325.86215,2.337873
timesfm25,m4,D1223,6.150045,3251.339724,11.99628
timesfm25,m4,D1224,0.087311,23.485992,0.779886
timesfm25,m4,D1225,1.355289,246.269725,16.067747
timesfm25,m4,D1226,1.269591,229.648662,1.647658
timesfm25,m4,D1227,1.509493,287.599955,4.428242
timesfm25,m4,D1228,2.449566,353.114557,2.305992
timesfm25,m4,D1229,2.943651,457.888087,2.955757
timesfm25,m4,D123,1.984444,548.438437,5.194045
timesfm25,m4,D1230,0.815839,170.67858,1.283718
timesfm25,m4,D1231,0.502088,105.901492,1.890635
timesfm25,m4,D1232,1.492284,337.174878,3.470387
timesfm25,m4,D1233,0.25505,56.684688,0.738869
timesfm25,m4,D1234,1.255435,240.635917,1.697431
timesfm25,m4,D1235,0.481397,127.469432,0.897521
timesfm25,m4,D1236,0.339219,69.80887,0.71325
timesfm25,m4,D1237,0.350838,106.077401,0.843757
timesfm25,m4,D1238,0.797417,168.096588,1.280251
timesfm25,m4,D1239,0.480546,117.376851,0.879992
timesfm25,m4,D124,1.787581,62.449458,5.05518
timesfm25,m4,D1240,2.607411,671.698244,5.424881
timesfm25,m4,D1241,1.08884,237.619172,1.695329
timesfm25,m4,D1242,0.298206,84.536428,1.868571
timesfm25,m4,D1243,0.267498,53.927899,0.94401
timesfm25,m4,D1244,0.488539,114.61645,3.009674
timesfm25,m4,D1245,1.052772,261.953031,1.817369
timesfm25,m4,D1246,1.019504,19.261326,1.704447
timesfm25,m4,D1247,0.466334,129.510693,0.82122
timesfm25,m4,D1248,0.883585,195.395992,1.552595
timesfm25,m4,D1249,0.462274,145.378755,1.138258
timesfm25,m4,D125,0.139792,4.804326,0.613716
timesfm25,m4,D1250,0.864156,168.35641,1.310253
timesfm25,m4,D1251,0.885902,171.402088,1.316984
timesfm25,m4,D1252,1.522961,240.830407,1.816242
timesfm25,m4,D1253,1.138931,198.966863,1.485425
timesfm25,m4,D1254,0.458923,127.803568,0.824439
timesfm25,m4,D1255,0.197712,44.898049,0.893285
timesfm25,m4,D1256,0.884067,195.573755,1.421933
timesfm25,m4,D1257,0.240012,89.757573,0.942984
timesfm25,m4,D1258,0.605133,206.891578,1.417968
timesfm25,m4,D1259,0.816723,352.324158,2.509336
timesfm25,m4,D126,0.343467,11.169823,0.90356
timesfm25,m4,D1260,0.325284,107.43386,0.998415
timesfm25,m4,D1261,0.628863,30.122347,2.419736
timesfm25,m4,D1262,0.315011,105.31103,0.99054
timesfm25,m4,D1263,0.459289,175.174796,1.333209
timesfm25,m4,D1264,0.481436,20.508976,1.363988
timesfm25,m4,D1265,0.841491,359.545492,2.52312
timesfm25,m4,D1266,0.679547,25.155651,1.488395
timesfm25,m4,D1267,0.625317,211.516529,1.431773
timesfm25,m4,D1268,0.378296,16.35604,1.231884
timesfm25,m4,D1269,0.948288,35.093597,2.254153
timesfm25,m4,D127,1.402462,311.972117,2.502291
timesfm25,m4,D1270,0.749501,30.635218,2.23544
timesfm25,m4,D1271,0.487516,191.264072,1.270737
timesfm25,m4,D1272,0.972575,35.693672,2.25579
timesfm25,m4,D1273,0.654392,24.542129,1.469646
timesfm25,m4,D1274,3.635787,824.468693,8.048759
timesfm25,m4,D1275,1.126421,438.058679,3.179736
timesfm25,m4,D1276,3.179409,1042.909572,8.431768
timesfm25,m4,D1277,2.178031,618.205644,3.954625
timesfm25,m4,D1278,1.255075,457.920179,2.957677
timesfm25,m4,D1279,3.034971,975.374704,6.387122
timesfm25,m4,D128,4.605358,493.69995,25.735765
timesfm25,m4,D1280,3.152832,1028.216478,8.129248
timesfm25,m4,D1281,1.241284,457.817001,3.003637
timesfm25,m4,D1282,3.694701,837.017585,8.422723
timesfm25,m4,D1283,3.041982,1038.406953,9.456639
timesfm25,m4,D1284,2.934595,949.72802,6.324411
timesfm25,m4,D1285,2.478446,838.422291,6.140412
timesfm25,m4,D1286,2.956978,904.288394,7.215255
timesfm25,m4,D1287,1.659532,619.671914,4.519217
timesfm25,m4,D1288,1.952184,691.460185,4.604001
timesfm25,m4,D1289,2.010166,640.731223,4.238162
timesfm25,m4,D129,4.017344,3400.219552,28.550282
timesfm25,m4,D1290,3.581144,1041.328418,7.314405
timesfm25,m4,D1291,1.595408,560.680446,3.987385
timesfm25,m4,D1292,2.101796,735.571249,4.843612
timesfm25,m4,D1293,3.533715,1032.612645,7.411788
timesfm25,m4,D1294,1.908442,619.392873,4.12217
timesfm25,m4,D1295,1.464864,465.016297,2.983484
timesfm25,m4,D1296,1.278196,428.692507,3.141465
timesfm25,m4,D1297,1.441306,460.730246,3.017117
timesfm25,m4,D1298,3.39385,782.882694,9.107206
timesfm25,m4,D1299,3.709642,898.49687,6.729528
timesfm25,m4,D13,2.357734,418.516334,4.806033
timesfm25,m4,D130,1.559534,442.137281,7.498818
timesfm25,m4,D1300,3.593447,875.237932,6.682146
timesfm25,m4,D1301,2.336184,643.908548,4.643525
timesfm25,m4,D1302,3.738771,918.538887,6.565076
timesfm25,m4,D1303,2.111061,606.569375,3.933974
timesfm25,m4,D1304,2.233883,620.343932,4.553614
timesfm25,m4,D1305,3.024613,762.535983,6.50511
timesfm25,m4,D1306,1.955096,566.286533,4.642411
timesfm25,m4,D1307,3.161887,810.548888,6.710368
timesfm25,m4,D1308,1.811225,551.864284,3.940569
timesfm25,m4,D1309,3.692912,912.842025,6.668187
timesfm25,m4,D131,3.406731,935.177089,6.495944
timesfm25,m4,D1310,0.297163,121.594461,2.029891
timesfm25,m4,D1311,0.295042,119.23817,1.9673
timesfm25,m4,D1312,0.254471,17.912625,1.916878
timesfm25,m4,D1313,0.144349,12.060063,1.035652
timesfm25,m4,D1314,0.568454,37.237766,3.170048
timesfm25,m4,D1315,0.117911,11.043813,0.994448
timesfm25,m4,D1316,0.154573,12.380664,1.080919
timesfm25,m4,D1317,0.255661,18.270605,1.972348
timesfm25,m4,D1318,0.557392,37.15419,3.183071
timesfm25,m4,D1319,0.251915,17.550853,1.553872
timesfm25,m4,D132,0.61798,445.789696,2.348608
timesfm25,m4,D1320,0.356404,24.638952,2.321845
timesfm25,m4,D1321,0.190746,12.612952,1.170779
timesfm25,m4,D1322,0.485966,36.354822,3.223447
timesfm25,m4,D1323,0.241371,17.228461,1.528039
timesfm25,m4,D1324,0.147344,11.641453,0.914233
timesfm25,m4,D1325,0.339429,26.637538,2.594581
timesfm25,m4,D1326,0.44176,29.665255,2.986928
timesfm25,m4,D1327,0.144152,11.405212,0.917917
timesfm25,m4,D1328,0.283521,127.830336,2.255852
timesfm25,m4,D1329,0.194258,15.855488,1.449524
timesfm25,m4,D133,0.941007,780.008253,8.012194
timesfm25,m4,D1330,0.20114,15.340704,1.500125
timesfm25,m4,D1331,0.132394,11.066549,0.992026
timesfm25,m4,D1332,0.671127,36.785178,3.320277
timesfm25,m4,D1333,0.190867,12.868894,1.203231
timesfm25,m4,D1334,0.666251,37.111873,3.374712
timesfm25,m4,D1335,0.426346,25.108482,2.395693
timesfm25,m4,D1336,0.609642,37.827002,3.586253
timesfm25,m4,D1337,0.437994,26.198344,2.522777
timesfm25,m4,D1338,0.247156,16.756603,1.347086
timesfm25,m4,D1339,0.237099,16.385664,1.326399
timesfm25,m4,D134,1.560163,1219.348955,34.126953
timesfm25,m4,D1340,0.186861,14.781132,1.233734
timesfm25,m4,D1341,0.187283,12.941119,1.237114
timesfm25,m4,D1342,0.198274,12.524185,1.073817
timesfm25,m4,D1343,0.196318,12.316278,1.092325
timesfm25,m4,D1344,1.461035,545.165027,2.87427
timesfm25,m4,D1345,1.440212,537.95138,2.874295
timesfm25,m4,D1346,1.147026,439.105785,3.231803
timesfm25,m4,D1347,1.246516,447.775369,3.080214
timesfm25,m4,D1348,1.074054,405.458575,3.155727
timesfm25,m4,D1349,1.136605,434.041203,3.223067
timesfm25,m4,D135,0.649623,1086.589907,10.650705
timesfm25,m4,D1350,1.248907,460.267263,2.988459
timesfm25,m4,D1351,0.91011,323.883648,2.191244
timesfm25,m4,D1352,0.904951,321.232952,2.192035
timesfm25,m4,D1353,1.400568,422.1059,2.760878
timesfm25,m4,D1354,1.063202,403.716833,2.886866
timesfm25,m4,D1355,1.112712,43.074134,2.921326
timesfm25,m4,D1356,1.245676,461.35722,2.963597
timesfm25,m4,D1357,1.12228,43.598166,2.928388
timesfm25,m4,D1358,1.039626,382.540317,2.476579
timesfm25,m4,D1359,0.890131,310.906977,2.230243
timesfm25,m4,D136,0.56643,644.849377,17.141783
timesfm25,m4,D1360,1.032897,378.210817,2.47604
timesfm25,m4,D1361,0.995303,355.440572,2.471509
timesfm25,m4,D1362,1.057712,362.216139,2.99564
timesfm25,m4,D1363,1.104923,386.69695,3.000909
timesfm25,m4,D1364,2.014765,479.474615,3.159443
timesfm25,m4,D1365,1.914595,456.11981,3.264259
timesfm25,m4,D1366,1.283166,389.197572,2.729352
timesfm25,m4,D1367,1.406326,372.961752,2.644587
timesfm25,m4,D1368,0.895307,257.398858,1.552687
timesfm25,m4,D1369,1.543701,406.605806,2.664994
timesfm25,m4,D137,2.406171,1175.892746,44.013264
timesfm25,m4,D1370,0.921233,267.089843,1.464573
timesfm25,m4,D1371,1.271336,331.986222,2.000741
timesfm25,m4,D1372,0.917201,265.492276,1.477935
timesfm25,m4,D1373,1.521787,401.256016,2.662479
timesfm25,m4,D1374,1.285258,335.111304,1.995281
timesfm25,m4,D1375,1.184733,311.839377,2.007027
timesfm25,m4,D1376,0.285105,109.049386,0.980678
timesfm25,m4,D1377,0.74442,300.38396,2.421299
timesfm25,m4,D1378,0.722227,294.444405,2.406573
timesfm25,m4,D1379,0.501033,180.880323,1.246
timesfm25,m4,D138,2.53618,1004.98125,20.35239
timesfm25,m4,D1380,0.294559,111.562237,0.989251
timesfm25,m4,D1381,0.215188,9.281109,0.931611
timesfm25,m4,D1382,0.548954,252.539106,2.30829
timesfm25,m4,D1383,0.517868,197.411185,1.438019
timesfm25,m4,D1384,0.485395,177.092529,1.235107
timesfm25,m4,D1385,0.503431,193.382363,1.431651
timesfm25,m4,D1386,0.366754,15.095247,1.165226
timesfm25,m4,D1387,0.971069,323.163888,2.466568
timesfm25,m4,D1388,0.943145,317.15365,2.45454
timesfm25,m4,D1389,0.389498,16.611685,1.394782
timesfm25,m4,D139,1.473205,1102.953761,13.087283
timesfm25,m4,D1390,0.674692,234.548552,1.625932
timesfm25,m4,D1391,0.724206,27.493882,2.383086
timesfm25,m4,D1392,0.655269,229.799836,1.618899
timesfm25,m4,D1393,0.503327,19.761968,1.581876
timesfm25,m4,D1394,0.183066,8.023638,1.055342
timesfm25,m4,D1395,0.194911,8.414997,1.056677
timesfm25,m4,D1396,0.346733,12.91017,1.184215
timesfm25,m4,D1397,0.277363,10.542991,1.184313
timesfm25,m4,D1398,0.447423,16.762467,1.632791
timesfm25,m4,D1399,0.537731,19.671713,1.633711
timesfm25,m4,D14,4.423103,289.642654,4.026353
timesfm25,m4,D140,0.843817,1125.024444,21.825186
timesfm25,m4,D1400,0.332072,12.368038,1.184541
timesfm25,m4,D1401,0.559021,17.222646,1.525396
timesfm25,m4,D1402,0.328893,12.044938,0.998277
timesfm25,m4,D1403,0.549268,18.29649,1.531697
timesfm25,m4,D1404,0.525707,17.525342,1.532153
timesfm25,m4,D1405,0.467439,14.678632,1.525523
timesfm25,m4,D1406,0.438393,14.930719,1.531817
timesfm25,m4,D1407,0.261461,9.830979,0.998174
timesfm25,m4,D1408,0.314624,11.535934,0.998244
timesfm25,m4,D1409,0.160238,11.904511,1.187399
timesfm25,m4,D141,1.075302,20.144872,1.506753
timesfm25,m4,D1410,0.583634,17.982066,1.525371
timesfm25,m4,D1411,0.317383,12.03487,1.228979
timesfm25,m4,D1412,0.262549,10.258047,1.228761
timesfm25,m4,D1413,0.223081,14.347064,1.171374
timesfm25,m4,D1414,0.137411,6.585392,1.047762
timesfm25,m4,D1415,0.210291,13.811734,1.174398
timesfm25,m4,D1416,0.283262,14.176275,1.100718
timesfm25,m4,D1417,0.268412,13.666522,1.106608
timesfm25,m4,D1418,0.332283,12.563486,1.22873
timesfm25,m4,D1419,0.20981,11.863722,1.134109
timesfm25,m4,D142,1.162121,23.573514,1.584114
timesfm25,m4,D1420,0.270322,15.358509,1.095326
timesfm25,m4,D1421,0.202046,10.024138,0.840755
timesfm25,m4,D1422,0.19082,12.483323,1.085981
timesfm25,m4,D1423,0.28207,14.890708,1.118559
timesfm25,m4,D1424,0.14428,8.209359,0.843113
timesfm25,m4,D1425,0.253965,14.726756,1.093565
timesfm25,m4,D1426,0.199463,12.170055,1.117494
timesfm25,m4,D1427,0.190228,9.625754,0.841193
timesfm25,m4,D1428,0.466235,110.667541,0.667121
timesfm25,m4,D1429,0.453421,108.294579,0.658119
timesfm25,m4,D143,1.136307,22.52478,1.548962
timesfm25,m4,D1430,0.714776,201.820445,1.199517
timesfm25,m4,D1431,0.707095,200.165088,1.202937
timesfm25,m4,D1432,0.729227,157.773634,0.93761
timesfm25,m4,D1433,0.744271,160.01231,0.94452
timesfm25,m4,D1434,0.551594,167.617578,1.108781
timesfm25,m4,D1435,0.648624,165.132457,0.962292
timesfm25,m4,D1436,0.444827,124.475803,0.792675
timesfm25,m4,D1437,0.638778,163.599925,0.961114
timesfm25,m4,D1438,0.47272,114.713195,0.71367
timesfm25,m4,D1439,0.838829,195.744462,1.326651
timesfm25,m4,D144,0.657325,91.014191,1.186141
timesfm25,m4,D1440,1.149647,246.476165,1.527942
timesfm25,m4,D1441,1.246153,236.950623,1.600404
timesfm25,m4,D1442,1.227109,234.798917,1.599518
timesfm25,m4,D1443,0.914575,190.468553,1.426953
timesfm25,m4,D1444,0.255463,58.443994,0.471261
timesfm25,m4,D1445,0.32381,72.472897,0.504316
timesfm25,m4,D1446,0.864689,252.444285,1.36458
timesfm25,m4,D1447,0.328646,73.577164,0.504913
timesfm25,m4,D1448,0.850337,249.273123,1.361249
timesfm25,m4,D1449,1.087063,205.534117,1.294157
timesfm25,m4,D145,0.93832,122.259945,1.26753
timesfm25,m4,D1450,0.328654,85.598214,0.563034
timesfm25,m4,D1451,0.662484,211.254225,1.249679
timesfm25,m4,D1452,1.064318,202.265827,1.284438
timesfm25,m4,D1453,0.95294,214.760041,1.325407
timesfm25,m4,D1454,0.762069,153.532977,1.075972
timesfm25,m4,D1455,0.690861,169.77347,1.150243
timesfm25,m4,D1456,1.610806,344.021529,1.963653
timesfm25,m4,D1457,1.579825,294.667649,1.908447
timesfm25,m4,D1458,1.181595,268.045603,1.732424
timesfm25,m4,D1459,1.23087,246.217185,1.774562
timesfm25,m4,D146,0.20108,12.019133,2.752453
timesfm25,m4,D1460,1.581153,339.322049,1.956041
timesfm25,m4,D1461,1.445789,391.368772,2.612753
timesfm25,m4,D1462,1.504915,382.863573,2.596342
timesfm25,m4,D1463,1.615597,322.409653,2.252232
timesfm25,m4,D1464,1.66753,326.588593,2.252168
timesfm25,m4,D1465,1.192808,358.519079,2.578589
timesfm25,m4,D1466,4.0542,926.523408,5.717241
timesfm25,m4,D1467,1.264836,358.215314,2.627569
timesfm25,m4,D1468,3.93976,915.508499,5.71993
timesfm25,m4,D1469,3.421895,860.642311,5.737272
timesfm25,m4,D147,0.698315,39.029228,6.078956
timesfm25,m4,D1470,1.903879,460.802476,2.734755
timesfm25,m4,D1471,0.381568,113.3727,0.599406
timesfm25,m4,D1472,0.305456,101.864915,0.570944
timesfm25,m4,D1473,1.962197,466.572074,2.734907
timesfm25,m4,D1474,1.644424,433.627468,2.745608
timesfm25,m4,D1475,1.956144,410.433098,2.798453
timesfm25,m4,D1476,0.368827,111.657536,0.596443
timesfm25,m4,D1477,0.650573,168.623396,0.878648
timesfm25,m4,D1478,1.357657,297.237686,2.253911
timesfm25,m4,D1479,0.630451,166.559375,0.877756
timesfm25,m4,D148,1.046646,292.659425,2.114862
timesfm25,m4,D1480,4.500923,715.455821,5.153695
timesfm25,m4,D1481,4.636294,723.970519,5.152677
timesfm25,m4,D1482,0.544952,158.995418,0.881977
timesfm25,m4,D1483,1.896303,405.456051,2.797318
timesfm25,m4,D1484,3.815862,664.410712,5.156145
timesfm25,m4,D1485,0.628988,143.085202,0.793364
timesfm25,m4,D1486,0.610417,141.457501,0.793212
timesfm25,m4,D1487,0.510487,129.821354,0.786707
timesfm25,m4,D1488,0.966684,197.701618,1.059407
timesfm25,m4,D1489,2.264482,465.926899,3.139746
timesfm25,m4,D149,1.524491,419.420582,3.839261
timesfm25,m4,D1490,2.755548,502.927352,3.094789
timesfm25,m4,D1491,2.670932,497.191252,3.097182
timesfm25,m4,D1492,0.937926,195.911222,1.061969
timesfm25,m4,D1493,0.82863,193.540421,1.124065
timesfm25,m4,D1494,1.072057,467.727234,2.873056
timesfm25,m4,D1495,0.988476,435.409129,2.826451
timesfm25,m4,D1496,1.616803,750.185394,4.449648
timesfm25,m4,D1497,1.712466,792.320524,4.486845
timesfm25,m4,D1498,1.171616,60.258215,3.29159
timesfm25,m4,D1499,1.693446,88.82059,3.897434
timesfm25,m4,D15,2.935977,417.801108,4.546177
timesfm25,m4,D150,0.252385,7.322017,0.417349
timesfm25,m4,D1500,1.09829,56.813321,3.24799
timesfm25,m4,D1501,1.595307,83.807018,3.855419
timesfm25,m4,D1502,1.128985,60.312328,3.627595
timesfm25,m4,D1503,1.163071,550.752525,4.240114
timesfm25,m4,D1504,1.727185,80.198636,4.396869
timesfm25,m4,D1505,1.221202,58.308667,4.105351
timesfm25,m4,D1506,1.831928,84.813061,4.447464
timesfm25,m4,D1507,2.261456,93.499081,4.976785
timesfm25,m4,D1508,1.496094,775.92469,4.145958
timesfm25,m4,D1509,2.132004,88.520745,4.923748
timesfm25,m4,D151,0.260012,31.557944,0.425955
timesfm25,m4,D1510,1.509225,65.100681,4.635652
timesfm25,m4,D1511,2.111965,83.098004,4.662175
timesfm25,m4,D1512,1.000283,56.793915,3.967386
timesfm25,m4,D1513,2.240711,87.963416,4.719063
timesfm25,m4,D1514,0.755338,40.708229,3.006303
timesfm25,m4,D1515,1.794653,789.343319,4.05243
timesfm25,m4,D1516,1.607747,820.888048,4.176851
timesfm25,m4,D1517,1.501678,60.414248,4.366731
timesfm25,m4,D1518,1.150566,557.777649,3.552017
timesfm25,m4,D1519,1.79655,809.010854,3.698107
timesfm25,m4,D152,0.71523,183.811363,2.365432
timesfm25,m4,D1520,1.678987,763.84623,3.673679
timesfm25,m4,D1521,1.667919,744.606566,4.005979
timesfm25,m4,D1522,2.175161,98.861522,4.588287
timesfm25,m4,D1523,1.9374,80.800581,4.228798
timesfm25,m4,D1524,1.28132,58.731725,3.995546
timesfm25,m4,D1525,1.101185,53.80424,3.745137
timesfm25,m4,D1526,1.315127,67.815553,4.230351
timesfm25,m4,D1527,2.085544,85.604665,4.272301
timesfm25,m4,D1528,2.01711,93.366267,4.534119
timesfm25,m4,D1529,1.093952,477.582323,3.163178
timesfm25,m4,D153,1.106569,262.041668,2.367509
timesfm25,m4,D1530,1.06935,410.809814,3.049759
timesfm25,m4,D1531,1.037189,404.022161,3.047526
timesfm25,m4,D1532,0.991257,319.468761,2.708667
timesfm25,m4,D1533,1.021918,325.805756,2.709549
timesfm25,m4,D1534,1.127754,485.38704,3.163841
timesfm25,m4,D1535,0.893722,426.004731,3.148329
timesfm25,m4,D1536,0.840368,35.723011,3.000394
timesfm25,m4,D1537,1.641759,591.240037,3.538284
timesfm25,m4,D1538,1.14852,48.736529,3.523457
timesfm25,m4,D1539,1.595034,581.830866,3.537964
timesfm25,m4,D154,2.424892,622.939679,5.255293
timesfm25,m4,D1540,1.45161,556.585601,3.555669
timesfm25,m4,D1541,1.316752,52.060716,3.527479
timesfm25,m4,D1542,1.408192,547.578448,3.554257
timesfm25,m4,D1543,1.851642,651.024409,4.178338
timesfm25,m4,D1544,1.833088,612.037427,4.012766
timesfm25,m4,D1545,1.794964,640.490291,4.176716
timesfm25,m4,D1546,1.43991,53.755166,3.989999
timesfm25,m4,D1547,1.776517,602.302691,4.01242
timesfm25,m4,D1548,1.45756,57.060615,4.143723
timesfm25,m4,D1549,1.168997,434.736073,2.907925
timesfm25,m4,D155,1.314299,289.957082,1.958002
timesfm25,m4,D1550,0.867637,42.172455,2.338586
timesfm25,m4,D1551,0.895422,42.955609,2.341241
timesfm25,m4,D1552,0.812086,278.965528,2.689946
timesfm25,m4,D1553,0.708576,37.256239,2.317456
timesfm25,m4,D1554,1.418174,490.991487,2.933136
timesfm25,m4,D1555,1.325043,50.357361,3.023829
timesfm25,m4,D1556,1.650314,63.141719,3.442684
timesfm25,m4,D1557,1.459734,499.529497,2.933136
timesfm25,m4,D1558,1.055359,43.898278,3.004359
timesfm25,m4,D1559,1.304568,54.937416,3.422121
timesfm25,m4,D156,1.844309,690.333049,2.912113
timesfm25,m4,D1560,1.285805,49.495943,3.023882
timesfm25,m4,D1561,1.59667,61.9182,3.441925
timesfm25,m4,D1562,1.386485,52.516959,3.525692
timesfm25,m4,D1563,1.741041,59.624345,3.510072
timesfm25,m4,D1564,1.688537,58.648814,3.512914
timesfm25,m4,D1565,0.625897,17.993291,1.179187
timesfm25,m4,D1566,0.609084,174.137798,1.276035
timesfm25,m4,D1567,0.645351,18.627261,1.323988
timesfm25,m4,D1568,0.568472,16.84143,1.141475
timesfm25,m4,D1569,0.668298,183.540112,1.312073
timesfm25,m4,D157,1.296223,359.719824,1.262954
timesfm25,m4,D1570,1.072482,249.198896,1.494332
timesfm25,m4,D1571,0.9831,236.190551,1.455787
timesfm25,m4,D1572,0.392372,13.836442,1.156229
timesfm25,m4,D1573,0.668419,150.259944,1.030095
timesfm25,m4,D1574,0.605877,141.976836,0.994595
timesfm25,m4,D1575,0.732022,173.730383,1.202015
timesfm25,m4,D1576,0.804418,183.640263,1.238722
timesfm25,m4,D1577,0.625994,150.129508,1.19006
timesfm25,m4,D1578,0.609063,21.489438,1.266962
timesfm25,m4,D1579,1.066519,267.796652,1.471388
timesfm25,m4,D158,0.370312,19.051123,1.165213
timesfm25,m4,D1580,0.827698,193.999466,1.370135
timesfm25,m4,D1581,0.567899,141.937335,1.151233
timesfm25,m4,D1582,0.907314,204.607379,1.406576
timesfm25,m4,D1583,0.667661,22.682892,1.302238
timesfm25,m4,D1584,0.466239,13.688397,1.080293
timesfm25,m4,D1585,0.35914,11.181013,1.020417
timesfm25,m4,D1586,0.530238,15.400176,1.248764
timesfm25,m4,D1587,0.36149,12.623515,1.012192
timesfm25,m4,D1588,0.646293,19.767381,1.305069
timesfm25,m4,D1589,0.83367,23.154029,1.361874
timesfm25,m4,D159,0.784526,330.023377,3.860315
timesfm25,m4,D1590,0.977987,253.320765,1.433257
timesfm25,m4,D1591,0.395208,16.900305,1.150103
timesfm25,m4,D1592,0.664118,16.804284,1.012718
timesfm25,m4,D1593,0.468142,16.688597,1.066263
timesfm25,m4,D1594,0.730554,21.437597,1.186028
timesfm25,m4,D1595,0.381326,12.343438,0.864038
timesfm25,m4,D1596,0.801962,22.691251,1.221528
timesfm25,m4,D1597,0.912892,24.456234,1.397421
timesfm25,m4,D1598,0.668178,155.389952,1.142691
timesfm25,m4,D1599,0.691262,158.822424,1.143663
timesfm25,m4,D16,0.144748,55.106256,1.628098
timesfm25,m4,D160,15.997295,6329.541216,43.900677
timesfm25,m4,D1600,0.699911,172.471527,1.701998
timesfm25,m4,D1601,0.871245,191.264205,1.742431
timesfm25,m4,D1602,1.337386,193.039372,1.703452
timesfm25,m4,D1603,1.013844,166.567149,1.620445
timesfm25,m4,D1604,7.103654,327.518678,8.587385
timesfm25,m4,D1605,0.544442,15.435672,0.793533
timesfm25,m4,D1606,1.448433,410.652244,3.20164
timesfm25,m4,D1607,4.069782,1047.452923,2.831153
timesfm25,m4,D1608,4.074811,1047.452923,2.831153
timesfm25,m4,D1609,0.704385,223.327901,5.462468
timesfm25,m4,D161,1.888041,370.903037,1.618679
timesfm25,m4,D1610,15.261889,2787.657529,34.065739
timesfm25,m4,D1611,0.122406,25.793327,3.637057
timesfm25,m4,D1612,2.974104,80.57523,2.847774
timesfm25,m4,D1613,3.268913,89.641683,2.847775
timesfm25,m4,D1614,1.028234,88.374273,6.533877
timesfm25,m4,D1615,0.270273,73.421694,0.949446
timesfm25,m4,D1616,0.513507,32.762397,0.982301
timesfm25,m4,D1617,1.170214,80.284714,1.830215
timesfm25,m4,D1618,2.266987,131.200578,4.061853
timesfm25,m4,D1619,1.098393,73.459412,1.75328
timesfm25,m4,D162,1.737947,650.56096,2.548503
timesfm25,m4,D1620,0.61007,65.694524,1.539481
timesfm25,m4,D1621,2.937406,1045.107231,11.771555
timesfm25,m4,D1622,0.706853,230.825472,2.293096
timesfm25,m4,D1623,0.454638,171.392487,2.104583
timesfm25,m4,D1624,0.397005,38.48191,0.862777
timesfm25,m4,D1625,6.94491,544.715694,11.575295
timesfm25,m4,D1626,1.66469,147.929512,3.60662
timesfm25,m4,D1627,2.135069,485.053493,7.95752
timesfm25,m4,D1628,0.550005,69.537767,1.655953
timesfm25,m4,D1629,0.874569,68.429309,2.196509
timesfm25,m4,D163,1.382402,369.090457,1.977851
timesfm25,m4,D1630,0.68324,97.717376,1.65536
timesfm25,m4,D1631,4.931467,528.199152,12.443244
timesfm25,m4,D1632,0.787673,20.826869,1.499645
timesfm25,m4,D1633,1.52367,316.20978,4.048746
timesfm25,m4,D1634,0.842365,35.639438,2.1578
timesfm25,m4,D1635,2.156667,1689.790298,4.771938
timesfm25,m4,D1636,1.705649,453.490594,5.227492
timesfm25,m4,D1637,1.809282,474.759396,5.679051
timesfm25,m4,D1638,1.725871,442.39432,3.910981
timesfm25,m4,D1639,1.208437,58.320726,1.706668
timesfm25,m4,D164,0.096274,53.172796,0.376358
timesfm25,m4,D1640,3.92905,129.097513,6.013761
timesfm25,m4,D1641,1.100801,130.980423,1.722837
timesfm25,m4,D1642,1.360513,79.213881,3.762881
timesfm25,m4,D1643,0.376868,38.934678,3.973795
timesfm25,m4,D1644,2.495548,535.332753,8.465837
timesfm25,m4,D1645,1.635071,35.184822,2.228883
timesfm25,m4,D1646,1.816761,125.39379,4.85743
timesfm25,m4,D1647,0.234546,23.535217,1.235831
timesfm25,m4,D1648,0.870312,270.453005,5.659125
timesfm25,m4,D1649,1.041918,133.33561,2.727893
timesfm25,m4,D165,0.096104,56.788273,0.376426
timesfm25,m4,D1650,1.145078,700.468794,7.746295
timesfm25,m4,D1651,0.705502,84.669737,3.71242
timesfm25,m4,D1652,2.931143,152.395712,6.364994
timesfm25,m4,D1653,0.516766,79.661518,1.854368
timesfm25,m4,D1654,2.725024,491.677232,8.933822
timesfm25,m4,D1655,0.874396,68.635868,4.239233
timesfm25,m4,D1656,0.97779,76.643191,4.603982
timesfm25,m4,D1657,0.426233,56.511143,2.54126
timesfm25,m4,D1658,1.304563,118.874343,4.382222
timesfm25,m4,D1659,0.825539,212.429418,2.870393
timesfm25,m4,D166,5.035569,1235.742692,29.025747
timesfm25,m4,D1660,2.453461,64.156417,3.185606
timesfm25,m4,D1661,1.766999,101.429095,5.736614
timesfm25,m4,D1662,0.530001,58.906633,3.5783
timesfm25,m4,D1663,0.433265,53.92195,1.253683
timesfm25,m4,D1664,0.901331,53.327853,2.411199
timesfm25,m4,D1665,1.099,103.251561,3.300622
timesfm25,m4,D1666,1.809997,472.980328,5.043544
timesfm25,m4,D1667,1.405302,46.766108,3.337862
timesfm25,m4,D1668,5.20806,243.59123,15.107577
timesfm25,m4,D1669,0.755459,46.093371,1.764663
timesfm25,m4,D167,6.737173,2106.673681,23.843725
timesfm25,m4,D1670,5.415885,398.603911,12.581787
timesfm25,m4,D1671,6.823776,482.826654,11.196671
timesfm25,m4,D1672,1.096214,130.791872,3.274867
timesfm25,m4,D1673,0.742742,77.851393,2.734772
timesfm25,m4,D1674,1.392698,83.920722,2.785203
timesfm25,m4,D1675,0.408241,30.77126,1.444234
timesfm25,m4,D1676,1.260669,81.680428,2.922154
timesfm25,m4,D1677,3.853471,520.413207,13.506273
timesfm25,m4,D1678,1.410887,99.474415,3.170995
timesfm25,m4,D1679,0.598165,23.804076,0.948864
timesfm25,m4,D168,0.588592,13.915126,1.049474
timesfm25,m4,D1680,1.727036,329.916301,2.792686
timesfm25,m4,D1681,2.196674,169.190802,6.667449
timesfm25,m4,D1682,0.301424,40.99628,0.766527
timesfm25,m4,D1683,0.80639,44.727846,2.229604
timesfm25,m4,D1684,0.838723,48.361844,2.317504
timesfm25,m4,D1685,1.646191,112.595793,3.304982
timesfm25,m4,D1686,0.60946,280.606918,2.018477
timesfm25,m4,D1687,1.526995,50.793667,3.638601
timesfm25,m4,D1688,1.286557,56.809352,2.548302
timesfm25,m4,D1689,1.398554,47.629959,2.485097
timesfm25,m4,D169,0.477787,12.043105,0.82121
timesfm25,m4,D1690,1.786758,205.497785,2.978902
timesfm25,m4,D1691,1.953306,51.514954,4.368175
timesfm25,m4,D1692,1.448139,134.086296,6.751767
timesfm25,m4,D1693,2.730135,129.973788,5.460518
timesfm25,m4,D1694,6.062941,616.598456,13.476776
timesfm25,m4,D1695,0.453178,76.664922,1.26951
timesfm25,m4,D1696,6.748528,5532.273131,84.167358
timesfm25,m4,D1697,0.643599,33.623143,1.843599
timesfm25,m4,D1698,0.761469,65.732654,1.839465
timesfm25,m4,D1699,0.637524,35.079225,2.148216
timesfm25,m4,D17,1.202937,104.529377,2.530324
timesfm25,m4,D170,1.444768,271.709907,2.959957
timesfm25,m4,D1700,0.933713,57.131002,3.151221
timesfm25,m4,D1701,1.464756,467.136406,4.320731
timesfm25,m4,D1702,1.560575,75.870135,3.936477
timesfm25,m4,D1703,2.255204,239.525777,6.405627
timesfm25,m4,D1704,1.168108,38.920978,2.382662
timesfm25,m4,D1705,0.862534,50.590396,2.642545
timesfm25,m4,D1706,0.964515,55.124068,3.062651
timesfm25,m4,D1707,2.436461,339.538865,1.769005
timesfm25,m4,D1708,0.196445,25.167513,0.675746
timesfm25,m4,D1709,0.29263,72.119919,3.668132
timesfm25,m4,D171,0.967266,198.61853,1.940796
timesfm25,m4,D1710,1.152323,48.55444,3.030068
timesfm25,m4,D1711,1.024428,191.841945,3.534182
timesfm25,m4,D1712,0.605505,140.992402,2.10067
timesfm25,m4,D1713,1.156899,279.489811,6.342495
timesfm25,m4,D1714,1.6234,340.630757,2.991643
timesfm25,m4,D1715,1.134783,186.278039,2.174936
timesfm25,m4,D1716,5.846947,688.177621,7.029968
timesfm25,m4,D1717,1.477853,29.616662,2.325008
timesfm25,m4,D1718,2.398096,208.808478,4.817674
timesfm25,m4,D1719,0.637329,135.765516,1.316867
timesfm25,m4,D172,0.67409,142.67338,1.365357
timesfm25,m4,D1720,1.158887,228.469953,9.099622
timesfm25,m4,D1721,0.927826,68.752099,2.002014
timesfm25,m4,D1722,1.319158,70.661478,3.29741
timesfm25,m4,D1723,2.940266,229.108667,7.679749
timesfm25,m4,D1724,1.342803,85.186162,5.554532
timesfm25,m4,D1725,0.695902,95.18435,0.845723
timesfm25,m4,D1726,1.267,91.920301,1.867542
timesfm25,m4,D1727,1.659333,180.495504,4.328773
timesfm25,m4,D1728,1.049742,122.810747,2.694089
timesfm25,m4,D1729,1.157077,68.629241,2.838969
timesfm25,m4,D173,0.68024,153.642556,1.374407
timesfm25,m4,D1730,1.985197,107.439495,2.639729
timesfm25,m4,D1731,0.918586,234.176041,2.79241
timesfm25,m4,D1732,2.73203,628.509348,5.883491
timesfm25,m4,D1733,0.607278,68.429059,1.675077
timesfm25,m4,D1734,1.155667,90.031006,1.935992
timesfm25,m4,D1735,0.587388,49.846921,1.835863
timesfm25,m4,D1736,5.312107,356.430305,8.742163
timesfm25,m4,D1737,1.376534,64.958953,2.951684
timesfm25,m4,D1738,1.548326,83.877873,3.605745
timesfm25,m4,D1739,2.340659,168.177995,4.962162
timesfm25,m4,D174,1.803793,29.371361,2.432278
timesfm25,m4,D1740,1.645756,147.706106,5.547717
timesfm25,m4,D1741,1.470165,362.243983,3.79192
timesfm25,m4,D1742,2.263531,300.027824,4.24355
timesfm25,m4,D1743,2.515918,317.991979,4.529798
timesfm25,m4,D1744,1.291158,104.932037,2.762995
timesfm25,m4,D1745,2.07074,145.347476,4.593795
timesfm25,m4,D1746,1.981534,141.900225,4.350959
timesfm25,m4,D1747,1.618198,185.200251,5.32526
timesfm25,m4,D1748,1.613635,349.144926,3.523217
timesfm25,m4,D1749,1.153315,44.304546,2.507004
timesfm25,m4,D175,2.102284,34.350748,2.990771
timesfm25,m4,D1750,0.485635,18.009175,2.162049
timesfm25,m4,D1751,0.971617,63.936318,2.064677
timesfm25,m4,D1752,1.187949,127.74961,5.363297
timesfm25,m4,D1753,2.141176,59.434066,3.879123
timesfm25,m4,D1754,1.850196,81.187422,3.815405
timesfm25,m4,D1755,1.488268,95.385489,3.277351
timesfm25,m4,D1756,1.600117,97.006881,3.44207
timesfm25,m4,D1757,1.39654,64.028547,3.058171
timesfm25,m4,D1758,1.145816,144.987816,1.8121
timesfm25,m4,D1759,2.512347,774.727573,5.682694
timesfm25,m4,D176,3.425151,504.094067,4.761543
timesfm25,m4,D1760,1.700979,72.695705,4.994912
timesfm25,m4,D1761,0.346478,14.294329,0.749964
timesfm25,m4,D1762,0.357713,22.619197,0.92815
timesfm25,m4,D1763,0.846348,41.113906,3.888361
timesfm25,m4,D1764,0.698813,29.500117,1.366199
timesfm25,m4,D1765,0.732499,76.330628,1.725028
timesfm25,m4,D1766,1.247856,87.520932,2.683597
timesfm25,m4,D1767,1.056013,60.850537,2.015205
timesfm25,m4,D1768,1.032642,94.309999,2.677222
timesfm25,m4,D1769,0.393684,47.824299,1.205564
timesfm25,m4,D177,3.653845,540.910719,5.205601
timesfm25,m4,D1770,0.398361,46.934176,1.216834
timesfm25,m4,D1771,0.701115,39.507903,1.408464
timesfm25,m4,D1772,1.543363,155.760533,2.138727
timesfm25,m4,D1773,0.528788,49.663177,0.877982
timesfm25,m4,D1774,1.796687,64.467201,3.884385
timesfm25,m4,D1775,0.371324,25.448026,0.588217
timesfm25,m4,D1776,1.131977,134.826545,2.669448
timesfm25,m4,D1777,0.422,50.06664,0.692711
timesfm25,m4,D1778,5.338397,238.893143,9.709848
timesfm25,m4,D1779,0.852152,37.465425,1.779546
timesfm25,m4,D178,3.709433,545.306594,5.234501
timesfm25,m4,D1780,1.438731,68.119563,3.00277
timesfm25,m4,D1781,4.235736,137.116504,6.879977
timesfm25,m4,D1782,19.330994,8105.079148,42.282452
timesfm25,m4,D1783,1.464594,72.18726,6.073504
timesfm25,m4,D1784,0.674846,90.446046,1.290054
timesfm25,m4,D1785,0.294271,61.994666,1.250308
timesfm25,m4,D1786,1.45998,63.365798,2.041408
timesfm25,m4,D1787,1.249479,165.764835,2.86714
timesfm25,m4,D1788,1.146876,99.10255,2.743557
timesfm25,m4,D1789,0.842787,71.354491,2.674635
timesfm25,m4,D179,1.494191,274.261038,4.13406
timesfm25,m4,D1790,0.905751,57.796626,2.405368
timesfm25,m4,D1791,1.192615,85.553891,2.777379
timesfm25,m4,D1792,1.419715,69.459735,6.153977
timesfm25,m4,D1793,2.001063,204.899432,3.041194
timesfm25,m4,D1794,0.504389,68.52239,0.916947
timesfm25,m4,D1795,2.051879,106.140941,8.078916
timesfm25,m4,D1796,3.779039,326.187985,22.497236
timesfm25,m4,D1797,1.416386,87.654752,4.011815
timesfm25,m4,D1798,1.044035,110.82448,3.436588
timesfm25,m4,D1799,3.337797,140.09666,8.211638
timesfm25,m4,D18,0.734156,197.596416,1.848289
timesfm25,m4,D180,1.492186,268.222069,3.989844
timesfm25,m4,D1800,1.196339,114.198049,5.07746
timesfm25,m4,D1801,0.665337,49.090279,2.012815
timesfm25,m4,D1802,2.284745,390.27112,4.489593
timesfm25,m4,D1803,5.921128,167.278264,8.841225
timesfm25,m4,D1804,0.383179,137.814831,1.522354
timesfm25,m4,D1805,0.492046,143.974865,1.977118
timesfm25,m4,D1806,2.535573,135.942672,7.400273
timesfm25,m4,D1807,2.989936,212.6749,6.461416
timesfm25,m4,D1808,2.523149,173.431154,9.579948
timesfm25,m4,D1809,0.550574,63.189884,1.184357
timesfm25,m4,D181,1.423391,264.647835,3.910135
timesfm25,m4,D1810,2.09654,232.715894,2.611258
timesfm25,m4,D1811,1.263545,52.879973,3.692264
timesfm25,m4,D1812,7.775543,552.915398,16.614866
timesfm25,m4,D1813,0.83934,105.950105,2.477261
timesfm25,m4,D1814,0.52749,106.580978,1.260013
timesfm25,m4,D1815,1.733309,252.136906,14.557572
timesfm25,m4,D1816,1.27381,112.048526,4.301236
timesfm25,m4,D1817,1.460521,128.421349,4.944851
timesfm25,m4,D1818,1.040604,85.471829,3.151762
timesfm25,m4,D1819,0.95025,84.630703,3.578645
timesfm25,m4,D182,1.408493,258.359337,3.841759
timesfm25,m4,D1820,0.900902,276.40557,3.177229
timesfm25,m4,D1821,0.957275,90.348063,3.230652
timesfm25,m4,D1822,0.83697,78.786527,2.829686
timesfm25,m4,D1823,0.500785,150.294542,1.779315
timesfm25,m4,D1824,3.79538,1443.440941,10.139463
timesfm25,m4,D1825,6.194384,309.043699,9.997861
timesfm25,m4,D1826,1.259151,53.262004,3.233392
timesfm25,m4,D1827,2.477342,95.227929,7.640543
timesfm25,m4,D1828,3.662916,530.205974,8.075021
timesfm25,m4,D1829,0.9156,68.318243,1.640491
timesfm25,m4,D183,1.895738,344.037448,2.851339
timesfm25,m4,D1830,1.607365,71.147765,4.897141
timesfm25,m4,D1831,1.545028,68.19113,4.853273
timesfm25,m4,D1832,0.373398,54.595747,1.153969
timesfm25,m4,D1833,0.051429,11.687062,8.086221
timesfm25,m4,D1834,1.279032,83.049275,5.168272
timesfm25,m4,D1835,1.581493,73.088526,2.411161
timesfm25,m4,D1836,1.80891,190.608534,5.256943
timesfm25,m4,D1837,1.093638,263.951034,3.099851
timesfm25,m4,D1838,1.559438,380.721786,4.352925
timesfm25,m4,D1839,0.553546,30.595537,2.050602
timesfm25,m4,D184,2.407441,438.119472,3.543064
timesfm25,m4,D1840,0.677645,281.498585,3.03222
timesfm25,m4,D1841,0.72523,34.28242,1.55609
timesfm25,m4,D1842,0.289185,14.239884,0.410677
timesfm25,m4,D1843,1.523136,167.969317,2.316961
timesfm25,m4,D1844,0.538748,24.479954,0.736224
timesfm25,m4,D1845,1.953222,145.136197,8.420623
timesfm25,m4,D1846,1.919902,130.323448,7.846031
timesfm25,m4,D1847,1.067658,117.968096,2.299541
timesfm25,m4,D1848,1.501522,136.929455,3.095989
timesfm25,m4,D1849,1.349037,36.893732,2.020906
timesfm25,m4,D185,2.138176,386.83875,3.239117
timesfm25,m4,D1850,0.388946,105.014048,1.418493
timesfm25,m4,D1851,3.88052,551.346448,8.157903
timesfm25,m4,D1852,0.789356,93.055962,1.258241
timesfm25,m4,D1853,1.075253,44.353988,3.100097
timesfm25,m4,D1854,0.852151,56.869349,3.690486
timesfm25,m4,D1855,0.384643,61.739182,0.795568
timesfm25,m4,D1856,0.246343,16.312152,0.932575
timesfm25,m4,D1857,0.464994,156.323395,2.985727
timesfm25,m4,D1858,1.657151,257.717611,5.879071
timesfm25,m4,D1859,1.126259,113.108839,3.701465
timesfm25,m4,D186,0.691975,117.805122,1.057183
timesfm25,m4,D1860,2.0893,258.253373,3.664898
timesfm25,m4,D1861,0.457761,33.307415,2.235873
timesfm25,m4,D1862,1.109544,61.31115,4.035074
timesfm25,m4,D1863,2.328804,210.926277,12.94428
timesfm25,m4,D1864,0.335824,24.78044,0.788081
timesfm25,m4,D1865,1.094316,99.180327,2.785937
timesfm25,m4,D1866,0.573606,58.345328,1.082543
timesfm25,m4,D1867,0.835404,189.353206,2.482674
timesfm25,m4,D1868,0.815601,68.836302,3.134779
timesfm25,m4,D1869,1.133942,67.949606,4.012778
timesfm25,m4,D187,1.755246,220.215652,2.083191
timesfm25,m4,D1870,1.831153,199.576104,4.21212
timesfm25,m4,D1871,1.376609,276.758991,9.653732
timesfm25,m4,D1872,1.393004,382.967341,4.462507
timesfm25,m4,D1873,1.446754,76.173271,3.313137
timesfm25,m4,D1874,4.107338,1151.003801,18.814636
timesfm25,m4,D1875,1.210697,92.919477,2.951332
timesfm25,m4,D1876,0.840445,89.859808,4.214822
timesfm25,m4,D1877,0.838863,111.647263,2.609663
timesfm25,m4,D1878,0.922744,185.275481,2.853564
timesfm25,m4,D1879,1.093997,129.626002,4.687207
timesfm25,m4,D188,1.360251,172.478107,1.627753
timesfm25,m4,D1880,0.972219,238.103731,5.407002
timesfm25,m4,D1881,0.094346,18.992752,7.581326
timesfm25,m4,D1882,0.570396,158.763152,2.355063
timesfm25,m4,D1883,0.46996,170.182628,2.669509
timesfm25,m4,D1884,0.734955,87.243125,6.472003
timesfm25,m4,D1885,0.947728,118.302359,3.249783
timesfm25,m4,D1886,10.720999,321.462892,15.603744
timesfm25,m4,D1887,7.070815,1289.279692,9.685974
timesfm25,m4,D1888,1.722935,191.091785,2.575242
timesfm25,m4,D1889,0.761755,138.943664,3.588858
timesfm25,m4,D189,1.526717,219.771241,1.790603
timesfm25,m4,D1890,1.546433,64.773935,1.857399
timesfm25,m4,D1891,0.673955,126.557276,2.87047
timesfm25,m4,D1892,1.133634,58.197351,1.558852
timesfm25,m4,D1893,0.405039,35.887552,1.70786
timesfm25,m4,D1894,1.164987,265.159607,4.045326
timesfm25,m4,D1895,2.72868,91.231446,4.400597
timesfm25,m4,D1896,0.328825,35.208876,1.553067
timesfm25,m4,D1897,0.255267,25.767212,1.218652
timesfm25,m4,D1898,1.063834,26.068825,1.454303
timesfm25,m4,D1899,2.067482,242.067898,4.834388
timesfm25,m4,D19,0.790098,30.636284,1.022226
timesfm25,m4,D190,0.341107,66.901871,0.509716
timesfm25,m4,D1900,4.872085,1157.101983,9.107327
timesfm25,m4,D1901,1.157811,45.430334,2.976762
timesfm25,m4,D1902,0.34663,15.777668,0.726475
timesfm25,m4,D1903,2.034212,189.177135,3.671731
timesfm25,m4,D1904,1.475926,149.654798,5.383679
timesfm25,m4,D1905,0.836267,160.682839,4.294943
timesfm25,m4,D1906,0.547649,165.14927,7.289395
timesfm25,m4,D1907,0.983134,35.722745,1.849231
timesfm25,m4,D1908,0.582405,26.278158,3.066634
timesfm25,m4,D1909,1.981254,86.209139,9.290938
timesfm25,m4,D191,0.387054,74.616143,0.586078
timesfm25,m4,D1910,1.143883,53.40513,3.477319
timesfm25,m4,D1911,0.352165,26.409351,1.864316
timesfm25,m4,D1912,0.387659,20.594798,0.998313
timesfm25,m4,D1913,0.355116,14.956728,1.098535
timesfm25,m4,D1914,0.439466,22.777299,1.180442
timesfm25,m4,D1915,1.07756,54.310936,3.518655
timesfm25,m4,D1916,1.095074,70.080248,2.740235
timesfm25,m4,D1917,0.660415,38.531549,1.630321
timesfm25,m4,D1918,0.645317,29.497661,1.038571
timesfm25,m4,D1919,0.632232,103.82075,1.334029
timesfm25,m4,D192,0.31339,54.479482,0.47009
timesfm25,m4,D1920,4.363877,151.997481,7.463462
timesfm25,m4,D1921,3.037737,184.549028,9.197327
timesfm25,m4,D1922,0.613038,79.981935,2.312378
timesfm25,m4,D1923,2.104741,182.898142,7.996765
timesfm25,m4,D1924,0.303718,31.373014,0.985214
timesfm25,m4,D1925,2.042006,192.124848,4.892351
timesfm25,m4,D1926,4.216501,295.036571,6.692824
timesfm25,m4,D1927,3.353139,502.239002,7.200765
timesfm25,m4,D1928,0.656109,81.870142,2.846915
timesfm25,m4,D1929,1.815134,77.515412,2.616506
timesfm25,m4,D193,3.471964,69.966796,4.880067
timesfm25,m4,D1930,2.068348,133.86362,3.866507
timesfm25,m4,D1931,1.78027,226.614546,3.235932
timesfm25,m4,D1932,0.665854,68.203109,0.801895
timesfm25,m4,D1933,0.555508,89.761617,1.054764
timesfm25,m4,D1934,0.425041,7.917466,0.519992
timesfm25,m4,D1935,1.207649,64.597639,3.686093
timesfm25,m4,D1936,1.409482,181.417358,4.923394
timesfm25,m4,D1937,0.377993,51.554602,0.999271
timesfm25,m4,D1938,0.935775,171.223932,2.519194
timesfm25,m4,D1939,2.912861,310.122166,7.58
timesfm25,m4,D194,2.50596,43.10082,3.066393
timesfm25,m4,D1940,1.988331,655.458427,8.217422
timesfm25,m4,D1941,1.031651,354.134586,4.807857
timesfm25,m4,D1942,3.045498,801.881343,13.749971
timesfm25,m4,D1943,1.552074,467.274996,6.501576
timesfm25,m4,D1944,2.150416,403.036696,12.605254
timesfm25,m4,D1945,1.298131,210.988596,5.437802
timesfm25,m4,D1946,0.906783,219.257893,4.601898
timesfm25,m4,D1947,1.349568,224.664985,4.850818
timesfm25,m4,D1948,0.569691,45.542329,2.456291
timesfm25,m4,D1949,1.541734,124.958388,6.719265
timesfm25,m4,D195,3.510834,58.951025,4.184032
timesfm25,m4,D1950,2.334535,115.529636,6.414566
timesfm25,m4,D1951,0.462828,34.154661,2.251597
timesfm25,m4,D1952,2.025239,138.830776,3.40898
timesfm25,m4,D1953,0.944019,185.040969,2.708584
timesfm25,m4,D1954,1.333339,155.422578,2.631338
timesfm25,m4,D1955,0.455905,29.778063,1.584843
timesfm25,m4,D1956,0.539183,37.524988,1.323314
timesfm25,m4,D1957,1.981465,147.508362,4.309779
timesfm25,m4,D1958,0.954105,84.630703,3.578645
timesfm25,m4,D1959,0.700419,20.183655,1.528992
timesfm25,m4,D196,2.718229,47.355127,3.298519
timesfm25,m4,D1960,1.514442,79.786259,4.073665
timesfm25,m4,D1961,0.984202,36.936135,2.430847
timesfm25,m4,D1962,4.087644,1026.119876,8.610602
timesfm25,m4,D1963,3.467192,205.93363,7.129745
timesfm25,m4,D1964,1.774113,89.595745,4.096233
timesfm25,m4,D1965,0.533531,58.398987,3.432318
timesfm25,m4,D1966,1.531166,157.411086,7.29214
timesfm25,m4,D1967,1.537345,56.250046,3.46726
timesfm25,m4,D1968,0.464667,49.965181,1.734164
timesfm25,m4,D1969,1.15972,50.512706,2.680812
timesfm25,m4,D197,0.53329,81.063771,0.999689
timesfm25,m4,D1970,1.572894,58.783495,3.21402
timesfm25,m4,D1971,0.860171,169.935558,2.782707
timesfm25,m4,D1972,3.483213,226.520332,8.506606
timesfm25,m4,D1973,1.812334,230.850043,3.055954
timesfm25,m4,D1974,2.215556,116.446671,4.587349
timesfm25,m4,D1975,0.617352,34.272014,1.141937
timesfm25,m4,D1976,0.648224,131.02073,1.590174
timesfm25,m4,D1977,2.06613,335.429692,3.133551
timesfm25,m4,D1978,0.499663,137.722774,1.202926
timesfm25,m4,D1979,0.565979,23.685022,0.755784
timesfm25,m4,D198,0.645668,95.042985,1.171709
timesfm25,m4,D1980,1.017912,125.508909,1.285738
timesfm25,m4,D1981,2.401525,102.929241,4.656915
timesfm25,m4,D1982,0.453898,194.647789,2.171311
timesfm25,m4,D1983,1.933585,467.469033,4.169709
timesfm25,m4,D1984,1.269734,86.19512,1.413781
timesfm25,m4,D1985,0.305686,57.917942,0.684698
timesfm25,m4,D1986,3.465337,105.328532,4.704417
timesfm25,m4,D1987,1.420839,301.08682,5.57297
timesfm25,m4,D1988,1.234469,54.205965,2.394417
timesfm25,m4,D1989,0.476236,33.539118,1.447094
timesfm25,m4,D199,0.711584,98.651018,1.305355
timesfm25,m4,D1990,1.072794,164.438094,5.408066
timesfm25,m4,D1991,0.402861,90.212033,1.166063
timesfm25,m4,D1992,1.093539,485.079713,11.33565
timesfm25,m4,D1993,1.67058,49.866144,3.397887
timesfm25,m4,D1994,0.438134,67.493851,1.16952
timesfm25,m4,D1995,0.245723,70.764802,1.031736
timesfm25,m4,D1996,0.546866,143.72652,1.023778
timesfm25,m4,D1997,0.50758,72.226501,1.193123
timesfm25,m4,D1998,0.195334,9.618237,0.648154
timesfm25,m4,D1999,3.194245,99.378887,8.215323
timesfm25,m4,D2,0.632851,41.214339,0.859867
timesfm25,m4,D20,0.784375,226.648889,1.895317
timesfm25,m4,D200,0.780446,109.734147,1.422685
timesfm25,m4,D2000,0.132902,5.969565,0.462385
timesfm25,m4,D2001,0.053216,2.653475,0.18508
timesfm25,m4,D2002,3.124127,90.012971,4.758399
timesfm25,m4,D2003,0.252882,6.062904,0.400886
timesfm25,m4,D2004,0.552437,16.683957,0.744283
timesfm25,m4,D2005,1.580604,443.741813,3.858265
timesfm25,m4,D2006,0.475207,157.86363,1.151453
timesfm25,m4,D2007,3.218572,91.453428,7.429921
timesfm25,m4,D2008,0.900764,15.036873,1.319054
timesfm25,m4,D2009,0.910991,159.870657,1.238028
timesfm25,m4,D201,3.296767,354.777802,4.673996
timesfm25,m4,D2010,0.489285,38.418143,1.03632
timesfm25,m4,D2011,0.766865,93.740708,2.14509
timesfm25,m4,D2012,0.747705,106.338607,1.983373
timesfm25,m4,D2013,0.402634,49.928105,0.702072
timesfm25,m4,D2014,0.661228,81.117232,1.328741
timesfm25,m4,D2015,0.226183,79.849712,0.488326
timesfm25,m4,D2016,11.566811,874.670116,6.636794
timesfm25,m4,D2017,1.605826,43.819802,3.146676
timesfm25,m4,D2018,1.927182,547.984802,4.086347
timesfm25,m4,D2019,0.587252,187.714752,1.380363
timesfm25,m4,D202,0.70191,19.806369,1.462933
timesfm25,m4,D2020,0.730025,128.216636,1.705795
timesfm25,m4,D2021,1.196622,211.599489,1.259846
timesfm25,m4,D2022,0.751999,194.539932,1.679038
timesfm25,m4,D2023,0.536344,126.856614,1.023095
timesfm25,m4,D2024,2.247895,96.567521,4.886821
timesfm25,m4,D2025,0.478592,91.729439,1.022552
timesfm25,m4,D2026,9.433668,1367.933524,13.846123
timesfm25,m4,D2027,2.25851,124.332786,5.851796
timesfm25,m4,D2028,2.281208,548.649649,8.649679
timesfm25,m4,D2029,1.395086,154.475821,1.320648
timesfm25,m4,D203,0.941414,25.279992,2.003292
timesfm25,m4,D2030,0.773653,253.99807,1.967883
timesfm25,m4,D2031,0.677704,113.66934,0.936256
timesfm25,m4,D2032,1.239964,163.443893,1.260104
timesfm25,m4,D2033,0.475433,19.597554,1.462481
timesfm25,m4,D2034,0.286253,16.605136,1.247608
timesfm25,m4,D2035,1.851486,262.843213,1.889293
timesfm25,m4,D2036,2.187011,158.266099,2.423968
timesfm25,m4,D2037,0.265129,6.406145,0.366025
timesfm25,m4,D2038,0.087368,13.708296,0.617075
timesfm25,m4,D2039,5.510915,433.739427,15.054123
timesfm25,m4,D204,0.756003,20.845473,1.602295
timesfm25,m4,D2040,0.279644,31.610559,0.46901
timesfm25,m4,D2041,0.482396,85.396402,0.942209
timesfm25,m4,D2042,3.750678,325.14546,5.441724
timesfm25,m4,D2043,0.408693,41.683211,1.444753
timesfm25,m4,D2044,2.531946,960.640346,8.093265
timesfm25,m4,D2045,0.643662,29.169916,1.230242
timesfm25,m4,D2046,1.333735,158.197704,1.890491
timesfm25,m4,D2047,0.917863,111.853874,1.065898
timesfm25,m4,D2048,0.651811,183.754921,5.297668
timesfm25,m4,D2049,0.757287,26.155229,1.384217
timesfm25,m4,D205,1.09683,155.727156,1.679384
timesfm25,m4,D2050,1.198412,70.075723,2.623031
timesfm25,m4,D2051,1.571052,91.733575,3.386234
timesfm25,m4,D2052,1.459536,356.188789,9.026963
timesfm25,m4,D2053,0.452238,98.370965,4.531764
timesfm25,m4,D2054,1.154665,52.110823,3.972816
timesfm25,m4,D2055,1.179396,54.069506,4.052625
timesfm25,m4,D2056,0.532772,69.041891,3.550464
timesfm25,m4,D2057,0.839463,31.694895,2.032462
timesfm25,m4,D2058,0.640238,42.329441,1.567536
timesfm25,m4,D2059,1.355608,51.83596,2.925659
timesfm25,m4,D206,0.841859,118.479441,1.279255
timesfm25,m4,D2060,1.389643,71.109974,3.122763
timesfm25,m4,D2061,0.605414,48.58647,1.55908
timesfm25,m4,D2062,0.527564,160.710981,3.167788
timesfm25,m4,D2063,0.947807,60.279622,3.090274
timesfm25,m4,D2064,0.573885,44.943258,2.149459
timesfm25,m4,D2065,0.940319,51.836834,1.498823
timesfm25,m4,D2066,1.063088,54.476654,1.666794
timesfm25,m4,D2067,1.876782,101.21588,4.836968
timesfm25,m4,D2068,1.141994,104.455891,1.796771
timesfm25,m4,D2069,0.662228,31.731735,1.730071
timesfm25,m4,D207,0.588926,97.71908,0.97801
timesfm25,m4,D2070,0.45634,19.730915,0.977827
timesfm25,m4,D2071,0.325484,24.881791,0.720816
timesfm25,m4,D2072,0.41902,34.170768,0.941017
timesfm25,m4,D2073,4.055353,393.576212,9.069086
timesfm25,m4,D2074,0.75125,145.792085,1.087328
timesfm25,m4,D2075,7.464237,2022.812893,13.209083
timesfm25,m4,D2076,2.373605,805.445839,4.910233
timesfm25,m4,D2077,1.767315,704.984375,2.473246
timesfm25,m4,D2078,8.523544,3822.126502,12.558009
timesfm25,m4,D2079,1.458641,79.023462,2.555495
timesfm25,m4,D208,1.734656,245.764989,2.307152
timesfm25,m4,D2080,1.671436,81.532328,3.189331
timesfm25,m4,D2081,2.331943,130.429698,8.932474
timesfm25,m4,D2082,1.060162,69.22319,3.840621
timesfm25,m4,D2083,0.237064,95.019416,1.453123
timesfm25,m4,D2084,0.430721,39.248944,1.046669
timesfm25,m4,D2085,0.849015,728.967463,3.471308
timesfm25,m4,D2086,0.759524,140.738295,1.047168
timesfm25,m4,D2087,5.297347,1169.570487,4.929695
timesfm25,m4,D2088,1.283666,117.428294,2.853391
timesfm25,m4,D2089,0.981686,170.777456,1.839038
timesfm25,m4,D209,1.42483,201.637903,1.869804
timesfm25,m4,D2090,1.750081,1038.847619,38.284363
timesfm25,m4,D2091,1.891573,43.46463,3.396281
timesfm25,m4,D2092,0.978749,107.85812,1.883435
timesfm25,m4,D2093,0.816769,62.604419,1.182115
timesfm25,m4,D2094,0.613029,49.859745,0.920613
timesfm25,m4,D2095,0.295897,32.340259,0.511235
timesfm25,m4,D2096,1.298284,173.883863,2.103317
timesfm25,m4,D2097,0.485214,11.693638,0.822863
timesfm25,m4,D2098,2.417463,159.241053,3.354265
timesfm25,m4,D2099,1.954372,227.131871,2.803322
timesfm25,m4,D21,0.894862,30.378536,1.033738
timesfm25,m4,D210,2.014348,280.449096,2.697756
timesfm25,m4,D2100,1.064629,23.684552,1.753178
timesfm25,m4,D2101,3.061158,472.489964,4.056792
timesfm25,m4,D2102,1.403374,221.14285,2.514216
timesfm25,m4,D2103,1.168008,172.056041,1.985161
timesfm25,m4,D2104,1.342133,222.399828,2.196255
timesfm25,m4,D2105,0.56453,135.417172,1.287009
timesfm25,m4,D2106,0.603747,135.265083,1.254324
timesfm25,m4,D2107,2.528854,389.882715,4.486259
timesfm25,m4,D2108,0.92187,132.331091,1.272402
timesfm25,m4,D2109,0.239985,36.572199,0.469795
timesfm25,m4,D211,1.49914,214.807745,2.005828
timesfm25,m4,D2110,0.552139,60.320338,0.833552
timesfm25,m4,D2111,1.054997,143.362337,1.934869
timesfm25,m4,D2112,0.720234,60.548629,1.225537
timesfm25,m4,D2113,0.387139,43.004038,0.733692
timesfm25,m4,D2114,0.709973,70.142047,1.313725
timesfm25,m4,D2115,0.286991,32.014904,0.619118
timesfm25,m4,D2116,0.901093,66.481263,1.201615
timesfm25,m4,D2117,1.042599,77.909804,1.651366
timesfm25,m4,D2118,0.568159,54.981316,0.967605
timesfm25,m4,D2119,0.548797,42.856084,0.865902
timesfm25,m4,D212,0.435485,8.249379,0.597076
timesfm25,m4,D2120,0.626877,90.220414,1.245847
timesfm25,m4,D2121,0.635541,88.615267,1.137983
timesfm25,m4,D2122,1.92386,232.409198,2.321104
timesfm25,m4,D2123,0.417854,102.424167,0.853361
timesfm25,m4,D2124,0.850321,191.297298,2.163587
timesfm25,m4,D2125,0.896317,175.118436,2.064365
timesfm25,m4,D2126,0.609515,110.475513,1.120842
timesfm25,m4,D2127,0.726836,121.527911,1.430099
timesfm25,m4,D2128,0.610736,70.294074,0.882614
timesfm25,m4,D2129,1.59105,283.741176,3.509432
timesfm25,m4,D213,0.383364,7.772023,0.534467
timesfm25,m4,D2130,0.659484,84.330877,0.922928
timesfm25,m4,D2131,0.422767,56.219597,0.547494
timesfm25,m4,D2132,1.22674,174.956747,2.115331
timesfm25,m4,D2133,0.884009,115.652737,1.239373
timesfm25,m4,D2134,0.5883,20.057448,1.369948
timesfm25,m4,D2135,2.296235,37.265487,3.049147
timesfm25,m4,D2136,0.617608,189.320052,1.413743
timesfm25,m4,D2137,0.964721,259.793277,2.22365
timesfm25,m4,D2138,0.661162,61.083461,1.454383
timesfm25,m4,D2139,4.17371,18278.484839,53.387249
timesfm25,m4,D214,0.413668,7.986414,0.56883
timesfm25,m4,D2140,1.039397,415.304011,69.661194
timesfm25,m4,D2141,0.471226,42.126595,1.220122
timesfm25,m4,D2142,0.786224,17.806166,1.571551
timesfm25,m4,D2143,1.413736,213.090072,5.612866
timesfm25,m4,D2144,2.007497,47.259814,2.864392
timesfm25,m4,D2145,0.415688,185.535353,1.610813
timesfm25,m4,D2146,0.692504,61.983952,2.447664
timesfm25,m4,D2147,21.325775,3671.528292,62.20747
timesfm25,m4,D2148,2.144563,48.147195,2.823946
timesfm25,m4,D2149,1.056565,22.921149,1.57463
timesfm25,m4,D215,0.414547,7.950609,0.571451
timesfm25,m4,D2150,1.852816,742.761444,6.511187
timesfm25,m4,D2151,1.459385,219.849318,2.133937
timesfm25,m4,D2152,1.074213,3640.707624,41.705986
timesfm25,m4,D2153,1.118526,25.839808,2.039
timesfm25,m4,D2154,1.837374,38.215891,2.954149
timesfm25,m4,D2155,0.476107,190.859579,2.053249
timesfm25,m4,D2156,0.690052,27.279562,3.510396
timesfm25,m4,D2157,1.257666,69.684389,2.946974
timesfm25,m4,D2158,0.584435,113.361743,1.114097
timesfm25,m4,D2159,0.89835,28.837069,1.945
timesfm25,m4,D216,3.372221,361.120078,4.779159
timesfm25,m4,D2160,0.358242,11.265773,0.916094
timesfm25,m4,D2161,1.151057,229.82461,2.316344
timesfm25,m4,D2162,3.727834,109.043068,9.359116
timesfm25,m4,D2163,0.649056,18.056151,1.456297
timesfm25,m4,D2164,0.631611,20.252069,1.465305
timesfm25,m4,D2165,0.879629,23.714116,1.872464
timesfm25,m4,D2166,0.537104,179.044382,1.321075
timesfm25,m4,D2167,3.328262,698.155091,8.212904
timesfm25,m4,D2168,12.717663,17719.066341,48.902195
timesfm25,m4,D2169,2.791059,1825.213618,86.514229
timesfm25,m4,D217,0.848191,157.044673,2.366116
timesfm25,m4,D2170,2.163602,301.157234,2.954038
timesfm25,m4,D2171,0.330058,7.932889,0.627746
timesfm25,m4,D2172,0.885776,669.857028,33.788174
timesfm25,m4,D2173,0.857471,473.51376,132.907379
timesfm25,m4,D2174,1.327306,30.91676,1.782528
timesfm25,m4,D2175,1.344536,32.031553,1.817402
timesfm25,m4,D2176,0.595,357.115998,24.802343
timesfm25,m4,D2177,0.200977,231.200696,19.349669
timesfm25,m4,D2178,0.477259,519.843155,76.983139
timesfm25,m4,D2179,9.484225,1278.246015,64.690727
timesfm25,m4,D218,0.747079,135.299559,2.000589
timesfm25,m4,D2180,2.342196,815.593534,57.418282
timesfm25,m4,D2181,0.851481,19.712455,1.350854
timesfm25,m4,D2182,6.394907,811.117824,39.376842
timesfm25,m4,D2183,0.316786,70.882189,5.14275
timesfm25,m4,D2184,0.423266,19.876178,1.136235
timesfm25,m4,D2185,1.901866,254.424473,15.604392
timesfm25,m4,D2186,1.428956,58.308005,3.568059
timesfm25,m4,D2187,0.762449,31.999511,1.91525
timesfm25,m4,D2188,0.925027,37.350049,2.308964
timesfm25,m4,D2189,0.605779,24.845156,1.373326
timesfm25,m4,D219,0.710056,136.197868,1.97625
timesfm25,m4,D2190,0.706615,23.662759,1.243684
timesfm25,m4,D2191,4.747003,14915.391782,43.816296
timesfm25,m4,D2192,0.514866,18.023525,0.959757
timesfm25,m4,D2193,0.262814,28.428903,0.858641
timesfm25,m4,D2194,47.176315,2400.392468,5.465325
timesfm25,m4,D2195,0.266488,40.854154,1.476149
timesfm25,m4,D2196,1.34299,194.30869,6.442792
timesfm25,m4,D2197,0.529141,52.744506,1.752648
timesfm25,m4,D2198,1.136057,73.800545,2.352831
timesfm25,m4,D2199,0.440525,23.074286,0.588251
timesfm25,m4,D22,0.894977,45.855917,1.335478
timesfm25,m4,D220,0.67237,123.207369,1.843529
timesfm25,m4,D2200,0.37,62.707639,2.765317
timesfm25,m4,D2201,1.069456,108.880781,3.737999
timesfm25,m4,D2202,1.050723,104.55882,3.952551
timesfm25,m4,D2203,0.543497,48.118978,1.902779
timesfm25,m4,D2204,1.222397,120.898746,4.560635
timesfm25,m4,D2205,1.466904,144.58758,5.973056
timesfm25,m4,D2206,4.502479,677.18872,62.217739
timesfm25,m4,D2207,4.503291,813.706988,78.319695
timesfm25,m4,D2208,1.941983,2274.84428,24.0319
timesfm25,m4,D2209,1.339727,102.338869,6.301742
timesfm25,m4,D221,2.097583,354.777802,4.673996
timesfm25,m4,D2210,0.59393,100.344261,1.657249
timesfm25,m4,D2211,1.0,694.879239,2.264808
timesfm25,m4,D2212,0.827426,344.413088,137.857788
timesfm25,m4,D2213,0.452767,10.923872,0.700805
timesfm25,m4,D2214,2.919734,561.734618,81.896904
timesfm25,m4,D2215,1.320052,26.028077,1.935899
timesfm25,m4,D2216,0.860644,37.567886,1.715749
timesfm25,m4,D2217,0.538763,32.399373,1.542816
timesfm25,m4,D2218,1.12197,58.647167,2.868744
timesfm25,m4,D2219,5.27775,2151.385368,11.937495
timesfm25,m4,D222,2.660144,35.477792,4.673998
timesfm25,m4,D2220,0.404356,62.622006,1.071547
timesfm25,m4,D2221,0.239006,24.408721,1.224073
timesfm25,m4,D2222,0.462173,67.578488,1.122259
timesfm25,m4,D2223,0.435753,84.913711,1.251515
timesfm25,m4,D2224,0.476667,80.750209,1.276749
timesfm25,m4,D2225,0.475047,77.74464,1.250794
timesfm25,m4,D2226,0.491817,75.131509,1.252561
timesfm25,m4,D2227,0.730142,102.576834,1.701528
timesfm25,m4,D2228,0.79825,19.721345,1.325854
timesfm25,m4,D2229,1.917943,134.468376,6.999987
timesfm25,m4,D223,0.636807,19.673373,1.193564
timesfm25,m4,D2230,2.996875,604.621912,7.404543
timesfm25,m4,D2231,2.293521,235.500506,3.140017
timesfm25,m4,D2232,1.736239,328.457665,2.225415
timesfm25,m4,D2233,0.966847,177.855602,1.42653
timesfm25,m4,D2234,0.36639,110.198237,0.767065
timesfm25,m4,D2235,0.327457,10.774467,1.251781
timesfm25,m4,D2236,0.615261,201.563488,3.814103
timesfm25,m4,D2237,1.007156,317.511811,1.708109
timesfm25,m4,D2238,1.279286,341.325244,2.44884
timesfm25,m4,D2239,1.801316,416.432674,2.663223
timesfm25,m4,D224,0.830704,26.401097,1.567476
timesfm25,m4,D2240,1.211134,260.381196,2.75707
timesfm25,m4,D2241,0.193806,8.49778,0.595256
timesfm25,m4,D2242,1.349353,63.739491,1.534309
timesfm25,m4,D2243,0.106248,26.138026,0.80073
timesfm25,m4,D2244,1.836164,365.401342,1.995778
timesfm25,m4,D2245,0.40144,58.849643,1.061555
timesfm25,m4,D2246,4.213142,811.595689,14.536706
timesfm25,m4,D2247,0.239858,79.560331,0.514961
timesfm25,m4,D2248,0.54858,29.32081,1.171665
timesfm25,m4,D2249,2.143859,316.356121,2.354356
timesfm25,m4,D225,0.731485,23.650489,1.41072
timesfm25,m4,D2250,1.014039,219.924161,1.358316
timesfm25,m4,D2251,0.317466,16.940932,0.811611
timesfm25,m4,D2252,0.404451,19.08421,0.688212
timesfm25,m4,D2253,0.324623,56.738594,0.639181
timesfm25,m4,D2254,0.756029,29.528522,1.631138
timesfm25,m4,D2255,1.088655,38.383042,4.40905
timesfm25,m4,D2256,0.236899,83.151984,0.505001
timesfm25,m4,D2257,1.626743,360.727531,6.841022
timesfm25,m4,D2258,0.759008,25.25212,2.016293
timesfm25,m4,D2259,0.628317,176.386832,3.30732
timesfm25,m4,D226,1.020609,21.210918,1.508163
timesfm25,m4,D2260,0.852577,323.903644,1.594024
timesfm25,m4,D2261,1.162552,43.442981,2.456875
timesfm25,m4,D2262,0.307029,15.267649,2.20705
timesfm25,m4,D2263,0.439932,34.281765,2.328262
timesfm25,m4,D2264,0.581446,79.966668,2.05735
timesfm25,m4,D2265,0.103254,18.15475,0.715748
timesfm25,m4,D2266,0.181977,9.299961,0.712454
timesfm25,m4,D2267,0.604595,131.469831,0.869818
timesfm25,m4,D2268,0.603707,131.296539,0.868088
timesfm25,m4,D2269,1.542242,287.043292,1.471991
timesfm25,m4,D227,0.977499,20.382732,1.414074
timesfm25,m4,D2270,0.881748,78.675166,1.371273
timesfm25,m4,D2271,8.635051,3358.459319,11.234627
timesfm25,m4,D2272,0.303242,23.627968,1.812432
timesfm25,m4,D2273,0.490095,119.321221,0.640269
timesfm25,m4,D2274,1.01448,72.3421,4.092699
timesfm25,m4,D2275,1.137729,111.087166,4.194508
timesfm25,m4,D2276,0.214229,16.9827,0.509231
timesfm25,m4,D2277,0.444819,231.021661,1.850771
timesfm25,m4,D2278,3.213092,630.26304,8.641457
timesfm25,m4,D2279,0.537708,276.69794,1.915191
timesfm25,m4,D228,1.103305,23.223814,1.643554
timesfm25,m4,D2280,1.125894,354.273376,3.631017
timesfm25,m4,D2281,0.645068,262.575019,2.175587
timesfm25,m4,D2282,0.408741,178.852211,1.419882
timesfm25,m4,D2283,1.435755,538.702376,5.363067
timesfm25,m4,D2284,0.351747,70.20256,0.50907
timesfm25,m4,D2285,0.401179,14.903327,0.647861
timesfm25,m4,D2286,0.705846,141.59145,2.059745
timesfm25,m4,D2287,2.242922,368.058186,7.331971
timesfm25,m4,D2288,1.087418,50.449692,1.578605
timesfm25,m4,D2289,0.77434,140.827126,2.347559
timesfm25,m4,D229,1.107524,23.84529,1.625633
timesfm25,m4,D2290,0.84297,46.499517,3.500475
timesfm25,m4,D2291,0.78227,186.820508,1.614733
timesfm25,m4,D2292,0.357426,69.939567,0.568191
timesfm25,m4,D2293,0.433233,35.499532,1.19001
timesfm25,m4,D2294,0.604286,186.398871,1.348348
timesfm25,m4,D2295,0.908398,218.827959,1.351537
timesfm25,m4,D2296,2.24245,601.214006,5.111302
timesfm25,m4,D2297,0.579931,145.589373,0.826051
timesfm25,m4,D2298,0.334155,11.257457,0.865925
timesfm25,m4,D2299,1.562756,253.489414,2.148335
timesfm25,m4,D23,0.603515,21.155929,0.975463
timesfm25,m4,D230,1.91941,36.932979,2.443361
timesfm25,m4,D2300,1.42938,513.912018,4.300103
timesfm25,m4,D2301,0.173541,61.554784,6.241918
timesfm25,m4,D2302,0.524382,158.16165,6.030046
timesfm25,m4,D2303,1.025463,625.938321,4.631258
timesfm25,m4,D2304,0.394,142.704616,0.934655
timesfm25,m4,D2305,0.358828,150.742187,1.554076
timesfm25,m4,D2306,2.134038,1897.276864,10.217725
timesfm25,m4,D2307,0.836532,282.419803,2.479113
timesfm25,m4,D2308,1.157764,287.242861,3.046813
timesfm25,m4,D2309,1.106042,296.078827,2.687418
timesfm25,m4,D231,1.976552,47.108406,3.171845
timesfm25,m4,D2310,0.487486,146.911631,1.418822
timesfm25,m4,D2311,0.303745,152.731164,1.319159
timesfm25,m4,D2312,0.756336,252.008874,2.340464
timesfm25,m4,D2313,1.412791,70.545281,2.921435
timesfm25,m4,D2314,2.470535,245.977435,2.845782
timesfm25,m4,D2315,1.376529,326.645797,3.123508
timesfm25,m4,D2316,0.476638,158.795281,1.292262
timesfm25,m4,D2317,0.435556,226.2291,3.927375
timesfm25,m4,D2318,0.685235,216.672086,2.23972
timesfm25,m4,D2319,0.987902,167.713431,1.047889
timesfm25,m4,D232,2.510394,49.604222,3.242971
timesfm25,m4,D2320,0.892218,385.232174,3.33468
timesfm25,m4,D2321,0.78438,74.236383,3.15792
timesfm25,m4,D2322,1.891958,700.34052,4.619959
timesfm25,m4,D2323,1.03028,46.69883,3.535993
timesfm25,m4,D2324,0.751651,163.367827,0.982065
timesfm25,m4,D2325,0.313201,83.853635,2.19022
timesfm25,m4,D2326,1.393462,280.190867,7.073582
timesfm25,m4,D2327,0.73131,157.311395,0.755868
timesfm25,m4,D2328,1.846831,327.408849,6.471504
timesfm25,m4,D2329,1.052033,255.638004,1.531611
timesfm25,m4,D233,0.672253,14.736787,0.811121
timesfm25,m4,D2330,1.554669,379.848921,4.364874
timesfm25,m4,D2331,1.174411,250.322121,1.589616
timesfm25,m4,D2332,1.651196,213.88163,2.424047
timesfm25,m4,D2333,0.607594,159.52725,4.652779
timesfm25,m4,D2334,0.878177,283.687892,1.522514
timesfm25,m4,D2335,0.735329,238.099359,1.291658
timesfm25,m4,D2336,0.699347,247.765128,3.777534
timesfm25,m4,D2337,2.923396,520.45665,3.743059
timesfm25,m4,D2338,1.127158,33.77745,1.718326
timesfm25,m4,D2339,1.565111,74.966793,4.15024
timesfm25,m4,D234,0.500481,11.609444,0.63324
timesfm25,m4,D2340,0.435694,105.600261,0.693941
timesfm25,m4,D2341,0.336173,80.880926,0.610359
timesfm25,m4,D2342,0.492972,129.456473,0.680454
timesfm25,m4,D2343,0.469371,112.004687,0.61266
timesfm25,m4,D2344,0.42104,102.562557,2.551824
timesfm25,m4,D2345,1.409505,473.737879,4.280679
timesfm25,m4,D2346,0.802405,39.981694,2.165318
timesfm25,m4,D2347,1.748397,71.12696,4.243539
timesfm25,m4,D2348,1.269592,378.984457,5.697719
timesfm25,m4,D2349,0.699488,211.676299,1.338626
timesfm25,m4,D235,1.342482,35.766441,2.878607
timesfm25,m4,D2350,0.621173,215.133253,1.161263
timesfm25,m4,D2351,0.588673,207.225063,1.158849
timesfm25,m4,D2352,0.817663,230.033073,3.390226
timesfm25,m4,D2353,1.089336,336.949516,1.871486
timesfm25,m4,D2354,0.511235,142.394842,0.992857
timesfm25,m4,D2355,0.669345,24.491699,1.494108
timesfm25,m4,D2356,0.850774,244.530042,1.587305
timesfm25,m4,D2357,2.840103,499.236448,3.911495
timesfm25,m4,D2358,0.910809,195.80051,2.469284
timesfm25,m4,D2359,1.337564,274.560074,5.169553
timesfm25,m4,D236,1.235068,33.217964,2.623526
timesfm25,m4,D2360,4.524662,838.667321,6.301381
timesfm25,m4,D2361,4.874,914.108377,4.973966
timesfm25,m4,D2362,1.772611,407.003935,2.446168
timesfm25,m4,D2363,0.561005,39.681779,0.632196
timesfm25,m4,D2364,0.413805,123.92646,2.205956
timesfm25,m4,D2365,1.555211,309.60851,1.567102
timesfm25,m4,D2366,0.895492,247.82284,1.48234
timesfm25,m4,D2367,0.087849,16.488429,1.83615
timesfm25,m4,D2368,1.752975,402.854754,2.164473
timesfm25,m4,D2369,0.496051,96.859006,9.66989
timesfm25,m4,D237,0.585196,16.658474,1.261276
timesfm25,m4,D2370,0.621183,143.745442,0.73555
timesfm25,m4,D2371,0.380578,19.260687,0.716602
timesfm25,m4,D2372,0.609,159.274331,2.992084
timesfm25,m4,D2373,0.684781,107.995271,1.28398
timesfm25,m4,D2374,0.524971,149.66745,0.965249
timesfm25,m4,D2375,0.98756,182.085199,1.087404
timesfm25,m4,D2376,2.328301,134.606915,3.110207
timesfm25,m4,D2377,1.775139,349.812372,8.254574
timesfm25,m4,D2378,1.00531,222.856044,2.004431
timesfm25,m4,D2379,0.857776,197.838614,1.356575
timesfm25,m4,D238,0.830177,23.487006,1.786941
timesfm25,m4,D2380,2.051879,559.854529,18.450989
timesfm25,m4,D2381,0.311286,78.498949,0.362974
timesfm25,m4,D2382,0.622708,142.232692,0.674949
timesfm25,m4,D2383,0.809995,73.588266,3.118134
timesfm25,m4,D2384,0.739634,135.515134,1.10897
timesfm25,m4,D2385,1.619249,70.273607,2.035364
timesfm25,m4,D2386,1.139956,218.853056,1.602482
timesfm25,m4,D2387,0.76475,151.215402,2.162868
timesfm25,m4,D2388,2.579194,351.920645,2.286378
timesfm25,m4,D2389,0.628009,183.503214,1.608478
timesfm25,m4,D239,1.19251,33.912606,1.918165
timesfm25,m4,D2390,0.408671,140.503399,1.108796
timesfm25,m4,D2391,0.431838,139.568035,0.821662
timesfm25,m4,D2392,2.908445,691.930407,5.147659
timesfm25,m4,D2393,1.103222,341.743313,4.648223
timesfm25,m4,D2394,1.81252,416.989845,2.447959
timesfm25,m4,D2395,1.965683,260.874236,3.186795
timesfm25,m4,D2396,1.431308,474.903099,2.833894
timesfm25,m4,D2397,1.259542,354.496496,2.358863
timesfm25,m4,D2398,2.751191,669.68731,3.358463
timesfm25,m4,D2399,1.33273,436.279727,3.374486
timesfm25,m4,D24,0.941791,43.990658,1.44495
timesfm25,m4,D240,1.144673,32.382793,1.844395
timesfm25,m4,D2400,1.944157,547.542436,2.900687
timesfm25,m4,D2401,1.897508,495.574257,2.588354
timesfm25,m4,D2402,2.118466,658.549187,3.068318
timesfm25,m4,D2403,1.383454,470.7066,2.750134
timesfm25,m4,D2404,0.623069,218.569774,3.216907
timesfm25,m4,D2405,3.961091,980.683403,5.374091
timesfm25,m4,D2406,2.0911,591.954047,3.298318
timesfm25,m4,D2407,1.620451,432.717034,4.268924
timesfm25,m4,D2408,0.863849,238.744854,2.628665
timesfm25,m4,D2409,1.520099,368.971904,4.085093
timesfm25,m4,D241,1.146313,33.809796,1.879896
timesfm25,m4,D2410,0.753655,213.271,2.628312
timesfm25,m4,D2411,2.247055,647.872504,8.151537
timesfm25,m4,D2412,1.263418,346.405437,4.341933
timesfm25,m4,D2413,0.535646,150.47767,1.227541
timesfm25,m4,D2414,1.05391,293.105903,2.700735
timesfm25,m4,D2415,0.87953,235.334013,4.982258
timesfm25,m4,D2416,1.658886,241.135352,1.891273
timesfm25,m4,D2417,1.531895,225.608985,1.834893
timesfm25,m4,D2418,2.224483,314.300314,2.473764
timesfm25,m4,D2419,2.09341,302.122582,2.386372
timesfm25,m4,D242,0.780859,18.797335,1.136879
timesfm25,m4,D2420,2.555366,355.189364,2.5147
timesfm25,m4,D2421,0.344686,69.823197,1.209358
timesfm25,m4,D2422,2.728137,366.049454,2.578934
timesfm25,m4,D2423,2.246498,311.77878,2.363252
timesfm25,m4,D2424,1.091508,229.908618,2.905638
timesfm25,m4,D2425,0.426575,98.970235,0.677725
timesfm25,m4,D2426,0.831311,225.602371,2.764606
timesfm25,m4,D2427,1.902873,439.433709,2.295734
timesfm25,m4,D2428,1.610743,445.571455,4.164832
timesfm25,m4,D2429,1.210108,344.757523,2.835979
timesfm25,m4,D243,0.670389,16.657732,0.972535
timesfm25,m4,D2430,2.362356,412.340272,3.419375
timesfm25,m4,D2431,1.252014,348.365099,1.505801
timesfm25,m4,D2432,0.172332,34.795056,0.849557
timesfm25,m4,D2433,0.801273,24.811228,2.127923
timesfm25,m4,D2434,1.099804,246.782886,2.185391
timesfm25,m4,D2435,1.931305,86.704974,3.695136
timesfm25,m4,D2436,3.016997,1120.098545,5.093776
timesfm25,m4,D2437,0.507147,122.972756,2.371837
timesfm25,m4,D2438,0.274018,63.888453,1.07226
timesfm25,m4,D2439,3.211795,124.593389,4.991327
timesfm25,m4,D244,0.778183,19.338211,1.123976
timesfm25,m4,D2440,0.56094,39.736114,2.272527
timesfm25,m4,D2441,1.101056,60.475466,4.268116
timesfm25,m4,D2442,2.278568,250.436884,1.54698
timesfm25,m4,D2443,0.058129,16.578699,0.803559
timesfm25,m4,D2444,1.412517,146.510125,4.237555
timesfm25,m4,D2445,0.069537,19.589491,1.534948
timesfm25,m4,D2446,1.976079,190.134625,6.676244
timesfm25,m4,D2447,1.867472,622.492043,4.16291
timesfm25,m4,D2448,1.148569,403.563057,2.907875
timesfm25,m4,D2449,1.819185,568.037658,3.965174
timesfm25,m4,D245,0.70129,17.779497,1.037553
timesfm25,m4,D2450,1.639272,552.80054,4.410911
timesfm25,m4,D2451,1.325639,216.386274,1.244293
timesfm25,m4,D2452,1.198847,200.905382,1.243594
timesfm25,m4,D2453,0.632594,182.704616,0.699511
timesfm25,m4,D2454,0.374915,130.626869,2.740388
timesfm25,m4,D2455,1.651929,373.148031,2.448477
timesfm25,m4,D2456,1.282543,264.50799,4.253707
timesfm25,m4,D2457,0.49637,100.136635,0.80384
timesfm25,m4,D2458,0.986898,208.238426,1.437115
timesfm25,m4,D2459,1.254743,359.812397,8.03779
timesfm25,m4,D246,0.430874,8.757042,0.520275
timesfm25,m4,D2460,1.348866,395.574602,4.433112
timesfm25,m4,D2461,1.252961,417.99372,4.73908
timesfm25,m4,D2462,1.615601,444.885501,4.582306
timesfm25,m4,D2463,0.751508,299.188003,3.918379
timesfm25,m4,D2464,1.6601,393.780654,4.119319
timesfm25,m4,D2465,1.129472,351.24028,4.04234
timesfm25,m4,D2466,1.349469,57.694311,3.901199
timesfm25,m4,D2467,2.146235,684.325215,5.453107
timesfm25,m4,D2468,1.921243,591.942908,4.433778
timesfm25,m4,D2469,1.60758,506.915334,3.89087
timesfm25,m4,D247,0.747805,13.220596,0.921057
timesfm25,m4,D2470,2.177876,445.36251,2.881422
timesfm25,m4,D2471,2.626918,589.544475,3.387105
timesfm25,m4,D2472,1.731782,633.923546,16.262562
timesfm25,m4,D2473,4.7899,1397.636308,6.128938
timesfm25,m4,D2474,4.774175,1389.404819,6.042452
timesfm25,m4,D2475,5.175523,1416.407295,6.257504
timesfm25,m4,D2476,0.328758,122.94511,3.260826
timesfm25,m4,D2477,0.672121,28.101881,3.062024
timesfm25,m4,D2478,0.178119,84.50902,1.601556
timesfm25,m4,D2479,0.767219,31.286336,1.640432
timesfm25,m4,D248,0.32584,8.335944,0.599701
timesfm25,m4,D2480,0.484108,147.53128,0.922961
timesfm25,m4,D2481,0.609325,59.282183,1.131438
timesfm25,m4,D2482,0.496499,146.028023,0.952769
timesfm25,m4,D2483,0.378374,16.855256,1.104101
timesfm25,m4,D2484,0.741397,196.903024,1.183112
timesfm25,m4,D2485,0.852586,137.187009,1.627043
timesfm25,m4,D2486,1.041828,187.88682,1.81955
timesfm25,m4,D2487,1.730949,440.292925,1.89167
timesfm25,m4,D2488,0.48999,25.20044,1.586913
timesfm25,m4,D2489,0.680917,238.350738,1.157089
timesfm25,m4,D249,0.328964,7.081754,0.556129
timesfm25,m4,D2490,0.723165,250.830932,1.157035
timesfm25,m4,D2491,0.39748,164.891471,1.373371
timesfm25,m4,D2492,0.454178,194.192931,1.509489
timesfm25,m4,D2493,0.615823,36.492901,2.923572
timesfm25,m4,D2494,0.395783,21.184787,1.03657
timesfm25,m4,D2495,0.826351,38.764954,1.953326
timesfm25,m4,D2496,3.101601,820.032316,6.366823
timesfm25,m4,D2497,4.310102,658.782613,3.747088
timesfm25,m4,D2498,0.281288,118.597431,1.342731
timesfm25,m4,D2499,0.253298,14.310884,1.626438
timesfm25,m4,D25,0.627214,17.729746,0.980852
timesfm25,m4,D250,0.339474,8.027128,0.582032
timesfm25,m4,D2500,0.298402,17.421516,1.826905
timesfm25,m4,D2501,0.254553,13.909369,1.555315
timesfm25,m4,D2502,1.447308,252.739537,1.926293
timesfm25,m4,D2503,0.1556,46.350632,0.982943
timesfm25,m4,D2504,0.134805,34.75958,0.686221
timesfm25,m4,D2505,1.799162,283.857496,2.438279
timesfm25,m4,D2506,1.461599,252.756931,1.948319
timesfm25,m4,D2507,1.235792,252.034154,2.194173
timesfm25,m4,D2508,0.51311,119.701484,0.885424
timesfm25,m4,D2509,1.186014,87.758396,3.121705
timesfm25,m4,D251,0.27696,6.116893,0.473956
timesfm25,m4,D2510,1.060407,240.603814,1.970311
timesfm25,m4,D2511,0.572955,24.026951,1.186816
timesfm25,m4,D2512,1.766564,335.842295,2.245952
timesfm25,m4,D2513,1.501315,327.035489,2.171311
timesfm25,m4,D2514,1.495873,268.588571,2.039716
timesfm25,m4,D2515,0.198654,49.883362,0.422438
timesfm25,m4,D2516,1.089344,237.978195,3.179046
timesfm25,m4,D2517,0.743513,181.095732,3.018322
timesfm25,m4,D2518,1.049991,425.237121,5.241124
timesfm25,m4,D2519,1.275817,51.770365,2.041952
timesfm25,m4,D252,0.356246,11.265625,0.782376
timesfm25,m4,D2520,1.871287,888.203067,5.55153
timesfm25,m4,D2521,0.737947,29.737242,2.020597
timesfm25,m4,D2522,0.316554,138.470249,1.179648
timesfm25,m4,D2523,0.804511,332.94485,3.31212
timesfm25,m4,D2524,1.032835,61.959138,11.046888
timesfm25,m4,D2525,1.161391,500.887306,2.740293
timesfm25,m4,D2526,1.213644,437.845007,2.791122
timesfm25,m4,D2527,1.638479,117.854871,3.149557
timesfm25,m4,D2528,0.821016,308.477131,2.208091
timesfm25,m4,D2529,0.377404,18.171265,2.00871
timesfm25,m4,D253,0.335684,9.343381,0.728624
timesfm25,m4,D2530,1.307063,437.316855,4.170071
timesfm25,m4,D2531,1.077859,44.665821,3.39809
timesfm25,m4,D2532,0.859166,151.007974,3.098195
timesfm25,m4,D2533,2.642153,246.317607,7.467275
timesfm25,m4,D2534,1.177852,135.014308,4.216514
timesfm25,m4,D2535,0.129636,17.582953,1.629557
timesfm25,m4,D2536,1.096146,303.332648,10.660864
timesfm25,m4,D2537,0.70891,84.588347,2.120398
timesfm25,m4,D2538,1.875155,575.292616,5.294456
timesfm25,m4,D2539,0.579904,118.219659,1.285521
timesfm25,m4,D254,0.356126,11.068564,0.779506
timesfm25,m4,D2540,1.188164,59.612416,4.07967
timesfm25,m4,D2541,0.19144,63.881698,1.328545
timesfm25,m4,D2542,0.978286,338.180356,2.019335
timesfm25,m4,D2543,0.705356,282.737082,1.955912
timesfm25,m4,D2544,1.207597,408.972397,2.273992
timesfm25,m4,D2545,0.673621,280.7788,1.424371
timesfm25,m4,D2546,1.295022,472.422613,2.66474
timesfm25,m4,D2547,0.414301,16.381152,1.534448
timesfm25,m4,D2548,0.48034,219.197908,1.793322
timesfm25,m4,D2549,0.923778,39.132504,2.549521
timesfm25,m4,D255,0.277206,8.32819,0.605885
timesfm25,m4,D2550,0.718544,151.479223,10.553797
timesfm25,m4,D2551,1.158471,250.872898,1.587368
timesfm25,m4,D2552,0.859337,30.296014,1.904712
timesfm25,m4,D2553,1.321943,39.896933,2.495989
timesfm25,m4,D2554,1.401009,45.362884,4.857938
timesfm25,m4,D2555,1.083804,184.750951,1.458479
timesfm25,m4,D2556,0.685684,77.61697,1.522609
timesfm25,m4,D2557,0.684832,24.359441,1.954245
timesfm25,m4,D2558,1.288652,40.250364,2.217929
timesfm25,m4,D2559,1.48704,336.673525,1.931118
timesfm25,m4,D256,1.256886,24.498666,1.645331
timesfm25,m4,D2560,1.612783,52.053833,2.962507
timesfm25,m4,D2561,2.386473,642.95079,3.940065
timesfm25,m4,D2562,0.543899,241.39221,1.256681
timesfm25,m4,D2563,0.412327,160.82909,1.192053
timesfm25,m4,D2564,1.400588,157.499857,4.304766
timesfm25,m4,D2565,0.799521,271.483828,2.634266
timesfm25,m4,D2566,0.660911,28.338046,3.022822
timesfm25,m4,D2567,0.742879,37.619388,4.655556
timesfm25,m4,D2568,1.022023,30.941062,3.398096
timesfm25,m4,D2569,0.341573,108.701363,2.29223
timesfm25,m4,D257,1.555609,28.699264,2.354824
timesfm25,m4,D2570,1.064146,41.16238,4.823967
timesfm25,m4,D2571,0.221812,10.264407,0.997704
timesfm25,m4,D2572,0.89572,44.949073,6.460303
timesfm25,m4,D2573,1.549183,75.836575,7.303599
timesfm25,m4,D2574,1.21439,59.501933,5.896318
timesfm25,m4,D2575,1.201604,58.363357,5.896004
timesfm25,m4,D2576,0.550926,159.099179,1.422351
timesfm25,m4,D2577,0.471675,129.586452,0.971487
timesfm25,m4,D2578,0.203197,16.136304,0.701899
timesfm25,m4,D2579,0.228436,69.300668,0.506103
timesfm25,m4,D258,1.583105,30.777493,2.431823
timesfm25,m4,D2580,1.510157,52.169123,5.541146
timesfm25,m4,D2581,0.15898,18.050818,0.503686
timesfm25,m4,D2582,0.271186,13.006401,1.221411
timesfm25,m4,D2583,0.46406,22.370087,1.171796
timesfm25,m4,D2584,1.479643,378.569057,3.600387
timesfm25,m4,D2585,0.816002,73.542591,3.000857
timesfm25,m4,D2586,0.324091,12.966221,0.716893
timesfm25,m4,D2587,0.617321,23.492876,1.382948
timesfm25,m4,D2588,0.779622,23.637012,1.062635
timesfm25,m4,D2589,0.823454,63.033588,1.958746
timesfm25,m4,D259,1.689778,32.181853,2.594179
timesfm25,m4,D2590,0.2947,84.501433,0.690929
timesfm25,m4,D2591,0.845665,53.684496,1.377083
timesfm25,m4,D2592,0.726638,23.569036,1.278728
timesfm25,m4,D2593,0.370116,79.570542,0.647075
timesfm25,m4,D2594,0.829843,24.411864,1.316955
timesfm25,m4,D2595,1.827979,127.960779,3.200918
timesfm25,m4,D2596,0.687759,19.576225,1.312188
timesfm25,m4,D2597,1.110782,50.856958,2.49062
timesfm25,m4,D2598,0.469031,91.377421,0.697608
timesfm25,m4,D2599,2.422794,330.398599,2.219302
timesfm25,m4,D26,0.919716,38.131374,1.347494
timesfm25,m4,D260,0.646992,15.026613,1.071436
timesfm25,m4,D2600,2.226067,580.990103,3.529468
timesfm25,m4,D2601,1.187959,225.91032,1.41684
timesfm25,m4,D2602,0.726142,145.804188,1.001641
timesfm25,m4,D2603,0.834428,23.086445,1.310511
timesfm25,m4,D2604,0.695839,54.614042,0.994175
timesfm25,m4,D2605,1.197797,239.446562,2.0567
timesfm25,m4,D2606,1.026841,41.208589,4.084526
timesfm25,m4,D2607,0.234823,60.001369,0.387963
timesfm25,m4,D2608,0.408703,153.662208,1.068661
timesfm25,m4,D2609,0.422788,107.726981,4.303948
timesfm25,m4,D261,1.120386,21.565079,1.82056
timesfm25,m4,D2610,0.254278,86.011349,0.653087
timesfm25,m4,D2611,0.836168,318.334852,3.523467
timesfm25,m4,D2612,1.602862,542.629046,6.323368
timesfm25,m4,D2613,0.392323,102.990959,1.072173
timesfm25,m4,D2614,0.275029,89.206594,0.736163
timesfm25,m4,D2615,0.38221,99.768379,0.959699
timesfm25,m4,D2616,0.292797,123.691041,0.546869
timesfm25,m4,D2617,0.416546,115.902121,0.812151
timesfm25,m4,D2618,0.431182,93.166879,2.203405
timesfm25,m4,D2619,1.354499,335.770976,1.410735
timesfm25,m4,D262,0.852873,19.153109,1.394672
timesfm25,m4,D2620,1.333206,366.044418,2.359944
timesfm25,m4,D2621,0.730744,238.833804,2.310128
timesfm25,m4,D2622,0.992106,27.386004,1.697303
timesfm25,m4,D2623,0.980768,23.442596,1.643628
timesfm25,m4,D2624,1.001408,216.908976,1.861037
timesfm25,m4,D2625,1.093071,30.203227,1.928587
timesfm25,m4,D2626,0.826734,50.178295,1.969642
timesfm25,m4,D2627,1.569091,367.306965,2.750481
timesfm25,m4,D2628,1.407143,326.260117,1.602285
timesfm25,m4,D2629,1.064057,250.23151,1.20827
timesfm25,m4,D263,0.682777,12.760727,0.957222
timesfm25,m4,D2630,0.625589,141.706949,0.94931
timesfm25,m4,D2631,0.43589,148.837546,0.773722
timesfm25,m4,D2632,0.61618,174.154116,0.909486
timesfm25,m4,D2633,2.143985,580.763264,2.511639
timesfm25,m4,D2634,0.353386,94.022474,0.556534
timesfm25,m4,D2635,1.372936,290.788287,1.664264
timesfm25,m4,D2636,0.409879,53.612422,2.04634
timesfm25,m4,D2637,0.676405,173.726859,0.893733
timesfm25,m4,D2638,1.774565,357.188971,2.226515
timesfm25,m4,D2639,0.938704,87.413442,3.216548
timesfm25,m4,D264,0.552045,10.850184,0.825361
timesfm25,m4,D2640,0.669313,212.497923,0.967221
timesfm25,m4,D2641,0.289105,11.51275,1.150269
timesfm25,m4,D2642,0.519264,19.225686,0.966741
timesfm25,m4,D2643,0.80924,252.290747,2.161631
timesfm25,m4,D2644,0.903895,225.061164,1.752042
timesfm25,m4,D2645,0.972635,254.015871,2.107216
timesfm25,m4,D2646,0.360128,152.406849,3.210192
timesfm25,m4,D2647,0.672443,287.432071,2.797519
timesfm25,m4,D2648,0.82621,252.978862,2.449407
timesfm25,m4,D2649,0.466484,104.546556,0.686213
timesfm25,m4,D265,0.549848,10.620905,0.767879
timesfm25,m4,D2650,1.556776,358.211442,2.763475
timesfm25,m4,D2651,2.033262,505.231599,6.791767
timesfm25,m4,D2652,0.540884,32.144945,2.956168
timesfm25,m4,D2653,0.86448,35.839065,1.858799
timesfm25,m4,D2654,0.826674,34.920561,1.858474
timesfm25,m4,D2655,0.522628,17.15573,0.894653
timesfm25,m4,D2656,1.617003,44.940553,1.854017
timesfm25,m4,D2657,0.534338,114.329055,2.254928
timesfm25,m4,D2658,1.19071,329.188491,1.42491
timesfm25,m4,D2659,0.405186,76.448023,1.015754
timesfm25,m4,D266,0.829287,17.2396,1.439885
timesfm25,m4,D2660,1.167486,146.571348,2.402205
timesfm25,m4,D2661,0.432933,137.83132,1.401032
timesfm25,m4,D2662,1.238841,291.420377,2.01097
timesfm25,m4,D2663,0.731989,166.887371,1.58826
timesfm25,m4,D2664,0.23833,55.906691,0.728257
timesfm25,m4,D2665,2.381501,509.177738,2.675157
timesfm25,m4,D2666,0.534899,173.159874,2.322271
timesfm25,m4,D2667,0.447976,108.657261,0.484382
timesfm25,m4,D2668,0.932898,39.161464,1.956824
timesfm25,m4,D2669,0.893529,30.691117,3.992222
timesfm25,m4,D267,0.700358,15.154278,1.23597
timesfm25,m4,D2670,1.374488,335.050533,5.123333
timesfm25,m4,D2671,0.454566,14.764915,0.754284
timesfm25,m4,D2672,0.948473,181.811329,0.95761
timesfm25,m4,D2673,0.970768,186.769692,1.035697
timesfm25,m4,D2674,0.721889,149.584725,0.693815
timesfm25,m4,D2675,0.176266,58.124204,0.47126
timesfm25,m4,D2676,0.625349,59.838467,2.017884
timesfm25,m4,D2677,1.180352,145.241784,1.508857
timesfm25,m4,D2678,1.056908,25.88663,1.650895
timesfm25,m4,D2679,1.529251,229.889044,1.297092
timesfm25,m4,D268,0.831513,16.783528,1.46842
timesfm25,m4,D2680,0.750836,90.261629,0.541809
timesfm25,m4,D2681,0.979575,51.777542,1.199381
timesfm25,m4,D2682,0.253111,65.175522,0.836969
timesfm25,m4,D2683,0.734607,170.462973,0.726914
timesfm25,m4,D2684,2.200583,57.444942,2.656225
timesfm25,m4,D2685,0.662056,163.341559,1.936971
timesfm25,m4,D2686,1.759859,374.093864,1.442742
timesfm25,m4,D2687,0.695254,113.15354,1.881917
timesfm25,m4,D2688,0.753325,114.308199,2.90338
timesfm25,m4,D2689,0.121049,4.219801,0.389467
timesfm25,m4,D269,0.768049,16.713016,1.366046
timesfm25,m4,D2690,0.767507,201.413996,0.792481
timesfm25,m4,D2691,1.717663,312.598597,1.561001
timesfm25,m4,D2692,0.270998,59.047636,1.161196
timesfm25,m4,D2693,2.564619,555.773644,3.193619
timesfm25,m4,D2694,3.682802,652.47203,3.473775
timesfm25,m4,D2695,3.415971,203.217729,3.825817
timesfm25,m4,D2696,2.497503,225.645593,2.839709
timesfm25,m4,D2697,0.375296,106.000244,1.879761
timesfm25,m4,D2698,4.675495,759.662137,3.561741
timesfm25,m4,D2699,3.504871,678.136094,3.347476
timesfm25,m4,D27,0.332004,12.501557,0.554394
timesfm25,m4,D270,0.626802,13.601693,0.873189
timesfm25,m4,D2700,3.950258,769.3717,3.815992
timesfm25,m4,D2701,1.138718,131.011249,2.530273
timesfm25,m4,D2702,1.282689,290.22004,1.387664
timesfm25,m4,D2703,0.294563,42.623213,0.641449
timesfm25,m4,D2704,0.903953,133.449729,1.270636
timesfm25,m4,D2705,0.377085,104.739385,1.109533
timesfm25,m4,D2706,0.592378,146.956779,0.770967
timesfm25,m4,D2707,0.479506,21.572332,0.806677
timesfm25,m4,D2708,0.817692,248.715788,1.181371
timesfm25,m4,D2709,3.135282,691.312768,3.388524
timesfm25,m4,D271,0.548862,12.078193,0.747093
timesfm25,m4,D2710,0.886496,255.723361,1.289271
timesfm25,m4,D2711,0.749583,237.723694,1.443959
timesfm25,m4,D2712,1.638901,476.027261,2.26758
timesfm25,m4,D2713,0.611998,162.621175,0.777303
timesfm25,m4,D2714,0.315345,92.094535,0.834625
timesfm25,m4,D2715,0.6703,25.654779,0.917203
timesfm25,m4,D2716,0.408138,16.082637,2.381933
timesfm25,m4,D2717,0.961167,45.044223,2.681962
timesfm25,m4,D2718,0.928313,43.245161,3.225722
timesfm25,m4,D2719,0.551073,117.942857,0.984424
timesfm25,m4,D272,0.556274,11.915733,0.771985
timesfm25,m4,D2720,0.410792,90.331335,0.470332
timesfm25,m4,D2721,0.698595,151.620839,0.586839
timesfm25,m4,D2722,1.312108,295.259711,1.70039
timesfm25,m4,D2723,1.318628,324.161189,1.851427
timesfm25,m4,D2724,0.344511,10.777792,0.509161
timesfm25,m4,D2725,2.541437,408.081315,2.132708
timesfm25,m4,D2726,0.869775,180.20384,2.42937
timesfm25,m4,D2727,1.863353,387.081084,2.0594
timesfm25,m4,D2728,0.609364,18.107433,1.248527
timesfm25,m4,D2729,2.39535,317.400292,1.676854
timesfm25,m4,D273,0.493828,9.79609,0.670082
timesfm25,m4,D2730,0.336821,33.626013,0.966155
timesfm25,m4,D2731,0.781141,145.969369,0.843926
timesfm25,m4,D2732,0.863299,33.152853,3.402655
timesfm25,m4,D2733,2.170866,74.940435,2.578789
timesfm25,m4,D2734,1.476737,47.19429,2.879553
timesfm25,m4,D2735,0.774797,29.34466,1.433973
timesfm25,m4,D2736,1.237324,46.74109,4.816418
timesfm25,m4,D2737,0.732184,21.204358,1.349487
timesfm25,m4,D2738,0.936657,26.158446,1.558953
timesfm25,m4,D2739,0.873475,195.752943,0.807497
timesfm25,m4,D274,1.016623,16.404835,1.300121
timesfm25,m4,D2740,1.093239,305.044041,1.322266
timesfm25,m4,D2741,0.575597,16.811569,0.864559
timesfm25,m4,D2742,6.658947,3329.574147,9.679382
timesfm25,m4,D2743,0.878235,188.027892,1.939775
timesfm25,m4,D2744,1.371874,450.996865,8.746566
timesfm25,m4,D2745,1.508757,23.005203,1.642549
timesfm25,m4,D2746,1.438459,30.919122,2.107569
timesfm25,m4,D2747,1.245956,328.181007,1.914571
timesfm25,m4,D2748,0.871593,31.036158,1.771416
timesfm25,m4,D2749,0.699682,23.633404,1.039327
timesfm25,m4,D275,0.51749,9.400305,0.658741
timesfm25,m4,D2750,1.59069,365.108246,3.15945
timesfm25,m4,D2751,0.19084,36.776937,2.781311
timesfm25,m4,D2752,2.114087,687.606355,5.793056
timesfm25,m4,D2753,0.465649,148.430105,2.591719
timesfm25,m4,D2754,0.474922,70.601666,1.604346
timesfm25,m4,D2755,1.792707,70.135691,5.414749
timesfm25,m4,D2756,0.243026,7.220718,0.432355
timesfm25,m4,D2757,1.078459,38.332155,3.293426
timesfm25,m4,D2758,1.576778,405.927795,3.065989
timesfm25,m4,D2759,2.098373,385.673336,3.117338
timesfm25,m4,D276,0.888361,14.490484,1.144799
timesfm25,m4,D2760,0.356926,71.709483,2.727337
timesfm25,m4,D2761,0.803738,233.283383,1.133725
timesfm25,m4,D2762,0.871418,245.328495,1.111544
timesfm25,m4,D2763,1.173765,211.106553,0.908825
timesfm25,m4,D2764,0.450584,56.77626,2.748943
timesfm25,m4,D2765,0.467248,147.743774,0.92686
timesfm25,m4,D2766,0.361533,134.531399,1.195712
timesfm25,m4,D2767,0.867265,213.132295,1.681417
timesfm25,m4,D2768,0.351016,104.687924,1.085948
timesfm25,m4,D2769,0.995716,166.547015,2.736319
timesfm25,m4,D277,0.685891,12.02363,0.864147
timesfm25,m4,D2770,1.030886,31.804975,1.507682
timesfm25,m4,D2771,0.482829,19.518039,0.858075
timesfm25,m4,D2772,0.751411,28.269739,1.464059
timesfm25,m4,D2773,0.620011,31.704367,1.660774
timesfm25,m4,D2774,0.512455,152.447622,1.935018
timesfm25,m4,D2775,0.182584,7.749307,0.41069
timesfm25,m4,D2776,0.532619,90.170295,0.735582
timesfm25,m4,D2777,0.876158,157.295949,2.076658
timesfm25,m4,D2778,1.510875,66.4591,3.551843
timesfm25,m4,D2779,1.770846,227.235827,1.914672
timesfm25,m4,D278,0.985576,17.246,1.327603
timesfm25,m4,D2780,0.241557,27.68401,2.077898
timesfm25,m4,D2781,0.540684,86.256083,0.950709
timesfm25,m4,D2782,1.125473,132.892682,1.539534
timesfm25,m4,D2783,0.286904,8.121949,0.734477
timesfm25,m4,D2784,0.457828,81.88153,0.696313
timesfm25,m4,D2785,0.933953,55.448018,2.559054
timesfm25,m4,D2786,1.390568,307.94716,7.68698
timesfm25,m4,D2787,1.190518,346.483225,3.18132
timesfm25,m4,D2788,1.710477,626.987914,6.829234
timesfm25,m4,D2789,1.913783,686.772137,6.47858
timesfm25,m4,D279,1.207235,19.840224,1.59708
timesfm25,m4,D2790,2.22897,801.910219,6.85234
timesfm25,m4,D2791,0.265801,42.59518,0.415685
timesfm25,m4,D2792,0.562193,83.130918,0.667242
timesfm25,m4,D2793,1.728666,356.201718,4.48648
timesfm25,m4,D2794,0.478632,100.323228,1.166405
timesfm25,m4,D2795,2.767718,391.90285,5.148906
timesfm25,m4,D2796,0.3233,113.656998,0.946707
timesfm25,m4,D2797,0.319504,14.886567,0.971294
timesfm25,m4,D2798,0.749359,92.816767,2.752485
timesfm25,m4,D2799,0.176234,61.286068,0.679221
timesfm25,m4,D28,0.14656,5.206411,1.0392
timesfm25,m4,D280,1.106929,18.920094,1.466497
timesfm25,m4,D2800,0.89411,338.505562,4.561827
timesfm25,m4,D2801,0.597041,185.069476,1.546438
timesfm25,m4,D2802,0.42955,21.656566,1.775097
timesfm25,m4,D2803,0.376205,157.746787,1.193159
timesfm25,m4,D2804,1.992076,251.148013,3.0941
timesfm25,m4,D2805,0.238138,20.798309,1.094254
timesfm25,m4,D2806,0.436902,21.072077,2.186067
timesfm25,m4,D2807,0.282517,13.77827,1.673013
timesfm25,m4,D2808,0.290019,78.122828,1.363548
timesfm25,m4,D2809,0.931835,248.044115,1.257576
timesfm25,m4,D281,1.8045,28.865241,2.381791
timesfm25,m4,D2810,1.07248,300.026548,3.50996
timesfm25,m4,D2811,0.188192,67.574239,1.956914
timesfm25,m4,D2812,0.300225,103.307027,0.833924
timesfm25,m4,D2813,2.221218,315.344566,4.942302
timesfm25,m4,D2814,0.460761,172.449732,0.981316
timesfm25,m4,D2815,0.641679,168.741655,1.442464
timesfm25,m4,D2816,1.439454,167.646356,2.864246
timesfm25,m4,D2817,0.547777,162.285189,1.455151
timesfm25,m4,D2818,0.913337,256.344769,2.346962
timesfm25,m4,D2819,0.735578,196.871468,2.105131
timesfm25,m4,D282,2.028884,31.852548,2.657745
timesfm25,m4,D2820,0.630233,146.957969,1.353459
timesfm25,m4,D2821,1.50607,346.432871,6.140967
timesfm25,m4,D2822,0.575297,134.978253,0.977081
timesfm25,m4,D2823,0.465086,129.484744,1.02561
timesfm25,m4,D2824,0.540093,160.423901,1.072225
timesfm25,m4,D2825,1.405275,372.985296,2.634064
timesfm25,m4,D2826,0.392938,144.905903,1.400635
timesfm25,m4,D2827,0.271604,110.857546,6.545817
timesfm25,m4,D2828,0.310241,25.899024,1.262529
timesfm25,m4,D2829,0.195361,11.599103,1.198734
timesfm25,m4,D283,2.05862,32.353065,2.672153
timesfm25,m4,D2830,0.23643,12.82388,1.236684
timesfm25,m4,D2831,0.25819,13.008092,1.58067
timesfm25,m4,D2832,1.403412,57.200746,6.482462
timesfm25,m4,D2833,0.965058,38.212767,3.683639
timesfm25,m4,D2834,0.395275,113.434112,0.953486
timesfm25,m4,D2835,0.47283,136.087991,0.918929
timesfm25,m4,D2836,1.152072,386.011051,3.194964
timesfm25,m4,D2837,0.790367,170.340411,3.02301
timesfm25,m4,D2838,0.518076,130.982987,0.984689
timesfm25,m4,D2839,1.454736,370.845508,4.375162
timesfm25,m4,D284,0.947331,17.784156,1.269935
timesfm25,m4,D2840,1.347745,200.901552,1.975593
timesfm25,m4,D2841,0.873644,200.819182,1.516861
timesfm25,m4,D2842,0.904672,279.312563,1.882627
timesfm25,m4,D2843,1.528254,438.018889,2.556023
timesfm25,m4,D2844,1.633259,75.087013,2.809341
timesfm25,m4,D2845,1.143722,129.596293,5.315318
timesfm25,m4,D2846,0.995792,303.013846,1.56148
timesfm25,m4,D2847,3.02432,862.354589,19.845234
timesfm25,m4,D2848,0.495909,126.271954,1.032439
timesfm25,m4,D2849,0.554759,144.595563,2.333695
timesfm25,m4,D285,0.884256,17.959876,1.252813
timesfm25,m4,D2850,0.454781,171.163385,1.622261
timesfm25,m4,D2851,0.89533,350.512359,3.711218
timesfm25,m4,D2852,1.599988,64.392394,3.350726
timesfm25,m4,D2853,1.612172,424.42566,1.883831
timesfm25,m4,D2854,0.997978,460.002225,3.693453
timesfm25,m4,D2855,3.139012,2913.793232,12.278703
timesfm25,m4,D2856,1.598962,570.036265,9.011838
timesfm25,m4,D2857,1.128224,74.095737,4.485673
timesfm25,m4,D2858,0.620084,181.520434,1.657371
timesfm25,m4,D2859,1.494712,389.455349,2.397358
timesfm25,m4,D286,2.533067,50.022161,3.68134
timesfm25,m4,D2860,0.956984,351.603525,4.304364
timesfm25,m4,D2861,0.614217,175.56952,1.264554
timesfm25,m4,D2862,1.36974,316.096764,1.753363
timesfm25,m4,D2863,0.603684,151.0041,1.410782
timesfm25,m4,D2864,0.704057,161.963284,1.410116
timesfm25,m4,D2865,1.53851,374.254655,3.700621
timesfm25,m4,D2866,0.090559,41.36257,3.473439
timesfm25,m4,D2867,0.754011,270.425677,2.241344
timesfm25,m4,D2868,0.579333,222.317262,1.971652
timesfm25,m4,D2869,3.590627,520.255166,4.756242
timesfm25,m4,D287,2.559826,51.282385,3.712543
timesfm25,m4,D2870,3.104373,791.711635,4.236754
timesfm25,m4,D2871,3.112486,763.003645,4.162714
timesfm25,m4,D2872,2.673739,761.967765,4.34724
timesfm25,m4,D2873,0.195604,36.942386,1.182085
timesfm25,m4,D2874,2.427909,722.56985,4.347672
timesfm25,m4,D2875,2.304713,515.402543,2.92362
timesfm25,m4,D2876,3.817754,1327.023596,13.500395
timesfm25,m4,D2877,3.365538,204.816438,6.034129
timesfm25,m4,D2878,0.157094,10.412939,1.135527
timesfm25,m4,D2879,1.447703,543.113392,3.114062
timesfm25,m4,D288,2.417388,46.735945,3.406206
timesfm25,m4,D2880,0.641491,296.355809,1.991878
timesfm25,m4,D2881,0.175502,71.303626,1.50318
timesfm25,m4,D2882,0.684867,33.24625,1.757252
timesfm25,m4,D2883,0.313743,99.785086,1.115805
timesfm25,m4,D2884,0.381011,136.954935,1.384964
timesfm25,m4,D2885,0.464263,160.939818,1.839931
timesfm25,m4,D2886,0.59648,49.341279,2.837508
timesfm25,m4,D2887,7.220752,417.220603,6.858326
timesfm25,m4,D2888,0.225955,65.187519,1.436371
timesfm25,m4,D2889,4.386514,1077.756408,4.752601
timesfm25,m4,D289,2.487013,48.385723,3.52742
timesfm25,m4,D2890,3.832491,1092.964146,5.184928
timesfm25,m4,D2891,0.43093,138.101094,0.990839
timesfm25,m4,D2892,3.837697,965.897801,4.842396
timesfm25,m4,D2893,0.766934,160.807192,1.413633
timesfm25,m4,D2894,1.340168,316.655447,2.473076
timesfm25,m4,D2895,1.538987,366.750383,4.268249
timesfm25,m4,D2896,2.660802,812.919815,8.41413
timesfm25,m4,D2897,0.737688,353.149302,2.263967
timesfm25,m4,D2898,0.78735,383.848196,2.263865
timesfm25,m4,D2899,1.380735,331.800745,4.958928
timesfm25,m4,D29,4.842454,377.63191,5.40342
timesfm25,m4,D290,0.200348,31.523838,0.259027
timesfm25,m4,D2900,0.395468,204.535382,5.457192
timesfm25,m4,D2901,2.68955,729.793764,3.771039
timesfm25,m4,D2902,1.466389,395.944145,2.256385
timesfm25,m4,D2903,1.530988,497.769603,3.06408
timesfm25,m4,D2904,1.110115,37.430981,2.084084
timesfm25,m4,D2905,1.484064,64.94444,2.594253
timesfm25,m4,D2906,0.340234,14.667706,1.18352
timesfm25,m4,D2907,1.760375,56.95864,2.661377
timesfm25,m4,D2908,1.285898,440.723429,4.555066
timesfm25,m4,D2909,2.859962,675.333945,2.911927
timesfm25,m4,D291,0.177168,31.574328,0.230699
timesfm25,m4,D2910,0.710173,266.412538,3.050486
timesfm25,m4,D2911,0.241715,42.223714,3.893896
timesfm25,m4,D2912,0.664743,319.315564,2.793848
timesfm25,m4,D2913,3.436455,192.876185,6.187049
timesfm25,m4,D2914,3.779728,236.233358,6.921312
timesfm25,m4,D2915,0.714256,189.855311,2.453381
timesfm25,m4,D2916,1.068026,217.26246,1.879154
timesfm25,m4,D2917,0.836848,191.272936,1.638804
timesfm25,m4,D2918,0.799686,183.954637,1.601724
timesfm25,m4,D2919,1.47304,401.384226,4.19312
timesfm25,m4,D292,0.263848,40.814914,0.340151
timesfm25,m4,D2920,1.43194,46.506016,2.314613
timesfm25,m4,D2921,1.622803,108.693057,2.291052
timesfm25,m4,D2922,1.613691,52.407447,2.416672
timesfm25,m4,D2923,1.139583,38.545144,2.011325
timesfm25,m4,D2924,1.856262,430.988218,2.801965
timesfm25,m4,D2925,2.177385,113.166701,7.90063
timesfm25,m4,D2926,0.335409,16.023329,1.876797
timesfm25,m4,D2927,1.548647,43.550319,2.810814
timesfm25,m4,D2928,0.508805,218.050811,1.378168
timesfm25,m4,D2929,0.602726,26.110649,1.443083
timesfm25,m4,D293,0.256274,41.178498,0.332337
timesfm25,m4,D2930,1.312675,558.644117,6.625729
timesfm25,m4,D2931,0.608632,29.105051,1.556998
timesfm25,m4,D2932,4.740654,1233.519659,10.715177
timesfm25,m4,D2933,1.574876,379.428394,2.365087
timesfm25,m4,D2934,1.436548,371.486751,2.504528
timesfm25,m4,D2935,0.315031,85.14477,1.193824
timesfm25,m4,D2936,0.846574,268.312507,1.166248
timesfm25,m4,D2937,0.498567,144.90752,2.668003
timesfm25,m4,D2938,1.248974,380.351544,2.071354
timesfm25,m4,D2939,1.183858,35.444442,1.94285
timesfm25,m4,D294,1.752436,234.304089,2.096821
timesfm25,m4,D2940,0.952625,248.90544,1.22153
timesfm25,m4,D2941,1.454294,40.999343,2.076731
timesfm25,m4,D2942,1.571686,513.005086,3.117336
timesfm25,m4,D2943,1.639016,421.420218,2.321249
timesfm25,m4,D2944,1.197514,326.927362,1.821791
timesfm25,m4,D2945,1.415751,337.478715,1.844991
timesfm25,m4,D2946,1.646636,452.262679,5.224336
timesfm25,m4,D2947,2.049412,485.829558,2.97271
timesfm25,m4,D2948,1.74633,279.208689,6.080661
timesfm25,m4,D2949,1.447564,305.622891,2.032763
timesfm25,m4,D295,1.576335,291.326747,3.15024
timesfm25,m4,D2950,2.628998,648.280996,6.069333
timesfm25,m4,D2951,0.581661,196.56247,0.904462
timesfm25,m4,D2952,0.479766,19.617157,0.837901
timesfm25,m4,D2953,1.083784,34.081143,1.330529
timesfm25,m4,D2954,0.481071,173.344102,0.772344
timesfm25,m4,D2955,1.37539,39.448368,1.708493
timesfm25,m4,D2956,1.580645,408.336737,3.6483
timesfm25,m4,D2957,0.726262,246.073327,2.689351
timesfm25,m4,D2958,0.852322,272.997725,1.347411
timesfm25,m4,D2959,0.968765,286.767804,1.351291
timesfm25,m4,D296,1.419972,257.904703,2.807263
timesfm25,m4,D2960,0.486224,18.291047,1.065926
timesfm25,m4,D2961,1.015648,98.519787,3.23283
timesfm25,m4,D2962,1.460437,41.280681,2.56724
timesfm25,m4,D2963,1.183949,37.138147,2.064369
timesfm25,m4,D2964,1.413199,42.036399,2.201882
timesfm25,m4,D2965,0.532928,240.745635,3.193361
timesfm25,m4,D2966,0.142221,5.279625,0.783884
timesfm25,m4,D2967,1.224038,280.731453,2.029583
timesfm25,m4,D2968,1.276414,284.635389,1.99367
timesfm25,m4,D2969,1.387215,304.768573,3.579478
timesfm25,m4,D297,1.33095,253.732589,2.654948
timesfm25,m4,D2970,0.758357,31.049276,1.623145
timesfm25,m4,D2971,0.293626,99.780805,0.783025
timesfm25,m4,D2972,0.289525,11.248822,1.092291
timesfm25,m4,D2973,0.328411,20.956004,0.634371
timesfm25,m4,D2974,0.262816,11.238497,0.845513
timesfm25,m4,D2975,0.16667,5.373283,0.294583
timesfm25,m4,D2976,1.951096,321.199412,4.994659
timesfm25,m4,D2977,1.756468,50.127433,2.226103
timesfm25,m4,D2978,1.538302,69.504475,1.473261
timesfm25,m4,D2979,1.42393,50.596438,1.13058
timesfm25,m4,D298,1.501169,273.127174,3.00028
timesfm25,m4,D2980,1.259879,50.677524,1.079145
timesfm25,m4,D2981,0.900418,53.45418,2.2226
timesfm25,m4,D2982,0.55427,240.331802,3.126583
timesfm25,m4,D2983,0.507027,187.376605,1.358436
timesfm25,m4,D2984,0.799182,29.106704,2.064398
timesfm25,m4,D2985,0.902195,402.223877,3.400823
timesfm25,m4,D2986,0.234821,13.791303,2.636435
timesfm25,m4,D2987,0.643354,32.182888,2.419843
timesfm25,m4,D2988,0.517975,18.703293,1.280446
timesfm25,m4,D2989,1.285915,39.369432,4.219461
timesfm25,m4,D299,0.591156,86.643957,0.815807
timesfm25,m4,D2990,1.38491,402.696846,2.400016
timesfm25,m4,D2991,0.529126,25.071802,2.749565
timesfm25,m4,D2992,0.431676,28.785576,1.651794
timesfm25,m4,D2993,0.687914,71.390463,10.573121
timesfm25,m4,D2994,0.401129,35.766094,1.241971
timesfm25,m4,D2995,1.05343,56.070941,3.564561
timesfm25,m4,D2996,1.133858,69.221847,4.424343
timesfm25,m4,D2997,1.157529,36.194492,1.667935
timesfm25,m4,D2998,1.000003,26.350643,1.56791
timesfm25,m4,D2999,0.938163,27.69032,1.439469
timesfm25,m4,D3,0.08166,3.521866,0.279661
timesfm25,m4,D30,0.179106,7.800722,0.989583
timesfm25,m4,D300,0.568304,82.152312,0.770731
timesfm25,m4,D3000,16.828974,711.375714,41.765446
timesfm25,m4,D3001,0.988487,283.270065,2.135721
timesfm25,m4,D3002,0.921573,275.955711,1.184689
timesfm25,m4,D3003,0.237467,9.564389,0.688566
timesfm25,m4,D3004,1.06501,34.609183,0.9852
timesfm25,m4,D3005,3.649605,123.22337,3.319761
timesfm25,m4,D3006,3.741675,116.966016,3.803859
timesfm25,m4,D3007,1.318917,64.258002,9.841807
timesfm25,m4,D3008,1.181881,48.088562,9.618754
timesfm25,m4,D3009,1.19317,200.661513,9.407298
timesfm25,m4,D301,0.523444,76.534839,0.716332
timesfm25,m4,D3010,1.20644,55.416811,9.045989
timesfm25,m4,D3011,1.28636,62.777161,9.782318
timesfm25,m4,D3012,0.385452,25.339493,4.151183
timesfm25,m4,D3013,0.650629,249.135129,3.474842
timesfm25,m4,D3014,1.337573,383.915864,2.259551
timesfm25,m4,D3015,0.624472,206.023104,1.904556
timesfm25,m4,D3016,0.864542,197.021652,1.708619
timesfm25,m4,D3017,0.916023,233.297264,1.824472
timesfm25,m4,D3018,0.38569,145.797343,1.443509
timesfm25,m4,D3019,0.296146,116.957019,1.074096
timesfm25,m4,D302,0.623269,85.898306,0.800351
timesfm25,m4,D3020,1.178918,268.681648,1.875551
timesfm25,m4,D3021,1.827484,419.239527,2.469456
timesfm25,m4,D3022,0.519808,53.19673,1.218683
timesfm25,m4,D3023,0.304841,24.761309,0.744536
timesfm25,m4,D3024,1.124646,84.181929,3.470979
timesfm25,m4,D3025,0.255245,12.414739,0.462398
timesfm25,m4,D3026,1.229905,64.988149,5.938001
timesfm25,m4,D3027,0.495887,36.281374,0.843147
timesfm25,m4,D3028,0.228,15.988584,0.41743
timesfm25,m4,D3029,0.649853,32.592707,1.991892
timesfm25,m4,D303,0.885931,171.174362,1.632263
timesfm25,m4,D3030,0.665016,31.28839,1.079803
timesfm25,m4,D3031,0.603849,150.349235,0.871315
timesfm25,m4,D3032,0.471176,113.260925,0.854261
timesfm25,m4,D3033,0.479835,143.940078,0.779966
timesfm25,m4,D3034,0.414429,77.394696,0.79214
timesfm25,m4,D3035,1.346251,316.899222,2.054393
timesfm25,m4,D3036,1.48163,345.654361,2.171917
timesfm25,m4,D3037,0.590633,28.283881,1.007205
timesfm25,m4,D3038,0.912276,53.340645,1.850436
timesfm25,m4,D3039,0.916524,54.341816,1.850698
timesfm25,m4,D304,0.790434,151.932763,1.511399
timesfm25,m4,D3040,1.568288,356.541219,1.932798
timesfm25,m4,D3041,2.061055,485.249581,2.780724
timesfm25,m4,D3042,0.314934,67.954722,0.553563
timesfm25,m4,D3043,0.355334,84.960383,0.903254
timesfm25,m4,D3044,0.23456,66.527059,0.731112
timesfm25,m4,D3045,0.090863,21.079478,1.996997
timesfm25,m4,D3046,1.336123,278.879902,3.078247
timesfm25,m4,D3047,1.195296,221.067987,2.201122
timesfm25,m4,D3048,0.611382,40.470641,1.698469
timesfm25,m4,D3049,0.58021,31.210927,1.133759
timesfm25,m4,D305,0.95751,180.884902,1.802504
timesfm25,m4,D3050,1.35679,42.849125,4.561362
timesfm25,m4,D3051,0.850613,27.777947,1.925938
timesfm25,m4,D3052,0.303739,73.769717,6.531486
timesfm25,m4,D3053,0.595582,178.722359,0.964443
timesfm25,m4,D3054,0.349543,97.412907,0.704207
timesfm25,m4,D3055,0.61684,161.929377,1.00835
timesfm25,m4,D3056,0.700096,173.571007,0.918435
timesfm25,m4,D3057,0.510835,139.174807,0.961406
timesfm25,m4,D3058,1.775377,498.858275,4.556946
timesfm25,m4,D3059,1.303797,46.948635,2.186648
timesfm25,m4,D306,0.70124,161.001929,1.395846
timesfm25,m4,D3060,0.849929,261.24692,1.486691
timesfm25,m4,D3061,1.030289,246.630963,1.52067
timesfm25,m4,D3062,1.204468,293.08955,1.975075
timesfm25,m4,D3063,0.365139,83.666569,0.695173
timesfm25,m4,D3064,0.400988,100.0556,2.034535
timesfm25,m4,D3065,0.256178,52.895988,1.479663
timesfm25,m4,D3066,0.266366,75.520036,1.441496
timesfm25,m4,D3067,0.315929,93.898861,1.918297
timesfm25,m4,D3068,0.487729,20.762772,1.477769
timesfm25,m4,D3069,1.292836,52.366324,3.255954
timesfm25,m4,D307,0.566611,131.874963,1.107429
timesfm25,m4,D3070,0.629155,58.46495,2.329996
timesfm25,m4,D3071,0.537643,53.919371,2.070335
timesfm25,m4,D3072,0.607021,127.647464,0.917376
timesfm25,m4,D3073,0.223507,22.370419,2.261513
timesfm25,m4,D3074,0.411638,34.241174,3.368135
timesfm25,m4,D3075,0.893282,73.45411,3.026145
timesfm25,m4,D3076,1.297341,92.992192,6.094075
timesfm25,m4,D3077,1.297628,105.277029,6.93745
timesfm25,m4,D3078,1.218382,435.131158,2.353762
timesfm25,m4,D3079,1.626038,55.916396,3.912498
timesfm25,m4,D308,0.722385,161.585455,1.450945
timesfm25,m4,D3080,1.008925,38.050672,2.414201
timesfm25,m4,D3081,1.535142,47.134715,3.2353
timesfm25,m4,D3082,0.834703,249.971334,1.553128
timesfm25,m4,D3083,0.094128,39.837095,1.824074
timesfm25,m4,D3084,0.835886,269.297437,3.709671
timesfm25,m4,D3085,3.034951,797.65645,4.999858
timesfm25,m4,D3086,0.785888,214.74759,1.401474
timesfm25,m4,D3087,0.427889,49.38929,0.835254
timesfm25,m4,D3088,0.781615,30.696605,1.664889
timesfm25,m4,D3089,1.419415,314.934095,2.575828
timesfm25,m4,D309,0.669737,146.599169,1.326336
timesfm25,m4,D3090,0.679581,31.392918,1.09001
timesfm25,m4,D3091,0.963723,323.769425,1.453514
timesfm25,m4,D3092,0.73378,279.984835,1.139786
timesfm25,m4,D3093,0.810032,294.654658,1.144696
timesfm25,m4,D3094,1.747031,548.798944,7.516033
timesfm25,m4,D3095,0.384688,16.011218,1.03965
timesfm25,m4,D3096,1.556776,284.301982,1.329712
timesfm25,m4,D3097,1.349469,542.738456,2.345809
timesfm25,m4,D3098,1.151003,56.735429,2.753569
timesfm25,m4,D3099,3.22301,797.96499,6.985023
timesfm25,m4,D31,0.547624,99.825551,3.936479
timesfm25,m4,D310,2.7618,475.621468,5.187569
timesfm25,m4,D3100,0.357607,12.813813,0.991191
timesfm25,m4,D3101,0.456714,12.455992,0.969265
timesfm25,m4,D3102,1.085866,49.686014,1.907706
timesfm25,m4,D3103,5.342814,1257.570326,13.598266
timesfm25,m4,D3104,0.498265,158.091653,6.534215
timesfm25,m4,D3105,0.717787,261.641319,0.959638
timesfm25,m4,D3106,0.821726,342.910646,3.436021
timesfm25,m4,D3107,1.278342,282.72498,2.487004
timesfm25,m4,D3108,0.159557,49.613088,0.397694
timesfm25,m4,D3109,0.756241,157.134217,1.894512
timesfm25,m4,D311,2.852886,485.128623,5.200498
timesfm25,m4,D3110,1.979604,424.560453,2.67113
timesfm25,m4,D3111,1.006654,250.462089,3.81287
timesfm25,m4,D3112,1.075943,242.131615,1.705047
timesfm25,m4,D3113,1.164267,285.682188,1.828431
timesfm25,m4,D3114,1.848117,478.886126,3.706651
timesfm25,m4,D3115,0.163513,24.712233,0.593655
timesfm25,m4,D3116,0.24659,35.742593,0.828023
timesfm25,m4,D3117,0.499343,79.006418,1.384014
timesfm25,m4,D3118,0.538572,147.145316,2.235029
timesfm25,m4,D3119,1.070327,95.198538,1.558536
timesfm25,m4,D312,2.703695,460.284117,5.072015
timesfm25,m4,D3120,2.360132,107.278665,5.7084
timesfm25,m4,D3121,1.880607,80.427817,4.987844
timesfm25,m4,D3122,1.854172,77.793481,5.040302
timesfm25,m4,D3123,2.279144,524.083575,3.047594
timesfm25,m4,D3124,0.560876,220.406611,1.138374
timesfm25,m4,D3125,2.810001,645.757549,3.269027
timesfm25,m4,D3126,0.653818,220.229621,4.415398
timesfm25,m4,D3127,0.210928,77.438556,1.185708
timesfm25,m4,D3128,2.181978,601.037618,3.160082
timesfm25,m4,D3129,2.214538,567.116693,3.132811
timesfm25,m4,D313,2.712186,453.63895,5.019943
timesfm25,m4,D3130,1.675636,444.232343,1.557519
timesfm25,m4,D3131,1.362492,237.964283,2.987086
timesfm25,m4,D3132,0.951122,216.687275,1.476345
timesfm25,m4,D3133,2.039465,55.674927,3.802963
timesfm25,m4,D3134,2.129591,481.438956,3.072918
timesfm25,m4,D3135,1.128001,305.858806,1.721503
timesfm25,m4,D3136,1.011861,43.160907,1.704924
timesfm25,m4,D3137,3.675272,1230.142522,7.957719
timesfm25,m4,D3138,0.548336,131.977989,0.545613
timesfm25,m4,D3139,0.251296,69.938059,1.460775
timesfm25,m4,D314,0.814442,151.344186,1.407028
timesfm25,m4,D3140,0.580166,122.063856,0.747332
timesfm25,m4,D3141,1.433321,331.868409,2.027754
timesfm25,m4,D3142,2.034892,156.459865,2.461392
timesfm25,m4,D3143,1.110721,249.958043,1.779587
timesfm25,m4,D3144,0.303796,80.931621,0.457792
timesfm25,m4,D3145,0.6069,218.829146,1.207038
timesfm25,m4,D3146,0.404957,115.550352,0.728927
timesfm25,m4,D3147,0.814451,257.951652,1.278114
timesfm25,m4,D3148,0.577741,165.568304,0.828988
timesfm25,m4,D3149,0.537136,181.917467,0.710289
timesfm25,m4,D315,0.722149,120.964052,1.212595
timesfm25,m4,D3150,2.127733,708.325556,8.815483
timesfm25,m4,D3151,1.165057,261.475292,1.408467
timesfm25,m4,D3152,0.567418,181.192847,1.038306
timesfm25,m4,D3153,1.606817,337.417004,1.991312
timesfm25,m4,D3154,1.318626,327.966771,1.521063
timesfm25,m4,D3155,0.615248,174.780605,0.961287
timesfm25,m4,D3156,0.425624,137.385442,0.804571
timesfm25,m4,D3157,0.368344,86.248684,0.575899
timesfm25,m4,D3158,2.71765,570.03791,3.987672
timesfm25,m4,D3159,0.805842,176.716244,3.721779
timesfm25,m4,D316,0.823906,151.367329,1.442685
timesfm25,m4,D3160,0.2415,66.32841,1.588796
timesfm25,m4,D3161,0.871264,279.862327,1.502687
timesfm25,m4,D3162,0.176074,6.252778,0.311647
timesfm25,m4,D3163,1.054571,177.791914,4.033375
timesfm25,m4,D3164,0.766157,38.371564,1.576352
timesfm25,m4,D3165,0.740463,182.959876,1.333422
timesfm25,m4,D3166,0.315669,107.496248,2.548339
timesfm25,m4,D3167,0.786062,55.881766,3.513093
timesfm25,m4,D3168,0.102242,14.182178,3.010312
timesfm25,m4,D3169,0.09712,11.883901,0.799351
timesfm25,m4,D317,0.778963,144.321209,1.336147
timesfm25,m4,D3170,0.688193,70.372641,3.437834
timesfm25,m4,D3171,1.638985,141.96854,2.985984
timesfm25,m4,D3172,2.008599,344.409946,2.955746
timesfm25,m4,D3173,0.283663,23.177166,1.197182
timesfm25,m4,D3174,0.964215,252.035921,5.705995
timesfm25,m4,D3175,0.301318,9.178044,0.528495
timesfm25,m4,D3176,0.582478,136.244309,0.892097
timesfm25,m4,D3177,0.362787,104.56611,0.653812
timesfm25,m4,D3178,0.937896,42.925073,5.446664
timesfm25,m4,D3179,1.721537,48.328698,3.279318
timesfm25,m4,D318,0.64826,117.667699,1.184558
timesfm25,m4,D3180,0.592276,166.459026,1.512961
timesfm25,m4,D3181,1.175873,41.084878,2.531166
timesfm25,m4,D3182,1.680363,47.269318,2.531033
timesfm25,m4,D3183,3.003669,146.39526,3.338212
timesfm25,m4,D3184,3.300868,685.274557,3.597791
timesfm25,m4,D3185,1.543658,426.304469,2.20365
timesfm25,m4,D3186,6.451681,2095.903624,24.26334
timesfm25,m4,D3187,0.779096,183.344855,0.907822
timesfm25,m4,D3188,2.109035,476.209939,3.070024
timesfm25,m4,D3189,0.597939,251.551126,2.104496
timesfm25,m4,D319,0.532263,95.603071,0.956293
timesfm25,m4,D3190,1.010485,39.839862,2.398041
timesfm25,m4,D3191,0.718663,27.517966,2.209783
timesfm25,m4,D3192,0.990755,36.559754,2.993353
timesfm25,m4,D3193,1.006547,305.067385,2.479155
timesfm25,m4,D3194,0.655691,27.036882,2.791833
timesfm25,m4,D3195,5.521796,276.718593,18.004053
timesfm25,m4,D3196,1.464061,54.59642,2.974245
timesfm25,m4,D3197,0.985764,116.492401,2.717882
timesfm25,m4,D3198,3.616325,826.73265,6.049164
timesfm25,m4,D3199,4.810187,1061.395367,5.76468
timesfm25,m4,D32,0.501917,90.424668,3.93107
timesfm25,m4,D320,0.500252,92.535862,0.916425
timesfm25,m4,D3200,1.704668,496.572235,2.92513
timesfm25,m4,D3201,1.121627,74.376215,1.747767
timesfm25,m4,D3202,1.035846,204.531639,1.529572
timesfm25,m4,D3203,0.506884,181.011896,4.384552
timesfm25,m4,D3204,1.134012,36.41254,1.843217
timesfm25,m4,D3205,1.929725,63.709726,3.194691
timesfm25,m4,D3206,0.702088,282.363573,3.430606
timesfm25,m4,D3207,0.982449,312.973941,2.016076
timesfm25,m4,D3208,0.598685,28.996363,1.450194
timesfm25,m4,D3209,1.205772,36.555747,2.018144
timesfm25,m4,D321,0.557052,100.686195,1.007388
timesfm25,m4,D3210,0.5649,175.407917,1.824211
timesfm25,m4,D3211,0.976426,244.129912,1.517137
timesfm25,m4,D3212,0.360988,18.081411,1.397037
timesfm25,m4,D3213,0.378916,12.10771,1.005146
timesfm25,m4,D3214,1.177688,35.868643,2.124796
timesfm25,m4,D3215,0.313114,108.184052,0.624138
timesfm25,m4,D3216,0.529465,172.591722,1.019868
timesfm25,m4,D3217,1.838557,74.281897,4.032924
timesfm25,m4,D3218,0.339803,104.15798,0.787604
timesfm25,m4,D3219,3.316182,289.708596,10.546454
timesfm25,m4,D322,0.439876,92.704498,0.71954
timesfm25,m4,D3220,0.306511,100.43241,0.787616
timesfm25,m4,D3221,0.525673,21.313136,1.012619
timesfm25,m4,D3222,0.229734,17.713123,0.602735
timesfm25,m4,D3223,0.373517,18.800084,1.013038
timesfm25,m4,D3224,0.185563,13.620732,0.587486
timesfm25,m4,D3225,1.362131,109.789678,3.921297
timesfm25,m4,D3226,1.531529,70.033279,3.177476
timesfm25,m4,D3227,0.862822,99.992319,1.605793
timesfm25,m4,D3228,1.364309,55.415582,2.379808
timesfm25,m4,D3229,0.87965,257.103487,1.296864
timesfm25,m4,D323,0.331638,77.801003,0.543599
timesfm25,m4,D3230,0.770419,213.611578,1.175504
timesfm25,m4,D3231,1.24854,71.443316,1.543864
timesfm25,m4,D3232,0.503941,145.190977,2.175636
timesfm25,m4,D3233,0.516853,173.103936,0.61577
timesfm25,m4,D3234,0.44403,22.214717,0.964241
timesfm25,m4,D3235,0.55307,16.839571,1.036804
timesfm25,m4,D3236,0.477666,17.37727,1.131851
timesfm25,m4,D3237,0.616343,147.87082,2.234913
timesfm25,m4,D3238,0.326279,146.424135,0.839555
timesfm25,m4,D3239,0.906671,345.051332,1.9493
timesfm25,m4,D324,0.392228,76.531617,0.639353
timesfm25,m4,D3240,0.622874,41.236472,6.051417
timesfm25,m4,D3241,0.307,10.938138,0.917008
timesfm25,m4,D3242,1.861271,390.422107,1.864904
timesfm25,m4,D3243,1.102035,57.026838,1.225307
timesfm25,m4,D3244,1.377821,330.00754,2.941879
timesfm25,m4,D3245,1.166602,282.14167,1.360307
timesfm25,m4,D3246,0.593539,50.210285,1.905322
timesfm25,m4,D3247,0.533736,137.590375,0.983467
timesfm25,m4,D3248,0.40281,150.459109,0.950088
timesfm25,m4,D3249,0.37183,129.450008,1.27947
timesfm25,m4,D325,0.456573,82.221054,0.747931
timesfm25,m4,D3250,1.07011,260.386567,3.69244
timesfm25,m4,D3251,0.207929,16.698263,1.745264
timesfm25,m4,D3252,0.457045,21.472713,1.935572
timesfm25,m4,D3253,1.707002,120.505065,4.592917
timesfm25,m4,D3254,0.872758,43.532093,1.701753
timesfm25,m4,D3255,0.79664,32.788241,2.704677
timesfm25,m4,D3256,1.299965,79.051957,5.530239
timesfm25,m4,D3257,0.701048,28.366325,2.330001
timesfm25,m4,D3258,0.29518,14.469682,0.705304
timesfm25,m4,D3259,0.344947,23.446886,1.028095
timesfm25,m4,D326,1.290731,217.994911,3.380857
timesfm25,m4,D3260,0.881992,156.133069,1.782982
timesfm25,m4,D3261,0.327076,96.845303,1.466233
timesfm25,m4,D3262,0.76202,289.043912,5.019923
timesfm25,m4,D3263,0.546516,163.493155,1.824576
timesfm25,m4,D3264,0.551957,23.011221,1.089662
timesfm25,m4,D3265,0.344886,93.25254,0.814933
timesfm25,m4,D3266,0.45003,144.50788,0.837415
timesfm25,m4,D3267,0.693455,221.030726,0.987796
timesfm25,m4,D3268,2.345936,494.519764,2.721911
timesfm25,m4,D3269,1.635862,86.777185,5.620347
timesfm25,m4,D327,0.956016,163.474787,2.412933
timesfm25,m4,D3270,1.418317,244.907053,1.896459
timesfm25,m4,D3271,2.353084,459.603124,7.59594
timesfm25,m4,D3272,1.188951,35.193574,2.057249
timesfm25,m4,D3273,1.899827,474.996431,3.00548
timesfm25,m4,D3274,1.344243,90.081951,2.943148
timesfm25,m4,D3275,0.290037,12.922035,1.272292
timesfm25,m4,D3276,0.676785,171.952994,1.440333
timesfm25,m4,D3277,1.976388,418.727145,2.704875
timesfm25,m4,D3278,2.227185,614.026185,3.600978
timesfm25,m4,D3279,0.603877,225.018515,1.032525
timesfm25,m4,D328,0.484126,92.640255,1.255055
timesfm25,m4,D3280,0.745404,178.157059,1.323694
timesfm25,m4,D3281,0.460253,19.537597,1.020486
timesfm25,m4,D3282,1.085297,342.855279,2.456136
timesfm25,m4,D3283,1.254002,438.170914,5.782441
timesfm25,m4,D3284,0.453481,91.882445,0.766842
timesfm25,m4,D3285,0.329839,16.036573,0.83621
timesfm25,m4,D3286,0.380685,93.266906,0.487797
timesfm25,m4,D3287,0.592485,24.106001,3.093088
timesfm25,m4,D3288,0.264685,11.677979,0.885807
timesfm25,m4,D3289,0.818931,192.005351,2.096154
timesfm25,m4,D329,0.629738,113.477864,1.406665
timesfm25,m4,D3290,0.264909,22.489454,1.22293
timesfm25,m4,D3291,0.140834,48.612132,1.020723
timesfm25,m4,D3292,0.368029,19.607788,0.742528
timesfm25,m4,D3293,0.626955,170.390143,1.286084
timesfm25,m4,D3294,0.533922,156.969593,1.28822
timesfm25,m4,D3295,0.859113,215.35562,1.72836
timesfm25,m4,D3296,1.041764,287.998494,5.587668
timesfm25,m4,D3297,0.539153,205.652012,1.267927
timesfm25,m4,D3298,3.943167,1336.065726,9.176924
timesfm25,m4,D3299,0.214289,7.736703,0.562007
timesfm25,m4,D33,0.762433,172.23726,2.296465
timesfm25,m4,D330,0.835118,151.670355,1.908154
timesfm25,m4,D3300,0.205885,8.591418,1.343075
timesfm25,m4,D3301,0.246094,54.325853,0.405599
timesfm25,m4,D3302,0.241193,69.129051,2.035574
timesfm25,m4,D3303,3.026894,312.922714,4.783883
timesfm25,m4,D3304,0.773488,235.939801,2.759107
timesfm25,m4,D3305,0.388528,84.13816,3.024244
timesfm25,m4,D3306,2.043522,381.5369,2.047934
timesfm25,m4,D3307,2.031232,320.059431,1.897701
timesfm25,m4,D3308,1.279015,58.798777,2.410982
timesfm25,m4,D3309,1.97605,370.556866,2.206659
timesfm25,m4,D331,0.761447,138.025261,1.735676
timesfm25,m4,D3310,0.929767,86.933178,2.141669
timesfm25,m4,D3311,0.975999,233.672639,1.698978
timesfm25,m4,D3312,0.607049,20.939602,1.393067
timesfm25,m4,D3313,2.012777,298.499594,2.46
timesfm25,m4,D3314,1.46648,340.158499,2.047678
timesfm25,m4,D3315,0.504862,98.784023,4.00611
timesfm25,m4,D3316,1.502575,346.362786,1.9156
timesfm25,m4,D3317,1.758536,106.778145,4.218093
timesfm25,m4,D3318,0.258661,68.726217,0.97
timesfm25,m4,D3319,6.315861,561.244126,6.302759
timesfm25,m4,D332,0.899795,181.69481,2.578989
timesfm25,m4,D3320,5.980831,1321.486521,6.139754
timesfm25,m4,D3321,1.050865,266.976708,2.185335
timesfm25,m4,D3322,2.950864,554.17557,3.692874
timesfm25,m4,D3323,1.205748,416.452072,2.887809
timesfm25,m4,D3324,2.145578,622.936945,3.885862
timesfm25,m4,D3325,1.274746,32.086123,1.917155
timesfm25,m4,D3326,2.168837,613.263325,3.892871
timesfm25,m4,D3327,3.201719,757.49146,4.349565
timesfm25,m4,D3328,0.564069,141.49129,0.949314
timesfm25,m4,D3329,24.194118,3725.765693,81.958557
timesfm25,m4,D333,0.865795,178.617811,2.484805
timesfm25,m4,D3330,0.512927,40.492722,0.950541
timesfm25,m4,D3331,2.900611,573.979175,3.668602
timesfm25,m4,D3332,0.410756,154.97232,0.963644
timesfm25,m4,D3333,1.921598,440.668243,2.495038
timesfm25,m4,D3334,0.408387,109.741644,0.979241
timesfm25,m4,D3335,2.670316,507.864817,3.176317
timesfm25,m4,D3336,2.295194,475.354473,3.034612
timesfm25,m4,D3337,2.19651,375.259056,2.600448
timesfm25,m4,D3338,1.135473,271.344022,2.023719
timesfm25,m4,D3339,1.11583,332.90423,2.492361
timesfm25,m4,D334,0.851333,173.89642,2.446707
timesfm25,m4,D3340,0.863306,197.733199,1.339366
timesfm25,m4,D3341,0.904881,197.757654,1.312534
timesfm25,m4,D3342,1.191769,250.549958,1.86382
timesfm25,m4,D3343,0.429351,48.108842,2.030619
timesfm25,m4,D3344,0.344769,113.265956,0.973247
timesfm25,m4,D3345,0.352491,114.75574,0.967806
timesfm25,m4,D3346,0.940309,30.51964,2.214635
timesfm25,m4,D3347,0.764147,22.12441,1.695131
timesfm25,m4,D3348,1.51011,313.722969,2.194371
timesfm25,m4,D3349,1.470052,308.019277,2.18312
timesfm25,m4,D335,0.816739,171.093759,2.352829
timesfm25,m4,D3350,2.658267,423.563657,3.502878
timesfm25,m4,D3351,4.85817,817.799104,5.103667
timesfm25,m4,D3352,1.936839,419.635165,2.812215
timesfm25,m4,D3353,1.32279,43.459361,2.365363
timesfm25,m4,D3354,0.311858,13.896005,1.644403
timesfm25,m4,D3355,0.720268,25.040319,2.990028
timesfm25,m4,D3356,0.198757,17.310511,1.065284
timesfm25,m4,D3357,0.772655,241.436012,2.703471
timesfm25,m4,D3358,1.427051,64.234662,5.275903
timesfm25,m4,D3359,1.425909,75.546476,5.512737
timesfm25,m4,D336,1.380486,304.921686,3.982326
timesfm25,m4,D3360,1.427725,76.217853,5.511602
timesfm25,m4,D3361,2.874804,605.623155,3.496611
timesfm25,m4,D3362,2.317805,477.104319,3.37931
timesfm25,m4,D3363,1.054238,42.911027,2.677711
timesfm25,m4,D3364,0.570234,26.271046,2.220529
timesfm25,m4,D3365,0.923768,39.044941,2.477842
timesfm25,m4,D3366,1.060314,364.368846,2.29605
timesfm25,m4,D3367,0.705841,29.315002,2.157201
timesfm25,m4,D3368,1.521488,454.679472,3.532479
timesfm25,m4,D3369,1.695336,466.407028,3.172431
timesfm25,m4,D337,1.370192,304.921686,3.982326
timesfm25,m4,D3370,2.557416,549.239332,3.874437
timesfm25,m4,D3371,0.965846,262.293803,1.953249
timesfm25,m4,D3372,2.508515,513.666356,3.444884
timesfm25,m4,D3373,1.153395,313.867968,3.239573
timesfm25,m4,D3374,1.580682,359.115939,3.487446
timesfm25,m4,D3375,0.994441,317.837874,3.607877
timesfm25,m4,D3376,1.153151,312.77388,3.048776
timesfm25,m4,D3377,1.391965,400.587986,4.784946
timesfm25,m4,D3378,1.801407,402.611669,4.376498
timesfm25,m4,D3379,1.386088,368.240792,3.769731
timesfm25,m4,D338,1.380396,304.183782,3.962122
timesfm25,m4,D3380,1.626295,553.843897,4.127124
timesfm25,m4,D3381,1.697404,536.588093,4.044749
timesfm25,m4,D3382,2.189511,609.495514,5.021075
timesfm25,m4,D3383,2.038186,485.524732,3.197181
timesfm25,m4,D3384,0.17141,40.909424,0.404632
timesfm25,m4,D3385,0.505676,125.653623,1.021315
timesfm25,m4,D3386,0.89266,31.927468,2.071875
timesfm25,m4,D3387,1.357672,44.174019,2.38365
timesfm25,m4,D3388,2.526931,442.601101,2.569108
timesfm25,m4,D3389,1.276196,426.359095,2.681854
timesfm25,m4,D339,1.374698,304.183782,3.962122
timesfm25,m4,D3390,0.876844,339.260052,2.426361
timesfm25,m4,D3391,0.864471,348.725918,2.330698
timesfm25,m4,D3392,1.342196,414.539485,2.808528
timesfm25,m4,D3393,1.048721,43.964982,3.164885
timesfm25,m4,D3394,2.434668,612.787535,4.131313
timesfm25,m4,D3395,0.815902,38.145691,1.784158
timesfm25,m4,D3396,1.136466,49.369148,2.564714
timesfm25,m4,D3397,0.908101,346.809904,1.858799
timesfm25,m4,D3398,1.450008,52.474001,2.933938
timesfm25,m4,D3399,0.242892,16.786632,2.091928
timesfm25,m4,D34,0.319182,17.290027,0.70235
timesfm25,m4,D340,1.890424,312.44482,3.853429
timesfm25,m4,D3400,0.185124,13.511181,1.594071
timesfm25,m4,D3401,0.233973,12.77091,1.51009
timesfm25,m4,D3402,1.573574,503.515361,3.238498
timesfm25,m4,D3403,2.221193,690.466396,4.757275
timesfm25,m4,D3404,2.478688,715.066256,5.107124
timesfm25,m4,D3405,3.044605,779.488975,5.01241
timesfm25,m4,D3406,0.941098,48.521281,3.159877
timesfm25,m4,D3407,2.721628,525.003155,3.961159
timesfm25,m4,D3408,2.438942,489.241345,3.798512
timesfm25,m4,D3409,3.097698,596.795008,4.029858
timesfm25,m4,D341,1.39182,233.403746,2.740858
timesfm25,m4,D3410,0.980232,295.269818,1.793278
timesfm25,m4,D3411,1.222608,355.386794,4.238065
timesfm25,m4,D3412,1.073268,253.684374,3.2106
timesfm25,m4,D3413,0.375692,123.347736,2.037607
timesfm25,m4,D3414,1.167309,300.233152,3.734593
timesfm25,m4,D3415,0.563778,201.136672,2.299725
timesfm25,m4,D3416,0.539255,19.026675,2.90151
timesfm25,m4,D3417,0.50706,254.017824,1.344917
timesfm25,m4,D3418,0.780703,287.045157,1.709173
timesfm25,m4,D3419,1.236253,354.779256,2.183219
timesfm25,m4,D342,1.728741,281.56986,3.469202
timesfm25,m4,D3420,0.673452,52.330145,4.424575
timesfm25,m4,D3421,0.966114,291.638153,1.325948
timesfm25,m4,D3422,0.484408,18.156588,2.884028
timesfm25,m4,D3423,0.321115,102.463408,1.362815
timesfm25,m4,D3424,0.675828,199.185196,2.822832
timesfm25,m4,D3425,4.947661,1328.778339,6.075668
timesfm25,m4,D3426,6.814554,1885.213648,7.906344
timesfm25,m4,D3427,5.596221,1423.425534,6.368198
timesfm25,m4,D3428,5.128764,1416.612994,6.362747
timesfm25,m4,D3429,0.671237,255.176272,1.223969
timesfm25,m4,D343,1.466128,237.608355,2.933546
timesfm25,m4,D3430,0.805992,195.805248,1.373312
timesfm25,m4,D3431,0.282159,88.751103,0.620186
timesfm25,m4,D3432,0.523012,18.165548,1.24479
timesfm25,m4,D3433,0.576583,189.241775,1.54231
timesfm25,m4,D3434,0.491574,172.141141,1.280706
timesfm25,m4,D3435,0.547487,169.334641,1.220778
timesfm25,m4,D3436,0.750941,36.776922,2.079194
timesfm25,m4,D3437,0.670392,262.248719,1.534921
timesfm25,m4,D3438,0.258623,108.040678,0.733171
timesfm25,m4,D3439,0.337074,111.283584,0.826088
timesfm25,m4,D344,1.958296,266.642566,2.541182
timesfm25,m4,D3440,0.383275,99.688357,0.702753
timesfm25,m4,D3441,0.726138,210.861542,1.811041
timesfm25,m4,D3442,4.926294,939.394719,5.067452
timesfm25,m4,D3443,0.303898,84.469412,0.695231
timesfm25,m4,D3444,0.374559,97.935895,0.717984
timesfm25,m4,D3445,0.381764,101.841094,0.568723
timesfm25,m4,D3446,0.49479,113.103451,0.546287
timesfm25,m4,D3447,3.897614,885.823169,4.258873
timesfm25,m4,D3448,1.271135,267.425413,1.472994
timesfm25,m4,D3449,2.083872,373.648105,2.064523
timesfm25,m4,D345,1.587087,214.712071,2.086176
timesfm25,m4,D3450,1.770815,342.339823,2.091679
timesfm25,m4,D3451,1.274464,54.211824,2.945156
timesfm25,m4,D3452,2.000607,523.012398,2.766125
timesfm25,m4,D3453,1.507646,422.182518,2.512148
timesfm25,m4,D3454,0.839084,242.233665,1.9576
timesfm25,m4,D3455,0.47542,188.607179,1.373353
timesfm25,m4,D3456,0.594094,208.717615,1.986308
timesfm25,m4,D3457,0.76869,311.948275,2.754342
timesfm25,m4,D3458,0.308477,16.179533,0.865366
timesfm25,m4,D3459,0.243258,74.095595,0.673493
timesfm25,m4,D346,1.762061,241.986618,2.318619
timesfm25,m4,D3460,1.19532,365.343652,2.56129
timesfm25,m4,D3461,0.549046,170.518494,1.24119
timesfm25,m4,D3462,0.456432,152.642467,1.252395
timesfm25,m4,D3463,0.351144,31.170734,1.785287
timesfm25,m4,D3464,0.471117,32.866384,1.855612
timesfm25,m4,D3465,0.8433,249.011366,2.190466
timesfm25,m4,D3466,1.728203,581.046685,3.320226
timesfm25,m4,D3467,1.096903,277.106901,2.142166
timesfm25,m4,D3468,0.780046,273.469691,2.653373
timesfm25,m4,D3469,1.347171,306.384856,2.062947
timesfm25,m4,D347,1.455447,176.657331,2.046816
timesfm25,m4,D3470,0.758105,275.937181,2.568102
timesfm25,m4,D3471,0.636703,216.886248,1.767504
timesfm25,m4,D3472,0.922777,265.236451,1.924688
timesfm25,m4,D3473,0.205223,78.257173,0.849303
timesfm25,m4,D3474,0.188901,73.073586,0.731497
timesfm25,m4,D3475,0.171819,65.714608,0.689037
timesfm25,m4,D3476,0.717996,35.057375,2.789955
timesfm25,m4,D3477,1.58731,573.199218,3.632193
timesfm25,m4,D3478,1.939661,501.703956,2.642087
timesfm25,m4,D3479,0.272479,74.072089,0.508461
timesfm25,m4,D348,1.283261,158.859405,1.801777
timesfm25,m4,D3480,0.952778,241.37233,1.535503
timesfm25,m4,D3481,1.379758,364.942547,1.965842
timesfm25,m4,D3482,0.950231,265.801882,1.773238
timesfm25,m4,D3483,3.002433,567.623555,3.24757
timesfm25,m4,D3484,2.678543,600.53203,4.068502
timesfm25,m4,D3485,2.742287,627.787907,3.851154
timesfm25,m4,D3486,3.372312,660.909435,4.155389
timesfm25,m4,D3487,2.612354,606.48024,3.85647
timesfm25,m4,D3488,4.276022,741.469445,4.405467
timesfm25,m4,D3489,3.093581,556.173141,3.244012
timesfm25,m4,D349,1.674167,198.440689,2.370595
timesfm25,m4,D3490,2.323925,511.017857,3.359379
timesfm25,m4,D3491,1.919013,416.241104,2.770714
timesfm25,m4,D3492,1.969591,510.764271,3.009388
timesfm25,m4,D3493,2.124161,473.416621,2.795322
timesfm25,m4,D3494,1.299136,47.147505,2.403291
timesfm25,m4,D3495,1.42636,50.1327,2.580688
timesfm25,m4,D3496,1.277979,45.56613,2.168909
timesfm25,m4,D3497,1.009166,201.778237,1.609639
timesfm25,m4,D3498,1.957775,367.051576,2.766848
timesfm25,m4,D3499,2.300823,395.799724,2.788138
timesfm25,m4,D35,0.522302,90.849818,4.794197
timesfm25,m4,D350,1.572342,188.05119,2.231116
timesfm25,m4,D3500,2.880843,512.158148,3.37417
timesfm25,m4,D3501,3.943792,604.243716,3.972412
timesfm25,m4,D3502,3.001248,450.401193,3.166535
timesfm25,m4,D3503,2.429245,378.081216,2.851961
timesfm25,m4,D3504,1.037409,257.716672,1.526426
timesfm25,m4,D3505,0.798316,187.962596,1.161197
timesfm25,m4,D3506,0.634526,171.931406,0.886472
timesfm25,m4,D3507,0.706474,179.59161,0.964661
timesfm25,m4,D3508,3.094618,625.846502,3.357119
timesfm25,m4,D3509,1.202687,283.400528,1.709794
timesfm25,m4,D351,1.005779,133.181766,1.377934
timesfm25,m4,D3510,1.583862,359.064148,2.358274
timesfm25,m4,D3511,0.461625,124.846977,0.980078
timesfm25,m4,D3512,0.538408,181.10065,1.5829
timesfm25,m4,D3513,0.651519,19.002713,1.61953
timesfm25,m4,D3514,0.343768,12.651336,0.996717
timesfm25,m4,D3515,0.777524,172.621996,1.473307
timesfm25,m4,D3516,0.560912,110.954889,1.173558
timesfm25,m4,D3517,0.854406,167.930173,1.669349
timesfm25,m4,D3518,2.840268,537.344193,3.580027
timesfm25,m4,D3519,1.293489,276.846528,2.088954
timesfm25,m4,D352,1.103974,145.964632,1.499963
timesfm25,m4,D3520,1.567756,536.050633,4.102329
timesfm25,m4,D3521,2.147892,675.203118,4.142859
timesfm25,m4,D3522,1.964102,686.521736,4.184451
timesfm25,m4,D3523,1.943454,626.255165,4.150589
timesfm25,m4,D3524,1.160018,344.430667,2.130944
timesfm25,m4,D3525,0.784796,245.846227,2.014888
timesfm25,m4,D3526,0.775691,303.664803,1.857027
timesfm25,m4,D3527,1.170893,341.33647,1.976198
timesfm25,m4,D3528,1.986864,467.552287,3.019379
timesfm25,m4,D3529,1.561592,402.013642,2.956776
timesfm25,m4,D353,1.067502,133.279993,1.459141
timesfm25,m4,D3530,1.768535,434.724194,2.949226
timesfm25,m4,D3531,3.131387,587.002263,3.507827
timesfm25,m4,D3532,2.382447,500.623596,3.456485
timesfm25,m4,D3533,3.011317,562.723206,3.414898
timesfm25,m4,D3534,5.411418,908.307114,5.778518
timesfm25,m4,D3535,5.313606,897.93534,5.767896
timesfm25,m4,D3536,0.598804,29.333996,4.830758
timesfm25,m4,D3537,0.642261,31.470669,3.263252
timesfm25,m4,D3538,0.644291,30.064433,2.919617
timesfm25,m4,D3539,0.64554,30.958092,3.360432
timesfm25,m4,D354,0.73783,99.327952,1.01924
timesfm25,m4,D3540,0.478852,223.81757,2.303472
timesfm25,m4,D3541,0.499739,37.818193,2.177448
timesfm25,m4,D3542,0.461238,32.964386,2.15043
timesfm25,m4,D3543,2.664607,389.407342,2.746502
timesfm25,m4,D3544,4.063656,569.575719,3.241593
timesfm25,m4,D3545,2.578181,353.053931,1.763023
timesfm25,m4,D3546,0.588084,178.22895,1.148674
timesfm25,m4,D3547,0.31486,95.231559,0.597181
timesfm25,m4,D3548,2.716927,402.352632,2.216592
timesfm25,m4,D3549,0.740582,18.862205,1.56006
timesfm25,m4,D355,0.772115,107.725717,1.229386
timesfm25,m4,D3550,1.797739,49.37343,2.059781
timesfm25,m4,D3551,1.585853,55.932596,2.735781
timesfm25,m4,D3552,1.488702,48.058047,2.71261
timesfm25,m4,D3553,2.072651,63.299569,3.318563
timesfm25,m4,D3554,1.406213,43.08612,2.269681
timesfm25,m4,D3555,1.213624,54.566305,9.570256
timesfm25,m4,D3556,2.596023,123.22337,3.319761
timesfm25,m4,D3557,1.001004,57.238246,9.828309
timesfm25,m4,D3558,1.039207,61.998645,9.024546
timesfm25,m4,D3559,0.647882,20.014498,1.686186
timesfm25,m4,D356,0.8836,122.499143,1.408232
timesfm25,m4,D3560,1.868355,46.068621,2.626675
timesfm25,m4,D3561,2.250784,52.026194,3.004142
timesfm25,m4,D3562,0.316823,97.937131,0.752577
timesfm25,m4,D3563,0.471144,147.690019,1.44421
timesfm25,m4,D3564,1.704279,46.494584,2.450804
timesfm25,m4,D3565,1.522525,46.865265,2.461815
timesfm25,m4,D3566,5.495202,887.237003,4.828652
timesfm25,m4,D3567,0.290607,13.937092,1.074104
timesfm25,m4,D3568,3.439929,602.145824,3.44556
timesfm25,m4,D3569,0.582376,33.018577,0.856699
timesfm25,m4,D357,0.710057,97.175029,1.1497
timesfm25,m4,D3570,0.29732,14.245619,1.103707
timesfm25,m4,D3571,0.447681,23.319283,3.892691
timesfm25,m4,D3572,0.55638,17.614675,1.392326
timesfm25,m4,D3573,1.072621,178.682538,1.058034
timesfm25,m4,D3574,0.700136,184.367553,0.964681
timesfm25,m4,D3575,0.294557,69.27904,0.305812
timesfm25,m4,D3576,0.582724,97.171748,0.529303
timesfm25,m4,D3577,1.627163,248.913498,1.354465
timesfm25,m4,D3578,0.552329,123.981657,0.735942
timesfm25,m4,D3579,0.949649,220.511913,1.181495
timesfm25,m4,D358,0.555448,74.870993,0.901913
timesfm25,m4,D3580,0.860072,243.845086,1.31677
timesfm25,m4,D3581,0.6862,206.624007,1.23815
timesfm25,m4,D3582,1.105717,25.750749,1.44742
timesfm25,m4,D3583,1.122939,211.328693,1.141071
timesfm25,m4,D3584,0.862993,157.09964,0.902341
timesfm25,m4,D3585,1.584133,361.17404,2.597039
timesfm25,m4,D3586,0.565981,19.991307,1.086282
timesfm25,m4,D3587,0.870973,210.20666,1.613859
timesfm25,m4,D3588,1.827406,432.438308,2.215813
timesfm25,m4,D3589,0.353226,84.001726,0.583806
timesfm25,m4,D359,0.553897,86.734165,0.880828
timesfm25,m4,D3590,0.885803,34.114968,1.529848
timesfm25,m4,D3591,1.862206,513.378911,2.927061
timesfm25,m4,D3592,1.762897,551.678433,3.010896
timesfm25,m4,D3593,0.520275,22.012291,0.911791
timesfm25,m4,D3594,0.409739,11.968383,0.609896
timesfm25,m4,D3595,5.978865,1087.664643,7.883518
timesfm25,m4,D3596,0.342222,15.461111,0.561369
timesfm25,m4,D3597,0.154288,11.878868,1.137687
timesfm25,m4,D3598,0.384018,17.444155,0.641427
timesfm25,m4,D3599,1.580425,54.599143,4.15198
timesfm25,m4,D36,0.640216,86.106638,1.910442
timesfm25,m4,D360,0.485433,70.62109,0.762263
timesfm25,m4,D3600,0.462159,70.828664,0.894356
timesfm25,m4,D3601,0.314441,10.650707,0.558069
timesfm25,m4,D3602,0.542584,19.690263,1.346077
timesfm25,m4,D3603,1.272443,46.360852,3.602592
timesfm25,m4,D3604,0.460678,132.775237,2.140063
timesfm25,m4,D3605,0.636491,192.402552,0.667789
timesfm25,m4,D3606,0.759867,148.785126,1.092666
timesfm25,m4,D3607,0.370905,20.848503,0.654156
timesfm25,m4,D3608,0.188446,89.855592,0.572391
timesfm25,m4,D3609,2.395858,296.882737,4.654186
timesfm25,m4,D361,0.528201,78.426375,0.823957
timesfm25,m4,D3610,0.059603,48.698957,1.041634
timesfm25,m4,D3611,2.608484,46.296508,3.42972
timesfm25,m4,D3612,1.26672,244.69739,2.382019
timesfm25,m4,D3613,3.396573,754.270591,9.316328
timesfm25,m4,D3614,0.979955,31.078209,1.32052
timesfm25,m4,D3615,1.098704,36.980252,1.455494
timesfm25,m4,D3616,0.571472,19.453385,0.752709
timesfm25,m4,D3617,0.551547,29.213468,1.809218
timesfm25,m4,D3618,0.459157,21.604805,1.068199
timesfm25,m4,D3619,0.578009,29.149243,1.266637
timesfm25,m4,D362,0.551795,85.563273,0.874904
timesfm25,m4,D3620,0.288614,47.097563,12.313611
timesfm25,m4,D3621,0.358713,108.857943,28.353132
timesfm25,m4,D3622,4.065287,216.167271,10.782687
timesfm25,m4,D3623,0.367693,17.42504,0.608313
timesfm25,m4,D3624,1.310305,77.523437,3.721464
timesfm25,m4,D3625,0.818256,261.064872,2.326165
timesfm25,m4,D3626,1.380385,216.906023,4.286623
timesfm25,m4,D3627,0.714417,293.613226,2.475777
timesfm25,m4,D3628,2.581664,134.472501,3.895684
timesfm25,m4,D3629,1.465575,67.796002,4.814672
timesfm25,m4,D363,2.235135,271.451811,4.225158
timesfm25,m4,D3630,1.420202,93.213795,4.136144
timesfm25,m4,D3631,0.598867,11.775287,0.802752
timesfm25,m4,D3632,1.473399,183.075399,4.134801
timesfm25,m4,D3633,1.601006,196.51152,4.364104
timesfm25,m4,D3634,0.952048,139.158597,3.551158
timesfm25,m4,D3635,0.643382,43.513517,1.198124
timesfm25,m4,D3636,2.996004,279.814098,4.688182
timesfm25,m4,D3637,1.752166,407.448156,3.885617
timesfm25,m4,D3638,1.997377,421.737218,4.067964
timesfm25,m4,D3639,0.854247,116.199531,2.195797
timesfm25,m4,D364,2.209249,274.932747,4.207684
timesfm25,m4,D3640,1.186589,151.312861,2.399322
timesfm25,m4,D3641,9.672453,318.042671,19.72875
timesfm25,m4,D3642,1.19539,199.658722,3.268596
timesfm25,m4,D3643,1.690445,268.550086,2.733604
timesfm25,m4,D3644,1.017586,223.862733,1.909943
timesfm25,m4,D3645,1.013667,205.783953,2.065499
timesfm25,m4,D3646,2.381956,111.06632,4.979354
timesfm25,m4,D3647,2.867939,461.289226,5.439847
timesfm25,m4,D3648,0.811548,225.084073,2.146569
timesfm25,m4,D3649,0.377325,40.379716,1.332537
timesfm25,m4,D365,2.542087,309.951269,4.839377
timesfm25,m4,D3650,0.400288,44.153076,1.505891
timesfm25,m4,D3651,1.125655,72.5915,2.808434
timesfm25,m4,D3652,0.521064,15.550931,0.869297
timesfm25,m4,D3653,1.273204,37.392381,1.570165
timesfm25,m4,D3654,2.322299,86.806712,3.39484
timesfm25,m4,D3655,0.39253,34.169008,0.755745
timesfm25,m4,D3656,3.508283,80.897767,7.403384
timesfm25,m4,D3657,0.536572,83.971695,0.99811
timesfm25,m4,D3658,0.731473,126.664014,1.451202
timesfm25,m4,D3659,0.598871,108.77045,1.179455
timesfm25,m4,D366,0.977437,141.305797,1.833342
timesfm25,m4,D3660,0.752326,182.715797,1.866395
timesfm25,m4,D3661,0.460374,19.502904,1.605647
timesfm25,m4,D3662,0.745232,31.296854,3.286052
timesfm25,m4,D3663,0.737867,30.288053,3.112007
timesfm25,m4,D3664,1.830308,426.859626,5.222756
timesfm25,m4,D3665,1.77354,417.573908,5.121667
timesfm25,m4,D3666,0.38034,28.469073,1.194495
timesfm25,m4,D3667,0.476344,35.79253,1.549632
timesfm25,m4,D3668,0.535073,18.044804,0.898356
timesfm25,m4,D3669,0.499585,18.544604,0.855391
timesfm25,m4,D367,1.13073,155.296176,2.050438
timesfm25,m4,D3670,1.639827,291.123859,3.380605
timesfm25,m4,D3671,0.566752,137.60711,2.007184
timesfm25,m4,D3672,3.188595,367.816743,5.820735
timesfm25,m4,D3673,2.388197,301.338032,4.368059
timesfm25,m4,D3674,0.800877,81.182691,1.241517
timesfm25,m4,D3675,0.869535,90.06346,1.386058
timesfm25,m4,D3676,0.653643,343.673514,3.076635
timesfm25,m4,D3677,2.126123,265.712089,6.208594
timesfm25,m4,D3678,0.909604,48.682453,2.798744
timesfm25,m4,D3679,0.529342,32.065093,0.742376
timesfm25,m4,D368,0.938076,131.708559,1.724079
timesfm25,m4,D3680,1.068971,182.460548,3.642163
timesfm25,m4,D3681,3.898382,445.434496,6.907889
timesfm25,m4,D3682,0.583132,121.333827,1.78278
timesfm25,m4,D3683,0.601588,137.21358,1.905294
timesfm25,m4,D3684,0.522012,51.627584,1.973837
timesfm25,m4,D3685,1.38245,523.719092,4.112371
timesfm25,m4,D3686,1.289524,482.688467,3.730713
timesfm25,m4,D3687,0.447563,10.166779,0.678481
timesfm25,m4,D3688,1.461393,78.256898,5.680326
timesfm25,m4,D3689,0.535348,165.699358,2.611763
timesfm25,m4,D369,0.940269,134.503093,1.72485
timesfm25,m4,D3690,0.258766,15.235223,0.47704
timesfm25,m4,D3691,0.305829,17.808355,0.558898
timesfm25,m4,D3692,0.715686,212.994691,2.979271
timesfm25,m4,D3693,0.545837,167.34785,2.278655
timesfm25,m4,D3694,2.728308,123.798609,6.005318
timesfm25,m4,D3695,2.671067,120.248266,5.825086
timesfm25,m4,D3696,1.291649,123.625209,4.601311
timesfm25,m4,D3697,1.681182,45.653354,3.267301
timesfm25,m4,D3698,1.847951,47.776526,3.426097
timesfm25,m4,D3699,0.846551,26.551438,1.539193
timesfm25,m4,D37,1.492579,209.21309,8.53394
timesfm25,m4,D370,1.13454,139.32293,1.557535
timesfm25,m4,D3700,0.300452,39.062312,0.747046
timesfm25,m4,D3701,1.436248,63.377897,3.104553
timesfm25,m4,D3702,1.295659,57.965379,2.815521
timesfm25,m4,D3703,1.543031,56.677158,3.150947
timesfm25,m4,D3704,0.768456,46.392027,2.39362
timesfm25,m4,D3705,4.766343,992.700326,10.052101
timesfm25,m4,D3706,4.51914,913.188097,9.211859
timesfm25,m4,D3707,1.441822,260.208976,3.012068
timesfm25,m4,D3708,0.835162,57.550763,1.427362
timesfm25,m4,D3709,1.614536,291.097922,2.791642
timesfm25,m4,D371,1.521376,228.861039,2.916159
timesfm25,m4,D3710,0.53037,22.399987,1.319619
timesfm25,m4,D3711,0.923231,46.322404,2.739691
timesfm25,m4,D3712,0.46174,93.011729,1.357929
timesfm25,m4,D3713,0.815993,15.450398,1.148858
timesfm25,m4,D3714,0.530158,10.538785,0.737639
timesfm25,m4,D3715,2.940129,94.764356,5.066932
timesfm25,m4,D3716,1.080608,75.677868,1.927022
timesfm25,m4,D3717,0.41682,57.363561,2.049942
timesfm25,m4,D3718,0.442804,43.180487,1.517424
timesfm25,m4,D3719,0.647199,66.616524,2.431287
timesfm25,m4,D372,0.750892,116.529892,1.372838
timesfm25,m4,D3720,0.593095,80.501068,1.50238
timesfm25,m4,D3721,0.497935,76.231629,1.26429
timesfm25,m4,D3722,3.769668,685.764309,7.197017
timesfm25,m4,D3723,2.707168,481.903793,6.232262
timesfm25,m4,D3724,3.298037,605.817552,7.843831
timesfm25,m4,D3725,0.445549,19.22727,0.846736
timesfm25,m4,D3726,1.410654,59.901209,2.725051
timesfm25,m4,D3727,0.724967,29.823687,1.384619
timesfm25,m4,D3728,1.202013,71.012821,4.711139
timesfm25,m4,D3729,1.294612,75.173929,5.076879
timesfm25,m4,D373,1.376331,206.414612,2.576742
timesfm25,m4,D3730,0.306687,6.124231,0.870356
timesfm25,m4,D3731,0.577666,82.025158,1.254312
timesfm25,m4,D3732,0.847856,45.521616,2.832193
timesfm25,m4,D3733,0.897144,49.812005,3.013939
timesfm25,m4,D3734,3.099501,421.105595,4.848481
timesfm25,m4,D3735,1.323488,379.995498,3.609176
timesfm25,m4,D3736,0.671861,24.727714,1.374356
timesfm25,m4,D3737,2.528778,396.959715,4.517027
timesfm25,m4,D3738,1.264026,121.444979,2.286123
timesfm25,m4,D3739,1.275185,125.978929,2.330982
timesfm25,m4,D374,0.99684,161.676181,1.854266
timesfm25,m4,D3740,0.487,141.968767,2.911688
timesfm25,m4,D3741,1.545926,46.323909,3.626405
timesfm25,m4,D3742,0.651669,173.962488,1.407265
timesfm25,m4,D3743,0.367996,105.72371,1.030555
timesfm25,m4,D3744,0.535457,21.375486,1.19376
timesfm25,m4,D3745,0.508541,115.56918,1.409347
timesfm25,m4,D3746,1.090603,290.589769,2.849455
timesfm25,m4,D3747,1.969394,315.698271,3.183354
timesfm25,m4,D3748,0.654324,167.500391,1.76245
timesfm25,m4,D3749,0.636183,176.488641,1.770854
timesfm25,m4,D375,1.614782,263.788549,3.055099
timesfm25,m4,D3750,1.117268,603.110065,5.840115
timesfm25,m4,D3751,2.918887,705.356802,9.50582
timesfm25,m4,D3752,2.876844,701.552542,9.781693
timesfm25,m4,D3753,0.698978,154.607915,1.435463
timesfm25,m4,D3754,1.215542,467.259597,3.881676
timesfm25,m4,D3755,0.973106,32.955214,3.312695
timesfm25,m4,D3756,1.03282,34.909007,3.597008
timesfm25,m4,D3757,1.21827,197.406158,2.405024
timesfm25,m4,D3758,2.038223,388.966138,3.956651
timesfm25,m4,D3759,1.861024,57.384456,5.674431
timesfm25,m4,D376,1.27288,194.442101,2.327114
timesfm25,m4,D3760,1.713657,366.516264,3.946826
timesfm25,m4,D3761,0.252504,11.181828,0.867893
timesfm25,m4,D3762,0.962139,26.688348,1.945167
timesfm25,m4,D3763,0.392431,70.080443,0.747967
timesfm25,m4,D3764,2.003112,313.191348,4.002349
timesfm25,m4,D3765,4.055179,607.983784,7.692636
timesfm25,m4,D3766,2.169953,346.404332,4.3003
timesfm25,m4,D3767,2.437526,520.431342,5.255816
timesfm25,m4,D3768,0.639138,123.152816,1.634016
timesfm25,m4,D3769,2.300723,56.443869,3.983474
timesfm25,m4,D377,0.853602,132.589423,1.603428
timesfm25,m4,D3770,1.185099,29.805915,1.554922
timesfm25,m4,D3771,1.265196,187.395023,3.229721
timesfm25,m4,D3772,0.627146,25.3718,1.157233
timesfm25,m4,D3773,0.809802,130.326858,1.111181
timesfm25,m4,D3774,5.069667,1094.220556,16.199017
timesfm25,m4,D3775,0.640178,98.175634,1.116042
timesfm25,m4,D3776,0.706265,113.738049,1.211606
timesfm25,m4,D3777,0.599073,33.574971,1.618387
timesfm25,m4,D3778,0.520462,29.123855,3.550859
timesfm25,m4,D3779,0.733261,247.380464,3.926609
timesfm25,m4,D378,1.034753,162.006818,1.938173
timesfm25,m4,D3780,0.964666,338.143749,5.614482
timesfm25,m4,D3781,0.877816,39.44588,3.389329
timesfm25,m4,D3782,1.853336,285.674285,4.156125
timesfm25,m4,D3783,0.644506,78.87392,0.89018
timesfm25,m4,D3784,1.275202,50.589711,2.471295
timesfm25,m4,D3785,3.850753,89.185592,5.416737
timesfm25,m4,D3786,1.21128,192.043544,2.414049
timesfm25,m4,D3787,0.537526,12.499092,0.973194
timesfm25,m4,D3788,1.561216,181.663032,2.528177
timesfm25,m4,D3789,0.914732,194.42851,2.762429
timesfm25,m4,D379,1.308484,208.627659,2.378618
timesfm25,m4,D3790,0.356823,22.143116,1.026828
timesfm25,m4,D3791,0.296423,17.703752,0.827066
timesfm25,m4,D3792,1.904924,262.345639,3.668191
timesfm25,m4,D3793,0.644353,108.628322,1.919491
timesfm25,m4,D3794,0.689802,122.174068,1.987404
timesfm25,m4,D3795,0.633921,118.994735,1.930562
timesfm25,m4,D3796,0.372385,23.386307,1.290189
timesfm25,m4,D3797,0.412458,26.513953,1.45417
timesfm25,m4,D3798,1.711295,283.619918,2.783157
timesfm25,m4,D3799,1.69837,280.953177,2.678709
timesfm25,m4,D38,0.668668,77.822172,3.029882
timesfm25,m4,D380,0.749091,123.080389,1.465468
timesfm25,m4,D3800,2.177317,94.336897,5.110336
timesfm25,m4,D3801,1.205484,176.536054,2.416137
timesfm25,m4,D3802,1.295085,195.112127,2.681686
timesfm25,m4,D3803,3.791634,554.834153,8.206344
timesfm25,m4,D3804,1.152904,137.395912,1.900921
timesfm25,m4,D3805,1.20498,141.938401,1.935994
timesfm25,m4,D3806,0.872331,137.421242,2.22248
timesfm25,m4,D3807,1.61484,308.665791,3.550465
timesfm25,m4,D3808,0.631721,15.20235,0.990331
timesfm25,m4,D3809,0.932264,21.041387,1.505763
timesfm25,m4,D381,1.594857,288.400614,3.899291
timesfm25,m4,D3810,1.100648,144.232769,1.868311
timesfm25,m4,D3811,1.661329,214.824947,2.940212
timesfm25,m4,D3812,0.701167,20.912503,1.717701
timesfm25,m4,D3813,0.625821,220.527076,1.852887
timesfm25,m4,D3814,0.942824,36.017945,2.986435
timesfm25,m4,D3815,0.910649,35.539865,2.228128
timesfm25,m4,D3816,1.06129,46.198694,2.825191
timesfm25,m4,D3817,1.684958,600.893267,4.662755
timesfm25,m4,D3818,1.637529,223.646755,3.266946
timesfm25,m4,D3819,5.307701,646.614235,6.994481
timesfm25,m4,D382,1.329879,243.859847,3.326946
timesfm25,m4,D3820,2.08475,622.277621,6.693755
timesfm25,m4,D3821,2.014902,605.238589,6.46005
timesfm25,m4,D3822,0.975014,147.037722,3.34256
timesfm25,m4,D3823,0.763948,121.088093,2.598338
timesfm25,m4,D3824,1.065472,392.88019,3.801933
timesfm25,m4,D3825,1.160605,398.726116,4.068073
timesfm25,m4,D3826,1.242746,180.960313,3.147692
timesfm25,m4,D3827,0.60411,22.006413,2.215027
timesfm25,m4,D3828,0.826222,133.928393,2.280234
timesfm25,m4,D3829,1.108738,187.533841,1.752946
timesfm25,m4,D383,1.55953,282.77977,3.878164
timesfm25,m4,D3830,1.138266,163.982052,2.761503
timesfm25,m4,D3831,2.473479,300.094438,5.409214
timesfm25,m4,D3832,2.453429,290.520331,5.383732
timesfm25,m4,D3833,0.835717,38.426026,2.610689
timesfm25,m4,D3834,0.807641,36.215243,2.534091
timesfm25,m4,D3835,1.599545,284.366264,5.002883
timesfm25,m4,D3836,1.28789,49.739767,4.053376
timesfm25,m4,D3837,1.396997,53.341814,4.305245
timesfm25,m4,D3838,1.008228,155.671297,2.117839
timesfm25,m4,D3839,0.669867,111.185493,2.016861
timesfm25,m4,D384,1.0528,202.846521,2.747468
timesfm25,m4,D3840,0.366884,20.666921,1.541449
timesfm25,m4,D3841,1.31507,162.570724,2.177609
timesfm25,m4,D3842,2.135325,96.416298,6.726199
timesfm25,m4,D3843,2.291801,108.208214,7.886898
timesfm25,m4,D3844,0.759089,33.952593,2.415394
timesfm25,m4,D3845,0.511255,30.598206,1.561791
timesfm25,m4,D3846,1.072412,208.056933,1.885965
timesfm25,m4,D3847,2.014064,184.44523,3.395019
timesfm25,m4,D3848,2.513627,414.522937,4.387663
timesfm25,m4,D3849,0.585046,86.26283,1.265424
timesfm25,m4,D385,0.52029,101.196181,1.308955
timesfm25,m4,D3850,1.273414,64.825344,2.074677
timesfm25,m4,D3851,1.334768,185.129716,1.945042
timesfm25,m4,D3852,0.494177,82.225701,0.942439
timesfm25,m4,D3853,0.804527,136.84314,1.535325
timesfm25,m4,D3854,0.728784,34.443144,1.462136
timesfm25,m4,D3855,1.879896,71.861656,3.076223
timesfm25,m4,D3856,0.671656,60.832285,1.210765
timesfm25,m4,D3857,2.446476,254.089228,4.974247
timesfm25,m4,D3858,2.466726,261.231414,5.113005
timesfm25,m4,D3859,0.576394,17.898608,0.909039
timesfm25,m4,D386,0.649784,127.529964,1.691969
timesfm25,m4,D3860,0.509113,17.388149,0.781578
timesfm25,m4,D3861,3.602825,381.400913,6.917905
timesfm25,m4,D3862,1.477342,64.265049,3.769295
timesfm25,m4,D3863,0.335077,14.899868,1.085857
timesfm25,m4,D3864,0.462118,14.597367,0.968193
timesfm25,m4,D3865,0.822555,88.30135,1.747883
timesfm25,m4,D3866,0.9925,102.122385,2.133724
timesfm25,m4,D3867,0.59591,29.926979,1.440447
timesfm25,m4,D3868,0.416382,20.653463,1.01124
timesfm25,m4,D3869,0.497503,25.016764,1.191666
timesfm25,m4,D387,1.221585,217.424771,3.112994
timesfm25,m4,D3870,0.391383,12.611267,0.630806
timesfm25,m4,D3871,0.295472,10.386442,0.48957
timesfm25,m4,D3872,0.53032,68.272082,1.298949
timesfm25,m4,D3873,1.817013,267.154684,5.111816
timesfm25,m4,D3874,1.614999,50.305927,3.477177
timesfm25,m4,D3875,0.835597,27.700414,1.791269
timesfm25,m4,D3876,1.053685,96.673636,2.267942
timesfm25,m4,D3877,2.340171,369.836683,6.244888
timesfm25,m4,D3878,2.353998,387.647976,6.383426
timesfm25,m4,D3879,0.462005,64.766464,1.277092
timesfm25,m4,D388,3.480268,475.588665,5.197476
timesfm25,m4,D3880,0.426808,59.892194,1.195602
timesfm25,m4,D3881,3.484436,441.55119,7.870202
timesfm25,m4,D3882,1.933832,87.312366,3.833982
timesfm25,m4,D3883,2.498919,78.782905,4.199059
timesfm25,m4,D3884,1.788509,251.004591,3.726115
timesfm25,m4,D3885,0.719093,37.253315,1.702655
timesfm25,m4,D3886,1.113902,35.562677,2.217954
timesfm25,m4,D3887,2.069773,298.502395,9.3284
timesfm25,m4,D3888,1.508776,137.886956,3.969377
timesfm25,m4,D3889,1.242854,111.315079,3.185246
timesfm25,m4,D389,0.185102,41.291736,0.463751
timesfm25,m4,D3890,1.491046,145.506598,4.045695
timesfm25,m4,D3891,5.750798,698.562609,9.926062
timesfm25,m4,D3892,0.748734,16.736822,1.227523
timesfm25,m4,D3893,0.500732,30.902269,1.638355
timesfm25,m4,D3894,0.574354,34.420671,1.852342
timesfm25,m4,D3895,0.690689,33.56541,1.29868
timesfm25,m4,D3896,0.462044,22.595334,0.762533
timesfm25,m4,D3897,0.333321,19.892215,0.878087
timesfm25,m4,D3898,0.477812,16.256193,0.721401
timesfm25,m4,D3899,2.991411,209.966506,4.309615
timesfm25,m4,D39,3.968371,481.175157,15.07586
timesfm25,m4,D390,0.474349,63.647277,0.766016
timesfm25,m4,D3900,3.130982,216.198702,4.382387
timesfm25,m4,D3901,1.066489,93.89403,2.150967
timesfm25,m4,D3902,0.872893,82.999379,1.802443
timesfm25,m4,D3903,1.871091,165.806987,2.740601
timesfm25,m4,D3904,0.866139,81.528459,1.506065
timesfm25,m4,D3905,1.254455,125.466096,2.216792
timesfm25,m4,D3906,1.197169,119.13148,2.2072
timesfm25,m4,D3907,0.974095,24.182627,1.73704
timesfm25,m4,D3908,0.923077,87.661088,1.615759
timesfm25,m4,D3909,1.396983,84.839163,4.026721
timesfm25,m4,D391,0.649684,94.319831,2.205501
timesfm25,m4,D3910,1.435899,87.60511,4.179242
timesfm25,m4,D3911,0.703462,68.496618,1.260882
timesfm25,m4,D3912,2.217554,114.141266,6.048023
timesfm25,m4,D3913,1.861093,96.248407,5.110816
timesfm25,m4,D3914,1.292108,35.294022,2.029487
timesfm25,m4,D3915,0.998877,96.921914,1.655556
timesfm25,m4,D3916,0.944761,86.287778,1.490143
timesfm25,m4,D3917,0.520917,36.566087,0.756498
timesfm25,m4,D3918,3.110343,266.645554,15.201902
timesfm25,m4,D3919,1.201145,93.665915,1.719919
timesfm25,m4,D392,0.885277,99.507984,3.020085
timesfm25,m4,D3920,1.911519,198.709322,2.876692
timesfm25,m4,D3921,0.642727,52.125611,0.928306
timesfm25,m4,D3922,0.837955,62.813423,3.275121
timesfm25,m4,D3923,0.73571,56.156422,2.900729
timesfm25,m4,D3924,3.822301,263.970687,6.05143
timesfm25,m4,D3925,3.540902,242.773034,5.572649
timesfm25,m4,D3926,0.96395,63.873007,1.43308
timesfm25,m4,D3927,0.839735,70.717842,2.734584
timesfm25,m4,D3928,1.147621,84.943611,1.926343
timesfm25,m4,D3929,1.05948,81.68195,1.77486
timesfm25,m4,D393,0.381984,68.805695,0.657146
timesfm25,m4,D3930,0.53885,44.357445,0.975043
timesfm25,m4,D3931,0.675888,49.820248,1.692911
timesfm25,m4,D3932,0.850075,88.208521,1.558747
timesfm25,m4,D3933,0.42935,45.056425,0.97734
timesfm25,m4,D3934,1.490307,113.957434,1.946337
timesfm25,m4,D3935,1.398771,109.121514,1.934586
timesfm25,m4,D3936,0.357511,12.12712,0.624173
timesfm25,m4,D3937,3.044852,301.288665,4.881912
timesfm25,m4,D3938,3.011059,295.045521,4.786445
timesfm25,m4,D3939,2.437651,249.206945,3.905078
timesfm25,m4,D394,0.37812,69.317065,0.6294
timesfm25,m4,D3940,1.087416,72.00927,2.057244
timesfm25,m4,D3941,0.513659,51.645702,0.912837
timesfm25,m4,D3942,0.693022,83.912322,1.577339
timesfm25,m4,D3943,0.645101,84.087816,1.492222
timesfm25,m4,D3944,1.196722,69.608949,2.669879
timesfm25,m4,D3945,0.507244,30.722554,1.047718
timesfm25,m4,D3946,1.463897,186.460692,3.173561
timesfm25,m4,D3947,0.79172,98.018697,1.797457
timesfm25,m4,D3948,0.802703,91.745631,1.819867
timesfm25,m4,D3949,1.274273,50.089437,1.74229
timesfm25,m4,D395,0.336686,60.819537,0.560638
timesfm25,m4,D3950,1.246094,39.710817,1.655913
timesfm25,m4,D3951,1.162949,154.506156,2.223741
timesfm25,m4,D3952,1.104499,128.976477,4.510647
timesfm25,m4,D3953,0.856468,41.11008,1.417706
timesfm25,m4,D3954,0.706216,80.952312,1.368477
timesfm25,m4,D3955,0.73226,82.332189,1.483564
timesfm25,m4,D3956,0.496302,62.941028,1.004459
timesfm25,m4,D3957,1.404649,71.775668,1.97973
timesfm25,m4,D3958,0.696425,39.550525,1.012195
timesfm25,m4,D3959,0.746884,42.414754,1.09044
timesfm25,m4,D396,0.6125,111.255157,1.25853
timesfm25,m4,D3960,1.000505,93.318826,1.97885
timesfm25,m4,D3961,1.70154,118.829279,3.28764
timesfm25,m4,D3962,0.901246,99.499475,1.990213
timesfm25,m4,D3963,3.481317,448.285885,7.822576
timesfm25,m4,D3964,3.91592,487.35352,8.863424
timesfm25,m4,D3965,1.098768,70.755138,2.281083
timesfm25,m4,D3966,1.407279,75.432176,2.608644
timesfm25,m4,D3967,2.619343,304.084821,3.695842
timesfm25,m4,D3968,2.206553,246.721732,3.199017
timesfm25,m4,D3969,1.870896,190.842939,4.407988
timesfm25,m4,D397,0.596914,104.159297,1.177708
timesfm25,m4,D3970,1.129478,218.929596,3.867054
timesfm25,m4,D3971,1.206965,230.947141,4.203519
timesfm25,m4,D3972,0.688212,140.344366,2.441918
timesfm25,m4,D3973,0.702073,110.971069,2.567865
timesfm25,m4,D3974,1.3088,201.107995,4.602118
timesfm25,m4,D3975,0.442948,72.143249,1.359085
timesfm25,m4,D3976,1.550662,223.215764,3.84287
timesfm25,m4,D3977,1.761597,245.420478,4.357376
timesfm25,m4,D3978,1.449672,154.217411,2.869709
timesfm25,m4,D3979,1.159709,129.927917,2.431669
timesfm25,m4,D398,0.968397,160.094192,1.928746
timesfm25,m4,D3980,1.826936,66.751108,2.788105
timesfm25,m4,D3981,4.460313,452.137752,9.592063
timesfm25,m4,D3982,0.356547,12.354849,0.555303
timesfm25,m4,D3983,0.384021,13.516887,0.592076
timesfm25,m4,D3984,0.755059,86.705064,1.386619
timesfm25,m4,D3985,1.909626,179.25018,3.869918
timesfm25,m4,D3986,0.851382,26.971149,1.448767
timesfm25,m4,D3987,0.820049,98.252748,1.584215
timesfm25,m4,D3988,0.778607,118.741278,1.626763
timesfm25,m4,D3989,0.842236,33.083322,1.563524
timesfm25,m4,D399,0.65719,114.484997,1.313125
timesfm25,m4,D3990,0.545045,18.770893,1.023111
timesfm25,m4,D3991,3.810138,373.546579,6.914596
timesfm25,m4,D3992,0.476499,54.57086,1.077339
timesfm25,m4,D3993,4.052061,425.756643,8.354125
timesfm25,m4,D3994,0.792231,35.669194,1.908037
timesfm25,m4,D3995,0.476041,62.494857,1.080662
timesfm25,m4,D3996,0.675095,105.753625,1.549652
timesfm25,m4,D3997,1.746274,279.263988,4.35196
timesfm25,m4,D3998,2.242176,407.261625,5.663368
timesfm25,m4,D3999,1.017981,184.590943,3.245045
timesfm25,m4,D4,0.791832,224.531178,10.566722
timesfm25,m4,D40,1.34534,138.726356,3.270094
timesfm25,m4,D400,1.080074,165.211429,2.050496
timesfm25,m4,D4000,0.700884,145.293984,2.421476
timesfm25,m4,D4001,1.395841,189.935155,3.458155
timesfm25,m4,D4002,0.260093,49.138233,0.734194
timesfm25,m4,D4003,0.476568,128.393332,2.606749
timesfm25,m4,D4004,0.404322,99.494582,2.121841
timesfm25,m4,D4005,0.527695,144.889242,2.9244
timesfm25,m4,D4006,3.045982,311.859243,5.897408
timesfm25,m4,D4007,2.596954,288.313089,6.045553
timesfm25,m4,D4008,1.212348,182.927464,3.361581
timesfm25,m4,D4009,1.316645,197.632056,3.618553
timesfm25,m4,D401,1.216368,184.27882,2.370777
timesfm25,m4,D4010,1.498925,346.583853,4.337566
timesfm25,m4,D4011,1.547945,326.321125,4.297969
timesfm25,m4,D4012,1.181197,143.965341,2.790674
timesfm25,m4,D4013,1.129933,302.255454,6.260303
timesfm25,m4,D4014,1.330914,192.488362,2.527003
timesfm25,m4,D4015,2.910999,386.517403,9.171165
timesfm25,m4,D4016,1.391711,361.684913,5.288531
timesfm25,m4,D4017,0.538233,105.234866,1.806458
timesfm25,m4,D4018,2.192164,399.873242,7.761535
timesfm25,m4,D4019,1.964842,354.817052,6.863567
timesfm25,m4,D402,1.039477,160.657602,2.009726
timesfm25,m4,D4020,2.096441,371.77837,7.249134
timesfm25,m4,D4021,1.954811,354.434585,6.875268
timesfm25,m4,D4022,1.03908,211.84868,3.935791
timesfm25,m4,D4023,0.444551,29.873259,1.124645
timesfm25,m4,D4024,0.287251,21.679535,0.716829
timesfm25,m4,D4025,0.3346,24.61191,0.835858
timesfm25,m4,D4026,0.585404,34.881043,1.172778
timesfm25,m4,D4027,0.977394,62.738804,2.418829
timesfm25,m4,D4028,0.75901,197.737199,4.756486
timesfm25,m4,D4029,0.874581,277.75834,8.014579
timesfm25,m4,D403,2.791506,62.213794,3.793973
timesfm25,m4,D4030,0.424265,111.292824,2.781207
timesfm25,m4,D4031,1.298595,348.69882,6.799121
timesfm25,m4,D4032,1.29675,329.964795,6.610382
timesfm25,m4,D4033,1.94629,331.891184,3.895941
timesfm25,m4,D4034,3.979858,422.319155,8.303009
timesfm25,m4,D4035,1.851609,170.55911,3.678227
timesfm25,m4,D4036,0.473515,28.06117,1.115868
timesfm25,m4,D4037,0.458667,28.251867,1.103221
timesfm25,m4,D4038,1.021094,53.425769,1.689562
timesfm25,m4,D4039,1.098432,55.997848,1.784003
timesfm25,m4,D404,0.811066,17.225139,1.333027
timesfm25,m4,D4040,0.843597,43.522982,1.380249
timesfm25,m4,D4041,1.353769,57.360616,2.459891
timesfm25,m4,D4042,1.030047,66.628818,2.257446
timesfm25,m4,D4043,0.461813,91.248769,1.186112
timesfm25,m4,D4044,0.48368,136.895247,2.40227
timesfm25,m4,D4045,0.52062,9.906559,0.71535
timesfm25,m4,D4046,0.322165,7.014057,0.451737
timesfm25,m4,D4047,0.333888,161.82848,7.205544
timesfm25,m4,D4048,0.77297,189.309426,4.353384
timesfm25,m4,D4049,0.6223,143.94058,3.343114
timesfm25,m4,D405,0.917679,19.54856,1.502496
timesfm25,m4,D4050,0.631281,81.544293,1.179147
timesfm25,m4,D4051,2.456545,71.428733,3.300995
timesfm25,m4,D4052,1.13621,44.223683,1.80323
timesfm25,m4,D4053,1.035524,39.083366,1.622368
timesfm25,m4,D4054,1.239775,47.918477,1.966999
timesfm25,m4,D4055,2.119917,66.849236,2.976687
timesfm25,m4,D4056,2.075561,96.736221,3.498385
timesfm25,m4,D4057,1.590605,72.789639,2.636965
timesfm25,m4,D4058,1.419083,79.24529,2.424381
timesfm25,m4,D4059,2.016543,106.994743,4.310043
timesfm25,m4,D406,0.861716,18.252114,1.439442
timesfm25,m4,D4060,1.314417,47.383051,2.339071
timesfm25,m4,D4061,1.048223,37.054968,1.904204
timesfm25,m4,D4062,2.201756,74.344692,3.914076
timesfm25,m4,D4063,1.248231,49.811409,2.740259
timesfm25,m4,D4064,2.900642,99.08013,6.5165
timesfm25,m4,D4065,1.633824,59.753763,3.911238
timesfm25,m4,D4066,0.606573,24.772004,1.334545
timesfm25,m4,D4067,0.683116,30.336947,1.52147
timesfm25,m4,D4068,0.572415,21.638799,1.219119
timesfm25,m4,D4069,0.511134,22.153005,1.118336
timesfm25,m4,D407,0.898276,17.907591,1.480566
timesfm25,m4,D4070,1.84683,94.342865,3.625528
timesfm25,m4,D4071,1.777502,99.188475,3.630151
timesfm25,m4,D4072,1.203115,56.982858,2.205696
timesfm25,m4,D4073,0.682425,31.052425,1.261837
timesfm25,m4,D4074,1.069295,181.896938,3.774624
timesfm25,m4,D4075,0.769873,176.039225,1.559151
timesfm25,m4,D4076,0.441112,29.75278,0.993795
timesfm25,m4,D4077,1.284133,76.177684,2.845428
timesfm25,m4,D4078,1.785689,109.9186,3.900783
timesfm25,m4,D4079,1.492772,89.036013,3.116971
timesfm25,m4,D408,1.09136,151.588651,1.33854
timesfm25,m4,D4080,0.87643,57.276717,2.056979
timesfm25,m4,D4081,0.835225,51.641093,1.927458
timesfm25,m4,D4082,0.607083,54.305827,1.687361
timesfm25,m4,D4083,0.547412,41.365617,1.464335
timesfm25,m4,D4084,0.518257,39.866686,1.452019
timesfm25,m4,D4085,0.685263,49.192086,1.748232
timesfm25,m4,D4086,0.861966,60.999442,2.185519
timesfm25,m4,D4087,3.521451,446.868129,6.565782
timesfm25,m4,D4088,1.028973,116.010304,2.202809
timesfm25,m4,D4089,0.870009,76.222786,1.262366
timesfm25,m4,D409,2.50933,425.988685,5.520344
timesfm25,m4,D4090,2.261408,285.077183,3.685332
timesfm25,m4,D4091,1.085971,117.073328,1.696038
timesfm25,m4,D4092,0.453517,7.184094,0.780085
timesfm25,m4,D4093,2.338972,291.919817,3.573708
timesfm25,m4,D4094,1.93946,272.870791,2.924389
timesfm25,m4,D4095,1.960829,275.908726,3.017176
timesfm25,m4,D4096,3.246551,446.843338,5.524284
timesfm25,m4,D4097,0.87765,133.411546,1.370657
timesfm25,m4,D4098,0.905484,290.12119,6.103511
timesfm25,m4,D4099,15.819303,56.211934,4.77346
timesfm25,m4,D41,0.673481,209.030416,2.904147
timesfm25,m4,D410,1.537173,256.118915,3.349907
timesfm25,m4,D4100,0.870286,115.326274,1.196812
timesfm25,m4,D4101,0.92099,126.168437,1.319596
timesfm25,m4,D4102,0.838391,109.472693,1.177451
timesfm25,m4,D4103,1.858993,258.702049,3.281967
timesfm25,m4,D4104,1.539571,215.165244,2.742132
timesfm25,m4,D4105,0.686881,131.221448,1.461547
timesfm25,m4,D4106,0.454895,66.728395,0.833344
timesfm25,m4,D4107,0.999334,145.645003,1.792618
timesfm25,m4,D4108,3.1775,391.685201,5.088796
timesfm25,m4,D4109,3.139744,395.081439,5.103019
timesfm25,m4,D411,1.607406,270.357836,3.529431
timesfm25,m4,D4110,2.844623,350.554895,4.649529
timesfm25,m4,D4111,0.56423,46.037044,1.266714
timesfm25,m4,D4112,0.553219,74.141644,1.311151
timesfm25,m4,D4113,0.982666,112.866473,2.318184
timesfm25,m4,D4114,4.381019,503.409283,8.095822
timesfm25,m4,D4115,1.848639,186.621892,2.887569
timesfm25,m4,D4116,1.311564,165.498076,2.939903
timesfm25,m4,D4117,1.164682,141.212454,2.493408
timesfm25,m4,D4118,1.090266,135.158811,2.337309
timesfm25,m4,D4119,1.293981,159.003108,2.849558
timesfm25,m4,D412,1.759817,243.626563,2.9806
timesfm25,m4,D4120,1.887149,209.804308,3.659727
timesfm25,m4,D4121,1.612939,118.976408,2.284067
timesfm25,m4,D4122,2.139986,156.596185,3.022051
timesfm25,m4,D4123,2.343214,246.856059,3.806709
timesfm25,m4,D4124,0.86357,165.501888,3.361109
timesfm25,m4,D4125,0.895065,171.287353,3.536697
timesfm25,m4,D4126,1.009619,195.397022,4.025839
timesfm25,m4,D4127,0.757981,109.335756,1.134667
timesfm25,m4,D4128,2.649218,301.129981,4.101488
timesfm25,m4,D4129,2.70339,393.540083,3.463163
timesfm25,m4,D413,1.248874,182.462143,2.123083
timesfm25,m4,D4130,1.019015,145.214833,2.305942
timesfm25,m4,D4131,0.715759,32.839689,1.06169
timesfm25,m4,D4132,0.407144,20.542017,0.703748
timesfm25,m4,D4133,0.395432,14.982941,0.5791
timesfm25,m4,D4134,0.399407,110.310672,1.575957
timesfm25,m4,D4135,0.904131,106.340325,1.606289
timesfm25,m4,D4136,0.638291,76.673864,1.146258
timesfm25,m4,D4137,1.038369,32.38313,1.355625
timesfm25,m4,D4138,0.522592,16.714988,0.72885
timesfm25,m4,D4139,0.802494,168.368748,2.150795
timesfm25,m4,D414,1.584172,212.898422,2.712597
timesfm25,m4,D4140,0.636102,56.381277,1.241741
timesfm25,m4,D4141,1.976083,119.460343,3.510283
timesfm25,m4,D4142,6.311765,860.278916,21.228842
timesfm25,m4,D4143,1.675839,205.74812,3.438893
timesfm25,m4,D4144,3.523388,270.852531,5.608552
timesfm25,m4,D4145,0.998821,111.463415,1.776275
timesfm25,m4,D4146,0.43931,62.273553,0.827235
timesfm25,m4,D4147,0.785064,128.463934,1.968752
timesfm25,m4,D4148,1.662049,246.817747,5.567622
timesfm25,m4,D4149,1.0473,175.680913,2.155066
timesfm25,m4,D415,2.099085,354.335977,4.672135
timesfm25,m4,D4150,1.333473,199.581848,3.844215
timesfm25,m4,D4151,2.624309,261.733628,5.287796
timesfm25,m4,D4152,2.85723,293.740279,5.854526
timesfm25,m4,D4153,3.189924,316.865569,5.95855
timesfm25,m4,D4154,2.873115,278.1615,5.287831
timesfm25,m4,D4155,1.127205,199.809587,2.133062
timesfm25,m4,D4156,0.70037,56.077398,1.061096
timesfm25,m4,D4157,0.933118,68.59343,1.41044
timesfm25,m4,D4158,0.373241,67.451176,0.795091
timesfm25,m4,D4159,1.158575,30.529349,1.334704
timesfm25,m4,D416,2.075932,296.622827,2.95771
timesfm25,m4,D4160,0.91183,36.160104,2.812719
timesfm25,m4,D4161,1.4644,287.167811,5.590588
timesfm25,m4,D4162,1.114501,43.310998,4.426754
timesfm25,m4,D4163,1.244032,95.091696,2.518465
timesfm25,m4,D4164,7.570931,865.882462,14.713432
timesfm25,m4,D4165,6.930833,863.425337,14.804904
timesfm25,m4,D4166,6.366043,823.554567,13.512451
timesfm25,m4,D4167,0.498427,72.101014,1.010745
timesfm25,m4,D4168,1.071053,299.043906,2.600833
timesfm25,m4,D4169,1.941949,64.938872,4.223271
timesfm25,m4,D417,1.893428,267.115992,2.695473
timesfm25,m4,D4170,1.671064,55.349423,3.531226
timesfm25,m4,D4171,2.880493,466.118229,9.182419
timesfm25,m4,D4172,0.557649,59.76615,1.32736
timesfm25,m4,D4173,0.384788,41.274296,0.91246
timesfm25,m4,D4174,0.299759,33.11675,0.717862
timesfm25,m4,D4175,1.844867,97.573775,3.778873
timesfm25,m4,D4176,1.60188,84.794933,3.283819
timesfm25,m4,D4177,0.971448,113.003258,1.822066
timesfm25,m4,D4178,1.269382,152.88455,2.665192
timesfm25,m4,D4179,0.573783,88.553808,1.553363
timesfm25,m4,D418,1.952458,273.685566,2.766502
timesfm25,m4,D4180,0.468082,35.271578,1.430526
timesfm25,m4,D4181,0.441564,33.823533,1.363327
timesfm25,m4,D4182,0.419154,32.817594,1.293753
timesfm25,m4,D4183,0.40525,43.971879,0.7497
timesfm25,m4,D4184,0.242161,42.766972,0.654306
timesfm25,m4,D4185,1.437323,237.563232,2.931406
timesfm25,m4,D4186,1.137032,193.506238,2.320645
timesfm25,m4,D4187,1.397286,57.353624,2.882974
timesfm25,m4,D4188,1.377665,57.624926,2.831113
timesfm25,m4,D4189,1.388705,59.591204,2.896286
timesfm25,m4,D419,1.36159,36.444417,2.686296
timesfm25,m4,D4190,1.040006,51.61647,1.446466
timesfm25,m4,D4191,0.986269,42.403535,1.538851
timesfm25,m4,D4192,0.804086,23.49737,1.643168
timesfm25,m4,D4193,0.855669,26.42365,1.853688
timesfm25,m4,D4194,1.215016,184.868482,3.822165
timesfm25,m4,D4195,2.080323,305.218569,6.439291
timesfm25,m4,D4196,0.62595,121.017347,1.296728
timesfm25,m4,D4197,1.304442,78.60264,3.448642
timesfm25,m4,D4198,0.638433,199.610823,1.37502
timesfm25,m4,D4199,1.34309,162.324051,2.433347
timesfm25,m4,D42,0.385667,134.835447,1.731198
timesfm25,m4,D420,0.691672,60.870283,1.162421
timesfm25,m4,D4200,2.194489,371.097864,5.672143
timesfm25,m4,D4201,2.372407,384.762386,6.108658
timesfm25,m4,D4202,0.878939,36.242365,1.680397
timesfm25,m4,D4203,1.455477,237.75106,2.533394
timesfm25,m4,D4204,4.010232,676.05561,8.810592
timesfm25,m4,D4205,0.999417,58.240196,2.858181
timesfm25,m4,D4206,0.584303,99.675073,0.977365
timesfm25,m4,D4207,1.023027,121.447548,3.391593
timesfm25,m4,D4208,0.760877,90.781557,1.978975
timesfm25,m4,D4209,0.888749,116.280486,3.158935
timesfm25,m4,D421,1.726645,27.547514,1.389439
timesfm25,m4,D4210,0.686028,114.308839,2.850229
timesfm25,m4,D4211,0.846453,82.691542,2.058385
timesfm25,m4,D4212,0.249095,43.111029,1.443404
timesfm25,m4,D4213,0.491055,81.217154,3.222153
timesfm25,m4,D4214,0.161801,24.206477,1.000792
timesfm25,m4,D4215,0.715032,123.010758,4.78193
timesfm25,m4,D4216,0.730513,114.20167,1.362926
timesfm25,m4,D4217,0.470256,32.182909,0.8474
timesfm25,m4,D4218,0.293428,20.908591,0.590873
timesfm25,m4,D4219,1.295113,125.121371,2.252503
timesfm25,m4,D422,0.930032,31.055237,2.166498
timesfm25,m4,D4220,0.933097,84.944246,1.829676
timesfm25,m4,D4221,0.811981,36.391797,1.469094
timesfm25,m4,D4222,0.026224,21.231697,0.848073
timesfm25,m4,D4223,4.643692,406.405682,11.64549
timesfm25,m4,D4224,0.992454,119.651843,3.219189
timesfm25,m4,D4225,0.052324,89.278775,1.83991
timesfm25,m4,D4226,0.144215,6.950033,0.377986
timesfm25,m4,D4227,1.140181,393.051643,2.422286
timesfm25,m4,D423,0.470636,126.914026,2.391755
timesfm25,m4,D424,2.788,48.342179,3.057167
timesfm25,m4,D425,1.812579,56.622454,3.484445
timesfm25,m4,D426,1.128353,43.917218,3.478504
timesfm25,m4,D427,1.788696,168.635992,3.686725
timesfm25,m4,D428,0.466335,12.482619,0.633339
timesfm25,m4,D429,0.355152,17.196771,0.851135
timesfm25,m4,D43,0.87008,18.886348,1.43653
timesfm25,m4,D430,1.420005,36.329246,3.325084
timesfm25,m4,D431,0.541739,12.795856,0.592956
timesfm25,m4,D432,0.454145,15.203634,0.715599
timesfm25,m4,D433,0.573503,68.213536,1.414412
timesfm25,m4,D434,0.488773,8.712028,0.43277
timesfm25,m4,D435,0.417676,11.670379,0.568778
timesfm25,m4,D436,0.635259,15.542761,1.166351
timesfm25,m4,D437,2.18312,210.545617,3.803318
timesfm25,m4,D438,2.475237,49.232701,2.792473
timesfm25,m4,D439,2.392112,56.284365,3.018676
timesfm25,m4,D44,1.090452,160.972963,1.182073
timesfm25,m4,D440,1.075727,29.337021,2.273478
timesfm25,m4,D441,1.355728,133.520049,2.454703
timesfm25,m4,D442,0.973754,29.359387,1.917068
timesfm25,m4,D443,0.83595,84.839877,1.501721
timesfm25,m4,D444,0.685125,82.273606,1.548237
timesfm25,m4,D445,0.968432,102.054448,1.797137
timesfm25,m4,D446,0.396117,148.432849,1.351512
timesfm25,m4,D447,1.189,495.566169,7.621819
timesfm25,m4,D448,1.081051,514.578772,5.2976
timesfm25,m4,D449,4.138782,1364.980723,11.452239
timesfm25,m4,D45,1.991549,35.422695,3.027165
timesfm25,m4,D450,0.188633,16.417136,2.65988
timesfm25,m4,D451,0.184132,15.985914,2.650371
timesfm25,m4,D452,2.236669,255.286405,4.703172
timesfm25,m4,D453,0.531987,20.703079,1.614823
timesfm25,m4,D454,0.994137,39.220532,1.367635
timesfm25,m4,D455,1.045169,22.994708,1.31917
timesfm25,m4,D456,0.752451,33.235692,0.783797
timesfm25,m4,D457,0.923423,25.602907,1.941239
timesfm25,m4,D458,0.121024,29.33849,0.741473
timesfm25,m4,D459,1.637493,276.486762,2.331707
timesfm25,m4,D46,1.52426,311.097214,2.670646
timesfm25,m4,D460,1.499973,239.494438,2.311098
timesfm25,m4,D461,1.557155,284.570771,2.418582
timesfm25,m4,D462,0.843131,200.864197,1.326934
timesfm25,m4,D463,1.14991,242.651394,2.457727
timesfm25,m4,D464,1.057843,209.398926,2.438293
timesfm25,m4,D465,0.983231,153.608402,1.089826
timesfm25,m4,D466,0.686901,129.403718,2.04618
timesfm25,m4,D467,0.919645,200.30349,1.993569
timesfm25,m4,D468,1.773875,288.883235,2.403721
timesfm25,m4,D469,1.206534,233.015004,1.872839
timesfm25,m4,D47,1.771523,36.836275,3.221108
timesfm25,m4,D470,1.084058,232.054774,1.843328
timesfm25,m4,D471,0.777333,200.49699,1.967076
timesfm25,m4,D472,0.937618,187.120961,2.19197
timesfm25,m4,D473,0.915891,134.168111,2.272593
timesfm25,m4,D474,1.106048,237.372532,2.560577
timesfm25,m4,D475,0.819348,159.529306,1.97916
timesfm25,m4,D476,1.128021,246.622323,2.31792
timesfm25,m4,D477,0.923114,244.372994,2.145278
timesfm25,m4,D478,2.598252,605.400487,4.535684
timesfm25,m4,D479,1.609241,285.955949,2.182588
timesfm25,m4,D48,0.935153,163.144252,1.331275
timesfm25,m4,D480,1.656047,286.37736,2.376848
timesfm25,m4,D481,1.356972,250.255424,1.936609
timesfm25,m4,D482,1.229523,694.507987,3.811522
timesfm25,m4,D483,0.596673,161.112356,2.094317
timesfm25,m4,D484,2.457966,572.061349,6.226207
timesfm25,m4,D485,0.494597,92.445413,1.580813
timesfm25,m4,D486,0.255682,62.675443,0.872403
timesfm25,m4,D487,0.248057,55.683534,0.56763
timesfm25,m4,D488,0.542621,105.378693,1.217901
timesfm25,m4,D489,1.203682,247.789871,2.771089
timesfm25,m4,D49,0.907948,187.287744,1.403666
timesfm25,m4,D490,0.327085,93.067374,0.81703
timesfm25,m4,D491,0.742802,151.82752,3.044075
timesfm25,m4,D492,0.833195,193.490138,2.281894
timesfm25,m4,D493,0.733984,155.072419,1.743807
timesfm25,m4,D494,0.471351,109.329178,1.369739
timesfm25,m4,D495,0.788686,183.21024,2.275975
timesfm25,m4,D496,0.854927,231.145568,2.790011
timesfm25,m4,D497,0.543521,105.528728,1.220245
timesfm25,m4,D498,0.218086,64.081026,0.752835
timesfm25,m4,D499,0.288907,79.490879,0.779638
timesfm25,m4,D5,0.259273,87.926486,1.218365
timesfm25,m4,D50,1.91965,217.25053,1.809259
timesfm25,m4,D500,0.996951,264.393188,2.459416
timesfm25,m4,D501,0.756063,230.424227,2.389617
timesfm25,m4,D502,0.209675,45.37133,0.560611
timesfm25,m4,D503,1.978187,441.046642,4.020783
timesfm25,m4,D504,0.516245,17.300895,1.233712
timesfm25,m4,D505,1.380037,247.043748,2.776538
timesfm25,m4,D506,1.061442,232.992078,2.109945
timesfm25,m4,D507,0.716193,181.542684,1.954056
timesfm25,m4,D508,1.002901,28.10199,1.992136
timesfm25,m4,D509,1.527746,39.958516,4.033823
timesfm25,m4,D51,1.668501,29.902121,2.493085
timesfm25,m4,D510,1.795063,62.294206,2.204412
timesfm25,m4,D511,1.481727,30.643128,2.060915
timesfm25,m4,D512,0.204811,92.610581,1.935985
timesfm25,m4,D513,0.715675,39.922366,3.80077
timesfm25,m4,D514,1.131753,54.000934,4.232966
timesfm25,m4,D515,0.785793,36.247225,3.748419
timesfm25,m4,D516,0.98441,45.855419,4.208341
timesfm25,m4,D517,0.352463,185.168072,2.262034
timesfm25,m4,D518,0.904992,467.941236,3.861638
timesfm25,m4,D519,0.53991,29.543108,3.734218
timesfm25,m4,D52,1.397018,132.807154,4.274609
timesfm25,m4,D520,1.23163,59.560438,5.164944
timesfm25,m4,D521,0.817179,418.78276,3.712016
timesfm25,m4,D522,0.513591,278.123581,3.858303
timesfm25,m4,D523,2.372777,537.55055,2.898508
timesfm25,m4,D524,2.411875,549.058057,2.901455
timesfm25,m4,D525,1.971753,523.838298,2.528471
timesfm25,m4,D526,2.712816,498.055359,2.708157
timesfm25,m4,D527,2.563859,449.352468,2.947733
timesfm25,m4,D528,0.218364,53.161451,0.458395
timesfm25,m4,D529,1.957143,517.1881,2.546321
timesfm25,m4,D53,2.126118,33.599571,2.90453
timesfm25,m4,D530,2.02396,441.161305,2.847088
timesfm25,m4,D531,3.56085,81.278838,3.857635
timesfm25,m4,D532,4.292853,914.017881,5.028766
timesfm25,m4,D533,1.989056,502.282182,2.950367
timesfm25,m4,D534,3.041627,71.626694,3.944227
timesfm25,m4,D535,4.354652,931.792057,5.028484
timesfm25,m4,D536,0.226815,61.123109,1.06607
timesfm25,m4,D537,2.712574,612.495893,3.998298
timesfm25,m4,D538,3.534635,80.185889,3.884328
timesfm25,m4,D539,3.071563,72.802789,3.926119
timesfm25,m4,D54,0.60774,28.10137,0.805008
timesfm25,m4,D540,0.556988,136.528722,2.111449
timesfm25,m4,D541,0.655757,16.475159,1.041562
timesfm25,m4,D542,3.790593,801.282527,4.112524
timesfm25,m4,D543,3.765085,790.846659,4.143076
timesfm25,m4,D544,0.859061,48.713591,3.641818
timesfm25,m4,D545,2.521575,144.075013,9.355466
timesfm25,m4,D546,1.88401,754.746895,5.036095
timesfm25,m4,D547,0.721486,296.838471,3.217358
timesfm25,m4,D548,1.498667,642.048869,5.006622
timesfm25,m4,D549,0.363713,19.70721,3.446411
timesfm25,m4,D55,0.118714,7.102774,0.535475
timesfm25,m4,D550,1.342788,667.129649,4.808667
timesfm25,m4,D551,1.227868,58.603168,3.426051
timesfm25,m4,D552,1.479628,64.051684,4.092587
timesfm25,m4,D553,1.062221,51.306669,4.005546
timesfm25,m4,D554,1.132129,53.102146,3.964212
timesfm25,m4,D555,1.312458,32.103936,1.7363
timesfm25,m4,D556,1.431896,39.296957,1.763373
timesfm25,m4,D557,0.584015,37.465762,1.674606
timesfm25,m4,D558,0.763222,44.793144,1.761792
timesfm25,m4,D559,1.043321,45.281776,1.892477
timesfm25,m4,D56,2.651266,295.693108,2.667058
timesfm25,m4,D560,1.036828,100.273298,3.03984
timesfm25,m4,D561,2.232559,303.717758,6.202633
timesfm25,m4,D562,1.093341,46.765343,1.902964
timesfm25,m4,D563,2.428126,195.754799,6.040116
timesfm25,m4,D564,0.673182,30.337306,1.586909
timesfm25,m4,D565,0.537055,23.612171,1.549241
timesfm25,m4,D566,0.685117,38.46729,1.573861
timesfm25,m4,D567,0.816581,42.441661,1.556684
timesfm25,m4,D568,0.850651,43.378967,1.553967
timesfm25,m4,D569,0.852839,40.821158,1.540887
timesfm25,m4,D57,1.270472,36.270189,1.664154
timesfm25,m4,D570,0.80923,39.734544,1.528314
timesfm25,m4,D571,1.250617,58.541475,3.190892
timesfm25,m4,D572,0.243203,83.956395,0.850745
timesfm25,m4,D573,0.242017,77.28602,0.762798
timesfm25,m4,D574,0.21549,8.765181,0.78973
timesfm25,m4,D575,0.371737,110.494529,1.13757
timesfm25,m4,D576,0.198627,79.101223,0.790195
timesfm25,m4,D577,0.224967,80.812035,0.769565
timesfm25,m4,D578,0.341653,99.685433,1.138302
timesfm25,m4,D579,0.222692,75.061589,0.850688
timesfm25,m4,D58,0.827083,28.342793,1.342108
timesfm25,m4,D580,0.206437,72.902282,0.769616
timesfm25,m4,D581,0.31403,10.715097,1.060899
timesfm25,m4,D582,0.341576,11.884753,1.060942
timesfm25,m4,D583,0.376436,10.906464,1.141113
timesfm25,m4,D584,0.345655,98.338924,1.140949
timesfm25,m4,D585,0.915154,50.451126,0.949056
timesfm25,m4,D586,0.785569,42.772705,2.099977
timesfm25,m4,D587,0.361481,20.367083,1.268792
timesfm25,m4,D588,0.744672,69.332099,0.557372
timesfm25,m4,D589,0.282231,24.430283,1.086677
timesfm25,m4,D59,1.137275,111.970813,1.698996
timesfm25,m4,D590,0.137908,9.911408,1.074551
timesfm25,m4,D591,0.479202,26.589594,1.10073
timesfm25,m4,D592,0.353449,19.80074,1.268014
timesfm25,m4,D593,0.591799,52.934463,1.838259
timesfm25,m4,D594,0.238683,143.992391,0.908844
timesfm25,m4,D595,0.41681,22.093218,1.100719
timesfm25,m4,D596,0.133724,9.611843,1.074599
timesfm25,m4,D597,0.204211,119.549243,0.909006
timesfm25,m4,D598,0.310039,16.90801,1.268688
timesfm25,m4,D599,0.233418,140.058853,0.908734
timesfm25,m4,D6,4.655033,212.186874,5.903268
timesfm25,m4,D60,0.47224,41.518875,0.870048
timesfm25,m4,D600,0.314022,19.951636,1.184774
timesfm25,m4,D601,0.307118,19.407274,1.184525
timesfm25,m4,D602,0.517744,26.270288,1.777682
timesfm25,m4,D603,0.428789,23.395199,1.725675
timesfm25,m4,D604,0.786555,51.516559,4.547053
timesfm25,m4,D605,0.25053,14.499548,1.034301
timesfm25,m4,D606,0.489993,27.419419,1.725591
timesfm25,m4,D607,0.50082,28.187579,1.725592
timesfm25,m4,D608,0.453196,224.097992,1.777704
timesfm25,m4,D609,0.528999,27.004972,1.777562
timesfm25,m4,D61,0.196702,47.395516,1.092011
timesfm25,m4,D610,0.217783,123.76173,1.034381
timesfm25,m4,D611,0.25645,14.906942,1.034346
timesfm25,m4,D612,0.109535,11.827169,0.956228
timesfm25,m4,D613,0.452034,36.216025,2.971447
timesfm25,m4,D614,0.130673,13.760082,0.956268
timesfm25,m4,D615,0.134717,14.129873,0.956278
timesfm25,m4,D616,0.176251,15.582698,1.364571
timesfm25,m4,D617,0.280245,27.483365,1.812136
timesfm25,m4,D618,0.216374,18.61645,1.364736
timesfm25,m4,D619,0.193246,18.621866,1.28889
timesfm25,m4,D62,2.101569,358.602027,5.798382
timesfm25,m4,D620,0.235007,23.619609,1.81203
timesfm25,m4,D621,0.288853,28.217514,1.811987
timesfm25,m4,D622,0.236797,21.950523,1.851696
timesfm25,m4,D623,0.291489,26.236067,1.851861
timesfm25,m4,D624,0.282764,25.553477,1.85203
timesfm25,m4,D625,0.209896,18.127193,1.364424
timesfm25,m4,D626,0.99322,96.173544,6.79109
timesfm25,m4,D627,0.157455,15.588282,1.288843
timesfm25,m4,D628,0.414952,85.830891,0.793284
timesfm25,m4,D629,0.398274,82.913444,0.728061
timesfm25,m4,D63,1.887177,139.602547,2.611078
timesfm25,m4,D630,0.425527,12.625463,0.86956
timesfm25,m4,D631,0.579806,122.463651,0.830497
timesfm25,m4,D632,0.56716,124.550277,0.905684
timesfm25,m4,D633,0.579918,122.60808,0.868751
timesfm25,m4,D634,0.322618,12.173584,0.76459
timesfm25,m4,D635,0.529594,14.237584,0.888207
timesfm25,m4,D636,0.527425,13.913633,0.912921
timesfm25,m4,D637,0.527404,14.477946,0.861052
timesfm25,m4,D638,0.514518,16.748508,1.107491
timesfm25,m4,D639,0.42768,12.48822,0.897423
timesfm25,m4,D64,1.227916,92.773882,6.93719
timesfm25,m4,D640,0.512134,17.33083,1.043772
timesfm25,m4,D641,0.284633,10.424716,0.718075
timesfm25,m4,D642,0.303401,11.267532,0.740771
timesfm25,m4,D643,0.426068,12.27617,0.923501
timesfm25,m4,D644,0.515473,17.005458,1.077785
timesfm25,m4,D645,0.301971,12.202183,0.702611
timesfm25,m4,D646,0.308629,11.850157,0.763702
timesfm25,m4,D647,0.847247,169.14869,1.37662
timesfm25,m4,D648,0.887403,22.711362,1.376984
timesfm25,m4,D649,0.99941,35.941126,2.41251
timesfm25,m4,D65,0.478406,117.031742,2.536386
timesfm25,m4,D650,0.542577,33.603015,1.302443
timesfm25,m4,D651,0.389057,13.935743,0.771199
timesfm25,m4,D652,0.429936,14.387612,0.86889
timesfm25,m4,D653,0.369649,13.032265,0.754481
timesfm25,m4,D654,0.370113,12.265342,0.795637
timesfm25,m4,D655,0.331113,97.167301,0.703047
timesfm25,m4,D656,0.478001,129.114782,0.913794
timesfm25,m4,D657,0.347561,12.171154,0.734798
timesfm25,m4,D658,0.402519,13.392097,0.837445
timesfm25,m4,D659,0.409376,114.75988,0.817673
timesfm25,m4,D66,0.297823,28.716449,1.569576
timesfm25,m4,D660,0.587046,129.099768,1.034642
timesfm25,m4,D661,0.591185,130.819838,0.998257
timesfm25,m4,D662,0.442141,92.015422,0.90109
timesfm25,m4,D663,0.589929,130.474809,1.104863
timesfm25,m4,D664,0.424082,110.460855,0.722233
timesfm25,m4,D665,0.34657,92.418894,0.586702
timesfm25,m4,D666,0.379722,97.71905,0.741072
timesfm25,m4,D667,0.406913,101.514503,0.8441
timesfm25,m4,D668,0.293239,79.287042,0.527967
timesfm25,m4,D669,3.289817,2334.680492,7.82137
timesfm25,m4,D67,0.769966,95.316475,1.544549
timesfm25,m4,D670,0.491673,124.183375,0.800775
timesfm25,m4,D671,0.346894,96.053894,0.629769
timesfm25,m4,D672,0.764073,84.244004,1.075996
timesfm25,m4,D673,6.100316,3049.34452,8.962767
timesfm25,m4,D674,0.460035,105.812777,1.673863
timesfm25,m4,D675,1.705686,343.308614,4.173957
timesfm25,m4,D676,0.726538,161.389565,1.875582
timesfm25,m4,D677,1.653101,311.126645,1.496937
timesfm25,m4,D678,0.230687,78.250942,0.81007
timesfm25,m4,D679,2.273885,493.95143,2.637597
timesfm25,m4,D68,0.739772,107.951948,1.672522
timesfm25,m4,D680,0.62367,139.007531,2.253954
timesfm25,m4,D681,1.350887,282.63578,1.467491
timesfm25,m4,D682,0.465723,109.156219,0.546341
timesfm25,m4,D683,1.145422,246.784992,2.932638
timesfm25,m4,D684,1.637911,286.245115,1.458454
timesfm25,m4,D685,0.410538,111.906861,0.448843
timesfm25,m4,D686,0.970536,175.011305,4.429888
timesfm25,m4,D687,0.586937,115.288323,0.506459
timesfm25,m4,D688,1.845154,363.458302,8.797025
timesfm25,m4,D689,1.648006,256.992856,1.358015
timesfm25,m4,D69,0.495354,128.118696,2.589331
timesfm25,m4,D690,0.81133,172.03412,2.372025
timesfm25,m4,D691,1.113403,226.057696,4.141938
timesfm25,m4,D692,1.597442,252.445662,1.356547
timesfm25,m4,D693,0.846093,118.15918,0.711887
timesfm25,m4,D694,0.983994,182.823162,0.894565
timesfm25,m4,D695,1.163465,382.327657,1.765898
timesfm25,m4,D696,0.755751,110.867262,0.700419
timesfm25,m4,D697,3.880419,813.682486,9.477546
timesfm25,m4,D698,0.855934,164.643566,3.222357
timesfm25,m4,D699,0.955829,180.304609,0.896722
timesfm25,m4,D7,4.484985,2723.763573,40.059196
timesfm25,m4,D70,1.245697,51.199816,1.022156
timesfm25,m4,D700,1.343965,283.549365,1.347725
timesfm25,m4,D701,0.502951,147.138042,2.191484
timesfm25,m4,D702,0.817292,115.780369,0.708629
timesfm25,m4,D703,1.748452,289.798866,1.445256
timesfm25,m4,D704,1.189149,260.759033,1.311644
timesfm25,m4,D705,0.352381,73.539872,1.3861
timesfm25,m4,D706,0.779051,168.242559,0.739434
timesfm25,m4,D707,1.296478,242.202008,1.189466
timesfm25,m4,D708,0.750206,163.359835,2.173171
timesfm25,m4,D709,1.294477,276.174792,1.33691
timesfm25,m4,D71,2.440678,96.118493,3.334334
timesfm25,m4,D710,0.80091,170.752185,0.737011
timesfm25,m4,D711,1.428738,256.824813,1.190722
timesfm25,m4,D712,0.73257,163.19051,0.745238
timesfm25,m4,D713,0.511495,125.028665,1.658357
timesfm25,m4,D714,3.026278,568.361681,2.681626
timesfm25,m4,D715,1.375949,292.84028,4.833996
timesfm25,m4,D716,3.506528,734.915556,8.324829
timesfm25,m4,D717,2.791919,544.984633,2.666265
timesfm25,m4,D718,2.140498,378.977386,1.894455
timesfm25,m4,D719,1.320298,273.011561,1.417022
timesfm25,m4,D72,1.327541,43.155051,1.756601
timesfm25,m4,D720,1.460996,254.888931,1.477425
timesfm25,m4,D721,1.978561,365.421867,1.902098
timesfm25,m4,D722,1.387226,315.574662,1.543655
timesfm25,m4,D723,1.614681,335.812552,1.92417
timesfm25,m4,D724,1.437348,31.74225,1.840458
timesfm25,m4,D725,1.591863,322.844813,3.764091
timesfm25,m4,D726,1.583761,264.603374,1.474139
timesfm25,m4,D727,0.28085,71.613662,0.955882
timesfm25,m4,D728,1.183729,232.690262,1.479949
timesfm25,m4,D729,1.376977,267.419746,1.435252
timesfm25,m4,D73,1.380791,26.713419,2.222224
timesfm25,m4,D730,2.400041,460.325751,2.700686
timesfm25,m4,D731,0.258338,58.940166,0.983634
timesfm25,m4,D732,2.92575,513.183599,2.720515
timesfm25,m4,D733,0.548256,114.219579,1.606175
timesfm25,m4,D734,1.600424,297.578469,5.979345
timesfm25,m4,D735,1.515306,32.410465,1.864638
timesfm25,m4,D736,1.119259,241.056391,1.441475
timesfm25,m4,D737,1.458999,280.08764,1.435262
timesfm25,m4,D738,1.902876,363.518161,1.878482
timesfm25,m4,D739,1.701638,356.532903,1.949396
timesfm25,m4,D74,0.366714,26.152265,0.577319
timesfm25,m4,D740,0.421703,136.535645,1.833541
timesfm25,m4,D741,0.35077,14.807394,1.663259
timesfm25,m4,D742,0.404172,132.576621,1.822321
timesfm25,m4,D743,0.855161,39.734224,4.815763
timesfm25,m4,D744,1.266751,61.263306,4.607966
timesfm25,m4,D745,0.513302,22.489264,2.410662
timesfm25,m4,D746,0.445006,19.679465,1.805308
timesfm25,m4,D747,0.297788,13.705319,0.97658
timesfm25,m4,D748,0.194072,10.010792,1.414854
timesfm25,m4,D749,1.284915,61.411373,3.464749
timesfm25,m4,D75,1.190458,37.778799,2.079952
timesfm25,m4,D750,0.378263,17.861637,1.770471
timesfm25,m4,D751,1.160368,52.609322,3.596248
timesfm25,m4,D752,0.255213,13.102405,0.952499
timesfm25,m4,D753,0.532203,21.847963,1.949731
timesfm25,m4,D754,0.508445,21.252907,1.941441
timesfm25,m4,D755,0.738957,38.840983,2.67165
timesfm25,m4,D756,0.626845,24.680229,2.325993
timesfm25,m4,D757,0.576738,25.561796,1.578714
timesfm25,m4,D758,1.219309,63.393123,6.965383
timesfm25,m4,D759,1.035819,127.080522,4.319807
timesfm25,m4,D76,0.721604,19.347125,0.944566
timesfm25,m4,D760,0.514715,22.017794,2.212867
timesfm25,m4,D761,0.629946,44.734285,2.521454
timesfm25,m4,D762,0.268882,16.139513,1.580414
timesfm25,m4,D763,0.520663,25.096554,1.735395
timesfm25,m4,D764,0.257054,12.815941,0.95413
timesfm25,m4,D765,0.338033,18.441994,1.727866
timesfm25,m4,D766,0.759895,35.857874,3.325801
timesfm25,m4,D767,0.693353,28.331949,2.409502
timesfm25,m4,D768,0.618989,26.56327,2.365549
timesfm25,m4,D769,0.181719,55.899289,0.404888
timesfm25,m4,D77,0.58197,18.918735,0.769358
timesfm25,m4,D770,0.170621,40.903381,0.283621
timesfm25,m4,D771,0.394086,87.745295,1.376486
timesfm25,m4,D772,0.225102,63.196751,0.412075
timesfm25,m4,D773,0.220758,45.887436,0.310184
timesfm25,m4,D774,0.20641,42.861888,0.714923
timesfm25,m4,D775,0.175984,49.340591,0.365436
timesfm25,m4,D776,0.413947,84.308678,0.728762
timesfm25,m4,D777,0.995525,228.95376,2.241952
timesfm25,m4,D778,0.211761,62.146522,0.356235
timesfm25,m4,D779,1.961321,440.212395,6.009076
timesfm25,m4,D78,0.624204,63.668363,1.764273
timesfm25,m4,D780,0.189135,55.012483,0.354604
timesfm25,m4,D781,0.302177,69.341828,0.487082
timesfm25,m4,D782,0.244638,61.922898,0.489899
timesfm25,m4,D783,2.068771,480.259533,5.532002
timesfm25,m4,D784,0.908827,241.228561,2.089798
timesfm25,m4,D785,0.899436,204.323216,1.887778
timesfm25,m4,D786,0.506527,178.778309,1.568962
timesfm25,m4,D787,0.677528,248.720586,1.840266
timesfm25,m4,D788,0.74395,204.340096,1.573615
timesfm25,m4,D789,0.473234,126.099872,6.414143
timesfm25,m4,D79,1.118159,223.474385,1.830977
timesfm25,m4,D790,0.432436,152.305171,1.039458
timesfm25,m4,D791,0.508044,173.704878,1.344396
timesfm25,m4,D792,0.916753,225.905591,1.520651
timesfm25,m4,D793,0.532365,146.76798,1.866673
timesfm25,m4,D794,1.334607,291.732955,2.160923
timesfm25,m4,D795,0.852816,207.600898,5.145028
timesfm25,m4,D796,0.858428,245.713526,1.641054
timesfm25,m4,D797,0.553547,153.58447,1.204599
timesfm25,m4,D798,0.466396,117.924673,3.271301
timesfm25,m4,D799,0.627217,191.205458,1.435065
timesfm25,m4,D8,0.722061,16.579576,0.846869
timesfm25,m4,D80,1.136948,41.475814,1.496119
timesfm25,m4,D800,0.951678,255.862336,2.160258
timesfm25,m4,D801,0.83094,220.132657,1.606525
timesfm25,m4,D802,1.553374,520.119367,2.111384
timesfm25,m4,D803,1.062428,418.100934,1.882077
timesfm25,m4,D804,1.006096,363.527101,1.817603
timesfm25,m4,D805,0.468181,153.235942,2.295772
timesfm25,m4,D806,1.250128,354.366005,1.768628
timesfm25,m4,D807,1.642725,497.893061,2.265716
timesfm25,m4,D808,1.421942,380.148162,1.802266
timesfm25,m4,D809,0.196091,70.916279,0.502381
timesfm25,m4,D81,1.895874,46.88665,2.509823
timesfm25,m4,D810,0.971376,327.146768,1.753255
timesfm25,m4,D811,1.443121,438.396457,2.075485
timesfm25,m4,D812,0.238538,87.079677,1.132324
timesfm25,m4,D813,1.142033,260.892069,1.736714
timesfm25,m4,D814,1.413254,378.039164,1.802254
timesfm25,m4,D815,1.919614,453.323181,2.368164
timesfm25,m4,D816,2.062573,474.725068,2.541048
timesfm25,m4,D817,2.278283,509.891916,2.600119
timesfm25,m4,D818,0.90157,266.534047,7.431077
timesfm25,m4,D819,2.263033,506.847394,2.598232
timesfm25,m4,D82,0.900057,18.728779,1.403668
timesfm25,m4,D820,2.097815,482.95212,2.387373
timesfm25,m4,D821,1.850473,449.023837,2.202982
timesfm25,m4,D822,1.755898,473.279879,2.20487
timesfm25,m4,D823,0.388812,128.009002,1.067748
timesfm25,m4,D824,0.380955,157.612602,2.948108
timesfm25,m4,D825,0.767537,220.598166,1.794307
timesfm25,m4,D826,1.007436,295.561119,1.885088
timesfm25,m4,D827,0.859358,309.668939,2.60261
timesfm25,m4,D828,0.181863,59.945412,1.576388
timesfm25,m4,D829,0.883185,265.075196,1.80853
timesfm25,m4,D83,1.089344,99.315465,3.053828
timesfm25,m4,D830,0.680432,23.652152,1.817784
timesfm25,m4,D831,1.023559,250.812889,1.866997
timesfm25,m4,D832,1.31717,306.655994,2.305616
timesfm25,m4,D833,0.440337,134.035232,3.91482
timesfm25,m4,D834,1.338477,310.305218,2.305787
timesfm25,m4,D835,0.780687,224.10805,1.851977
timesfm25,m4,D836,0.625279,181.129755,1.246429
timesfm25,m4,D837,1.437998,489.266255,2.087853
timesfm25,m4,D838,0.443142,120.16953,3.272616
timesfm25,m4,D839,1.089225,384.352642,1.821817
timesfm25,m4,D84,1.141591,31.666342,1.76095
timesfm25,m4,D840,1.261905,442.652746,1.894084
timesfm25,m4,D841,1.270063,445.26602,1.89485
timesfm25,m4,D842,1.243111,279.884756,1.744298
timesfm25,m4,D843,0.314291,141.410583,1.487347
timesfm25,m4,D844,0.348648,147.625423,1.550448
timesfm25,m4,D845,0.611536,267.157301,8.674416
timesfm25,m4,D846,1.156796,67.141321,4.101579
timesfm25,m4,D847,0.718061,33.307375,1.96979
timesfm25,m4,D848,1.199767,63.974639,3.445978
timesfm25,m4,D849,0.690836,33.74722,3.981474
timesfm25,m4,D85,1.321247,818.173805,12.318239
timesfm25,m4,D850,1.183522,63.076341,3.446152
timesfm25,m4,D851,0.618294,40.75174,2.257475
timesfm25,m4,D852,1.172901,68.097278,4.101364
timesfm25,m4,D853,2.74074,119.161532,11.641871
timesfm25,m4,D854,0.660554,43.472333,2.257236
timesfm25,m4,D855,0.651264,42.863996,2.257197
timesfm25,m4,D856,0.944149,58.066835,3.225719
timesfm25,m4,D857,0.897004,61.05669,3.224558
timesfm25,m4,D858,0.452531,28.11116,1.698866
timesfm25,m4,D859,1.097801,63.823061,4.101594
timesfm25,m4,D86,0.308053,63.776279,0.784114
timesfm25,m4,D860,0.924168,60.753233,3.008498
timesfm25,m4,D861,1.006129,61.956309,3.226365
timesfm25,m4,D862,0.973242,63.912769,3.008367
timesfm25,m4,D863,2.205075,108.581515,7.825568
timesfm25,m4,D864,0.800941,48.149159,2.603508
timesfm25,m4,D865,0.858301,51.403011,2.603307
timesfm25,m4,D866,0.18453,85.234534,1.557474
timesfm25,m4,D867,0.379209,126.965673,1.650653
timesfm25,m4,D868,0.421764,190.609794,1.735785
timesfm25,m4,D869,0.33695,170.723095,1.732498
timesfm25,m4,D87,0.416621,32.815435,1.349126
timesfm25,m4,D870,0.180139,72.174508,2.243412
timesfm25,m4,D871,0.564976,230.408053,1.858903
timesfm25,m4,D872,0.94156,471.993495,2.473407
timesfm25,m4,D873,1.843081,837.425855,5.420178
timesfm25,m4,D874,0.055459,19.484438,1.625553
timesfm25,m4,D875,0.513442,211.139533,1.848839
timesfm25,m4,D876,0.453061,20.640938,1.855442
timesfm25,m4,D877,0.530995,210.949861,1.776063
timesfm25,m4,D878,0.444365,18.898693,1.772582
timesfm25,m4,D879,0.559487,211.21233,1.77546
timesfm25,m4,D88,0.431907,37.399737,1.364878
timesfm25,m4,D880,0.313525,141.202142,1.486833
timesfm25,m4,D881,0.362838,148.49493,1.618424
timesfm25,m4,D882,0.486045,212.124273,1.705375
timesfm25,m4,D883,0.484865,244.237613,11.268786
timesfm25,m4,D884,0.43494,161.945333,1.550399
timesfm25,m4,D885,0.363512,148.640946,1.618011
timesfm25,m4,D886,0.282145,154.212604,3.204664
timesfm25,m4,D887,0.37544,157.768267,1.464728
timesfm25,m4,D888,0.485267,211.970139,1.706062
timesfm25,m4,D889,0.392636,193.465951,1.70626
timesfm25,m4,D89,0.722018,60.901608,2.4006
timesfm25,m4,D890,0.830351,454.329141,1.749672
timesfm25,m4,D891,0.376172,157.925034,1.46456
timesfm25,m4,D892,0.416751,148.571834,1.437835
timesfm25,m4,D893,2.127347,78.466584,4.297518
timesfm25,m4,D894,0.822914,34.1042,1.921758
timesfm25,m4,D895,0.571178,21.255217,1.681869
timesfm25,m4,D896,0.952127,38.556898,2.902967
timesfm25,m4,D897,0.802411,39.269282,2.292269
timesfm25,m4,D898,1.942907,94.47779,5.938157
timesfm25,m4,D899,0.537205,20.274977,1.609697
timesfm25,m4,D9,0.739434,15.965561,0.896988
timesfm25,m4,D90,0.684428,59.249714,2.282973
timesfm25,m4,D900,0.61419,27.46722,2.105115
timesfm25,m4,D901,0.879898,38.202545,3.094727
timesfm25,m4,D902,0.757481,34.405084,2.724916
timesfm25,m4,D903,0.587105,32.127603,1.276435
timesfm25,m4,D904,0.931879,38.051238,2.892389
timesfm25,m4,D905,0.588731,26.613501,2.054812
timesfm25,m4,D906,0.715949,34.890534,2.95373
timesfm25,m4,D907,0.781389,36.592971,3.043144
timesfm25,m4,D908,0.648122,22.167617,2.071707
timesfm25,m4,D909,0.609199,19.003995,1.67473
timesfm25,m4,D91,0.661613,53.84699,2.200757
timesfm25,m4,D910,2.025497,74.387972,7.267418
timesfm25,m4,D911,0.609266,32.531267,2.854616
timesfm25,m4,D912,0.306645,15.494585,1.145675
timesfm25,m4,D913,1.475383,412.085549,2.108829
timesfm25,m4,D914,1.412924,396.075277,2.050733
timesfm25,m4,D915,0.717556,196.782716,1.690643
timesfm25,m4,D916,1.323799,345.368542,2.402414
timesfm25,m4,D917,0.744735,201.406228,2.673568
timesfm25,m4,D918,1.173907,323.644565,2.359901
timesfm25,m4,D919,0.773283,254.044526,3.392688
timesfm25,m4,D92,0.610268,53.268169,2.038869
timesfm25,m4,D920,1.633905,527.55915,4.011857
timesfm25,m4,D921,0.806797,234.626981,2.326066
timesfm25,m4,D922,1.593011,405.679407,2.73613
timesfm25,m4,D923,1.347823,350.233951,2.410891
timesfm25,m4,D924,1.974414,469.914055,3.132833
timesfm25,m4,D925,1.543012,395.918296,2.877329
timesfm25,m4,D926,1.577595,395.574227,2.793118
timesfm25,m4,D927,2.516811,717.606765,5.318455
timesfm25,m4,D928,0.210928,70.903812,0.808479
timesfm25,m4,D929,1.561168,399.218103,2.720982
timesfm25,m4,D93,0.634844,53.318673,1.974887
timesfm25,m4,D930,2.010757,398.851221,2.595112
timesfm25,m4,D931,1.295563,338.437864,2.093853
timesfm25,m4,D932,0.840909,231.818945,1.907393
timesfm25,m4,D933,1.532317,373.066034,2.188691
timesfm25,m4,D934,1.429555,349.452172,2.166716
timesfm25,m4,D935,1.939055,385.286217,2.538798
timesfm25,m4,D936,1.209722,357.702576,1.961477
timesfm25,m4,D937,1.074975,307.020129,1.989442
timesfm25,m4,D938,0.354368,89.334986,1.158731
timesfm25,m4,D939,1.472312,377.084995,2.535535
timesfm25,m4,D94,0.451438,41.269984,1.494533
timesfm25,m4,D940,1.468697,397.259558,2.413003
timesfm25,m4,D941,1.778343,437.835907,2.528114
timesfm25,m4,D942,0.447509,123.745711,1.048195
timesfm25,m4,D943,0.759935,25.105047,2.53906
timesfm25,m4,D944,0.90044,33.149606,2.943655
timesfm25,m4,D945,0.324634,11.025114,1.262137
timesfm25,m4,D946,0.622297,21.475892,2.025381
timesfm25,m4,D947,0.886953,26.685125,2.560271
timesfm25,m4,D948,0.822469,31.083513,2.974007
timesfm25,m4,D949,1.739845,67.395423,5.082137
timesfm25,m4,D95,0.481903,43.082126,1.598907
timesfm25,m4,D950,0.634261,27.158305,2.751547
timesfm25,m4,D951,0.436267,20.832509,1.370777
timesfm25,m4,D952,1.043148,412.174398,3.37816
timesfm25,m4,D953,0.467948,195.205411,1.839979
timesfm25,m4,D954,0.370403,147.771043,1.501975
timesfm25,m4,D955,0.100247,5.882083,0.866115
timesfm25,m4,D956,0.557764,219.052443,1.710004
timesfm25,m4,D957,0.376276,149.255607,1.497946
timesfm25,m4,D958,2.86003,1364.6849,21.370213
timesfm25,m4,D959,0.465495,19.389502,1.669601
timesfm25,m4,D96,0.730841,60.17988,2.429098
timesfm25,m4,D960,0.37849,16.496551,1.7022
timesfm25,m4,D961,0.448969,18.901396,1.639219
timesfm25,m4,D962,0.545572,214.65198,1.702632
timesfm25,m4,D963,0.328052,13.946326,1.500097
timesfm25,m4,D964,0.396958,21.084381,2.866342
timesfm25,m4,D965,0.565523,214.220015,1.943542
timesfm25,m4,D966,0.575679,216.712962,1.942491
timesfm25,m4,D967,0.529588,21.274954,1.830975
timesfm25,m4,D968,0.504175,20.361739,1.954918
timesfm25,m4,D969,0.51135,20.686505,1.800671
timesfm25,m4,D97,0.548896,48.149284,1.825802
timesfm25,m4,D970,0.352448,25.955266,2.194625
timesfm25,m4,D971,0.427481,18.506727,1.70222
timesfm25,m4,D972,0.296944,13.143215,1.672118
timesfm25,m4,D973,0.60404,224.265476,1.481903
timesfm25,m4,D974,0.54745,23.737684,1.7133
timesfm25,m4,D975,0.558814,211.247947,1.62845
timesfm25,m4,D976,0.580073,219.475271,1.450175
timesfm25,m4,D977,0.520082,204.658118,1.474609
timesfm25,m4,D978,0.533833,20.183665,1.58492
timesfm25,m4,D979,0.40371,16.241994,1.362141
timesfm25,m4,D98,1.680285,102.861401,5.11959
timesfm25,m4,D980,1.537348,63.247989,7.879194
timesfm25,m4,D981,0.70246,27.867903,1.909836
timesfm25,m4,D982,1.504815,64.732469,4.733197
timesfm25,m4,D983,0.698215,30.758718,2.8764
timesfm25,m4,D984,0.629011,26.437632,1.989812
timesfm25,m4,D985,0.692961,27.280855,1.950218
timesfm25,m4,D986,0.978742,34.14656,1.571865
timesfm25,m4,D987,0.40024,18.224965,1.298236
timesfm25,m4,D988,0.901277,32.600026,1.57188
timesfm25,m4,D989,0.802123,22.753466,1.497043
timesfm25,m4,D99,1.944249,569.197544,5.178036
timesfm25,m4,D990,0.816684,23.572257,1.497316
timesfm25,m4,D991,0.696357,23.169459,1.233519
timesfm25,m4,D992,0.791468,28.386108,1.590949
timesfm25,m4,D993,0.776032,27.401379,1.590765
timesfm25,m4,D994,0.677553,26.053658,1.504295
timesfm25,m4,D995,0.653177,21.743012,1.154605
timesfm25,m4,D996,0.697065,24.48034,1.155467
timesfm25,m4,D997,0.929346,28.921033,1.620909
timesfm25,m4,D998,0.725205,24.362078,1.591094
timesfm25,m4,D999,0.752794,20.236313,1.497552
chronos,m4,D1,1.754097,25.202769,1.125138
chronos,m4,D10,0.513742,32.863268,1.070894
chronos,m4,D100,0.384149,20.264361,1.94925
chronos,m4,D1000,1.036063,34.637596,1.819419
chronos,m4,D1001,0.654623,20.981345,1.261624
chronos,m4,D1002,1.65328,59.694934,4.58369
chronos,m4,D1003,0.842136,27.088264,1.504359
chronos,m4,D1004,1.027526,45.391069,1.776307
chronos,m4,D1005,0.898453,27.028907,1.71364
chronos,m4,D1006,0.676925,22.319841,1.157854
chronos,m4,D1007,0.986502,41.217032,1.566686
chronos,m4,D1008,0.395281,25.270251,1.527336
chronos,m4,D1009,1.21987,47.070307,1.773907
chronos,m4,D101,2.019701,471.848095,3.394394
chronos,m4,D1010,1.514072,51.209221,2.007238
chronos,m4,D1011,0.778039,28.544305,1.002391
chronos,m4,D1012,0.851975,38.861318,2.561541
chronos,m4,D1013,0.375372,17.107204,0.828337
chronos,m4,D1014,1.309346,43.772447,1.601301
chronos,m4,D1015,1.03771,37.143,1.373408
chronos,m4,D1016,1.060357,38.786678,1.529666
chronos,m4,D1017,1.8436,90.545218,3.24544
chronos,m4,D1018,0.678924,26.549617,0.950495
chronos,m4,D1019,0.527918,29.268274,1.255607
chronos,m4,D102,1.862161,63.061668,3.260379
chronos,m4,D1020,0.75958,32.006757,3.778215
chronos,m4,D1021,0.170146,13.54541,0.364655
chronos,m4,D1022,1.856356,207.792405,3.421215
chronos,m4,D1023,0.7323,74.239188,0.681565
chronos,m4,D1024,0.715688,125.095639,0.875696
chronos,m4,D1025,0.83581,39.422166,5.819641
chronos,m4,D1026,0.232419,17.304102,0.822246
chronos,m4,D1027,0.304856,22.190984,1.170056
chronos,m4,D1028,0.473633,31.001321,1.604625
chronos,m4,D1029,2.998676,141.466524,10.769279
chronos,m4,D103,1.176746,201.155927,2.624933
chronos,m4,D1030,0.467755,32.537197,1.903523
chronos,m4,D1031,0.345083,21.975263,0.938657
chronos,m4,D1032,1.299133,84.341313,7.089355
chronos,m4,D1033,0.4134,27.124108,1.348699
chronos,m4,D1034,0.562473,34.137305,1.840824
chronos,m4,D1035,0.323252,25.075129,1.164654
chronos,m4,D1036,0.213725,15.573096,0.679026
chronos,m4,D1037,1.360611,88.732065,6.209193
chronos,m4,D1038,0.398999,27.959412,1.56929
chronos,m4,D1039,0.506035,24.011785,1.145176
chronos,m4,D104,1.628325,229.883717,2.346598
chronos,m4,D1040,0.164066,13.706946,0.64405
chronos,m4,D1041,0.283141,14.600859,0.734249
chronos,m4,D1042,0.90546,63.250029,4.039795
chronos,m4,D1043,0.757947,45.686728,5.087265
chronos,m4,D1044,0.647534,34.632827,2.635713
chronos,m4,D1045,0.928084,52.724515,2.532352
chronos,m4,D1046,0.535864,33.611825,1.782942
chronos,m4,D1047,0.259511,15.768643,1.93582
chronos,m4,D1048,1.832165,109.911199,7.272456
chronos,m4,D1049,0.762802,50.79463,2.512079
chronos,m4,D105,1.287588,222.222791,1.916809
chronos,m4,D1050,0.817296,49.376792,2.324162
chronos,m4,D1051,2.8587,183.435647,11.727208
chronos,m4,D1052,0.273039,6.13259,0.384843
chronos,m4,D1053,0.478339,71.33143,0.458109
chronos,m4,D1054,1.407067,43.349972,2.715584
chronos,m4,D1055,0.314936,10.80123,0.489699
chronos,m4,D1056,0.24629,9.799331,0.405952
chronos,m4,D1057,0.430034,16.555576,0.736385
chronos,m4,D1058,0.597581,18.188455,1.002321
chronos,m4,D1059,0.285055,6.936468,0.431705
chronos,m4,D106,0.235319,10.020509,0.745713
chronos,m4,D1060,0.440422,14.67586,0.732689
chronos,m4,D1061,0.290638,11.083542,0.530037
chronos,m4,D1062,0.394925,9.531971,0.56482
chronos,m4,D1063,0.437299,12.938551,0.686853
chronos,m4,D1064,0.644421,17.717259,0.926898
chronos,m4,D1065,0.586831,118.868391,0.648065
chronos,m4,D1066,0.292352,7.372079,0.448895
chronos,m4,D1067,0.576136,16.461645,0.884599
chronos,m4,D1068,0.550033,92.759849,0.648954
chronos,m4,D1069,0.483596,102.06705,0.659175
chronos,m4,D107,0.196229,7.871173,0.660596
chronos,m4,D1070,0.81127,135.21073,0.757577
chronos,m4,D1071,0.782012,147.127655,0.840468
chronos,m4,D1072,0.665905,122.546005,2.057734
chronos,m4,D1073,0.599723,101.801666,0.684666
chronos,m4,D1074,0.471481,105.103674,0.833252
chronos,m4,D1075,0.773343,145.32295,0.992951
chronos,m4,D1076,1.675212,310.204141,1.971148
chronos,m4,D1077,0.980677,204.37781,1.169731
chronos,m4,D1078,0.489048,34.23634,1.705311
chronos,m4,D1079,0.346882,21.06175,1.220072
chronos,m4,D108,1.252829,27.679995,1.837642
chronos,m4,D1080,1.335495,68.418337,3.722461
chronos,m4,D1081,0.8033,54.317943,2.293492
chronos,m4,D1082,0.738424,38.290767,2.253181
chronos,m4,D1083,0.104004,7.732637,0.575668
chronos,m4,D1084,0.141634,12.099281,0.772344
chronos,m4,D1085,0.379666,25.212056,1.58343
chronos,m4,D1086,0.363056,19.867862,1.155342
chronos,m4,D1087,0.814612,44.532104,2.274006
chronos,m4,D1088,0.63218,48.355796,1.377154
chronos,m4,D1089,0.672347,38.642235,2.131401
chronos,m4,D109,1.212083,24.985031,1.818744
chronos,m4,D1090,0.660511,35.233909,1.843637
chronos,m4,D1091,0.347404,22.897079,1.512126
chronos,m4,D1092,0.410596,22.243169,1.151563
chronos,m4,D1093,0.297232,19.49335,1.301224
chronos,m4,D1094,0.568139,31.146427,1.803194
chronos,m4,D1095,0.713395,199.107795,1.050814
chronos,m4,D1096,0.636429,176.839876,1.332799
chronos,m4,D1097,0.578569,115.115049,1.88142
chronos,m4,D1098,0.364606,76.281608,0.568569
chronos,m4,D1099,1.657256,355.861971,5.953022
chronos,m4,D11,0.574276,40.091326,1.234644
chronos,m4,D110,1.170956,25.424615,1.703485
chronos,m4,D1100,0.440975,98.027036,0.758177
chronos,m4,D1101,0.599655,140.713195,2.705488
chronos,m4,D1102,0.642631,146.477141,1.263366
chronos,m4,D1103,0.481538,115.111431,0.984803
chronos,m4,D1104,1.313893,279.214845,2.027389
chronos,m4,D1105,0.812671,200.307586,1.439866
chronos,m4,D1106,0.555978,109.661264,0.759027
chronos,m4,D1107,1.060627,209.892178,2.755417
chronos,m4,D1108,1.457772,383.115395,2.322005
chronos,m4,D1109,0.723174,147.807241,1.566446
chronos,m4,D111,0.395474,94.512498,0.757863
chronos,m4,D1110,0.888186,200.184944,1.080032
chronos,m4,D1111,0.609549,17.781136,1.124397
chronos,m4,D1112,0.944167,212.804993,2.54458
chronos,m4,D1113,0.473126,116.832099,0.756732
chronos,m4,D1114,0.937671,273.472848,1.566795
chronos,m4,D1115,0.741422,253.815609,1.858288
chronos,m4,D1116,0.339667,81.937542,0.996302
chronos,m4,D1117,0.860062,191.157596,0.993003
chronos,m4,D1118,0.618748,153.950181,0.885648
chronos,m4,D1119,0.358232,87.053038,0.569082
chronos,m4,D112,0.687295,103.53781,1.223973
chronos,m4,D1120,0.392393,93.658502,0.493512
chronos,m4,D1121,0.597376,16.874223,0.949294
chronos,m4,D1122,2.715899,734.992134,6.563394
chronos,m4,D1123,0.312322,71.544338,1.109926
chronos,m4,D1124,1.272791,318.576362,3.279215
chronos,m4,D1125,0.569917,161.883572,0.760634
chronos,m4,D1126,0.427794,11.265641,1.13229
chronos,m4,D1127,0.875351,28.000486,1.70074
chronos,m4,D1128,0.817601,32.955842,2.03808
chronos,m4,D1129,0.610457,18.606516,1.250402
chronos,m4,D113,0.971137,155.343627,1.766272
chronos,m4,D1130,1.044371,29.972676,1.959373
chronos,m4,D1131,0.483931,20.437528,1.691628
chronos,m4,D1132,0.670244,24.538375,1.706102
chronos,m4,D1133,0.752005,318.962907,1.766008
chronos,m4,D1134,0.501815,19.642394,1.74823
chronos,m4,D1135,0.938237,26.48227,3.664221
chronos,m4,D1136,0.855453,32.652226,2.219853
chronos,m4,D1137,0.97774,31.043038,2.024379
chronos,m4,D1138,0.342747,13.325512,0.976316
chronos,m4,D1139,0.778744,35.27185,1.759112
chronos,m4,D114,0.795331,352.308691,4.394431
chronos,m4,D1140,0.550701,20.808398,1.592501
chronos,m4,D1141,0.740205,28.536613,1.373672
chronos,m4,D1142,0.619957,22.516349,2.030047
chronos,m4,D1143,1.093873,53.573616,3.460061
chronos,m4,D1144,1.116177,385.208365,2.362127
chronos,m4,D1145,0.497061,27.791914,1.690527
chronos,m4,D1146,0.184422,10.39573,0.905738
chronos,m4,D1147,1.280212,43.140226,2.173896
chronos,m4,D1148,0.708127,29.205556,2.208282
chronos,m4,D1149,0.592806,28.96022,1.63091
chronos,m4,D115,1.267335,517.795809,5.806949
chronos,m4,D1150,0.624118,22.344236,1.244664
chronos,m4,D1151,0.501258,24.901319,1.447175
chronos,m4,D1152,0.770699,33.143135,1.935588
chronos,m4,D1153,1.156491,45.175678,4.46397
chronos,m4,D1154,2.07831,135.540973,4.608626
chronos,m4,D1155,0.974044,45.251207,2.889605
chronos,m4,D1156,0.791577,42.790177,3.094751
chronos,m4,D1157,0.714232,36.161527,2.970446
chronos,m4,D1158,0.608772,37.187287,2.992934
chronos,m4,D1159,1.040105,53.040938,3.320685
chronos,m4,D116,0.922033,482.119879,5.295465
chronos,m4,D1160,0.818024,41.38649,3.231823
chronos,m4,D1161,0.836091,46.998577,3.455854
chronos,m4,D1162,0.3573,20.997461,1.390265
chronos,m4,D1163,2.91045,136.074995,9.435281
chronos,m4,D1164,0.778805,35.733359,3.941775
chronos,m4,D1165,1.522266,74.75936,5.393028
chronos,m4,D1166,1.245932,56.80421,3.88555
chronos,m4,D1167,0.790997,53.011589,2.675898
chronos,m4,D1168,1.016909,49.481341,3.496432
chronos,m4,D1169,1.464174,63.557904,4.510597
chronos,m4,D117,1.292561,44.160604,2.745495
chronos,m4,D1170,1.310804,58.682514,4.24915
chronos,m4,D1171,1.036055,51.980017,3.989189
chronos,m4,D1172,0.527037,30.89667,2.605261
chronos,m4,D1173,0.886609,59.106928,2.828229
chronos,m4,D1174,1.502874,63.392953,4.645965
chronos,m4,D1175,0.590729,45.134074,2.417656
chronos,m4,D1176,1.116874,53.25533,4.332578
chronos,m4,D1177,1.465423,74.263197,3.711109
chronos,m4,D1178,1.280411,69.063214,3.741978
chronos,m4,D1179,0.823855,48.669467,3.367784
chronos,m4,D118,0.229116,209.493651,1.94825
chronos,m4,D1180,1.205747,60.434297,3.081717
chronos,m4,D1181,1.082028,67.157693,3.841747
chronos,m4,D1182,0.457573,25.353811,1.787784
chronos,m4,D1183,1.123154,68.628945,3.760903
chronos,m4,D1184,1.277774,71.652287,3.505884
chronos,m4,D1185,1.326056,69.432359,3.696199
chronos,m4,D1186,1.185224,70.857961,4.053832
chronos,m4,D1187,0.837141,24.97133,1.781108
chronos,m4,D1188,0.883961,24.328756,1.95601
chronos,m4,D1189,0.810089,171.620994,1.115936
chronos,m4,D119,0.247625,231.076007,2.105794
chronos,m4,D1190,2.057457,439.635591,3.785543
chronos,m4,D1191,1.037854,174.468462,1.260399
chronos,m4,D1192,1.355435,295.446894,2.123868
chronos,m4,D1193,0.930041,207.614934,1.524366
chronos,m4,D1194,0.333345,83.260211,0.632197
chronos,m4,D1195,0.253028,61.327148,3.416417
chronos,m4,D1196,0.797528,189.672353,2.160275
chronos,m4,D1197,1.88779,369.329312,2.050211
chronos,m4,D1198,3.571296,829.860154,25.459856
chronos,m4,D1199,0.815797,227.691249,2.251625
chronos,m4,D12,0.330044,36.016291,0.6788
chronos,m4,D120,0.339466,50.0147,0.769719
chronos,m4,D1200,0.272191,54.062272,3.730948
chronos,m4,D1201,0.99245,189.309508,1.36168
chronos,m4,D1202,1.367445,269.528031,1.659093
chronos,m4,D1203,0.969859,221.100991,1.545637
chronos,m4,D1204,1.501117,310.096495,2.092036
chronos,m4,D1205,1.079301,245.327882,2.366915
chronos,m4,D1206,1.697501,334.126906,1.875429
chronos,m4,D1207,3.370818,827.23489,6.267487
chronos,m4,D1208,2.492956,405.14411,2.695433
chronos,m4,D1209,1.894963,333.214095,2.203717
chronos,m4,D121,0.295271,61.914092,0.703332
chronos,m4,D1210,0.50747,95.925386,3.843145
chronos,m4,D1211,2.572607,402.974546,2.595783
chronos,m4,D1212,2.464749,402.443067,2.612587
chronos,m4,D1213,1.410004,288.50023,1.743355
chronos,m4,D1214,0.251457,60.343631,1.671162
chronos,m4,D1215,0.298573,66.504765,2.164898
chronos,m4,D1216,0.956884,212.071968,1.437237
chronos,m4,D1217,2.238461,350.215034,2.320838
chronos,m4,D1218,0.977322,179.413307,1.423479
chronos,m4,D1219,1.876678,275.192575,1.726283
chronos,m4,D122,0.310379,46.538571,0.712973
chronos,m4,D1220,0.143286,31.71669,1.523154
chronos,m4,D1221,2.652061,404.829497,2.706256
chronos,m4,D1222,1.902817,313.272458,2.210532
chronos,m4,D1223,6.499211,3375.509739,12.248612
chronos,m4,D1224,0.169185,40.520161,1.519313
chronos,m4,D1225,1.228333,222.918374,14.67421
chronos,m4,D1226,0.894297,171.015367,1.157636
chronos,m4,D1227,1.586453,311.571433,4.660583
chronos,m4,D1228,2.289814,330.118267,2.154373
chronos,m4,D1229,1.458702,238.647188,1.452965
chronos,m4,D123,1.833953,505.402763,4.789472
chronos,m4,D1230,0.407977,98.498984,0.639809
chronos,m4,D1231,0.811065,165.118293,3.032667
chronos,m4,D1232,1.993741,428.613061,4.675813
chronos,m4,D1233,0.250845,52.7001,0.726755
chronos,m4,D1234,1.275828,234.22752,1.725238
chronos,m4,D1235,0.323915,93.250922,0.603698
chronos,m4,D1236,0.640312,133.475953,1.350533
chronos,m4,D1237,0.549298,145.903971,1.325503
chronos,m4,D1238,0.658048,148.162825,1.055804
chronos,m4,D1239,2.020433,440.183396,3.784721
chronos,m4,D124,1.682821,57.997121,4.752887
chronos,m4,D1240,1.745821,407.93715,3.586997
chronos,m4,D1241,1.070613,222.703085,1.666342
chronos,m4,D1242,0.358564,95.932894,2.238932
chronos,m4,D1243,0.237691,53.088694,0.841783
chronos,m4,D1244,0.310195,74.406037,1.897455
chronos,m4,D1245,0.792181,218.341914,1.386029
chronos,m4,D1246,0.913495,17.316647,1.525764
chronos,m4,D1247,0.504724,121.413171,0.88966
chronos,m4,D1248,0.909415,190.39521,1.597788
chronos,m4,D1249,0.284732,92.728218,0.699913
chronos,m4,D125,0.461688,13.77758,2.032244
chronos,m4,D1250,0.692536,144.179244,1.048769
chronos,m4,D1251,0.502753,102.374757,0.745378
chronos,m4,D1252,1.067024,173.703023,1.26946
chronos,m4,D1253,1.912287,330.920154,2.507861
chronos,m4,D1254,0.447098,130.344533,0.803196
chronos,m4,D1255,0.413214,95.504121,1.853798
chronos,m4,D1256,0.784637,184.445474,1.261939
chronos,m4,D1257,0.42902,154.337198,1.69648
chronos,m4,D1258,1.083046,400.474523,2.548941
chronos,m4,D1259,0.53429,270.014149,1.632716
chronos,m4,D126,0.339567,9.942283,0.893173
chronos,m4,D1260,0.369944,116.462805,1.138836
chronos,m4,D1261,0.796137,36.699273,3.075178
chronos,m4,D1262,0.601344,199.930369,1.905974
chronos,m4,D1263,0.540235,219.626574,1.566245
chronos,m4,D1264,0.674195,26.663266,1.917055
chronos,m4,D1265,0.531709,243.773324,1.585568
chronos,m4,D1266,0.927976,30.279713,2.038056
chronos,m4,D1267,1.002197,375.823803,2.301271
chronos,m4,D1268,0.408537,18.12619,1.331436
chronos,m4,D1269,1.248293,47.134241,2.982768
chronos,m4,D127,0.346291,80.893104,0.610853
chronos,m4,D1270,0.769911,33.058531,2.299121
chronos,m4,D1271,0.592763,233.117476,1.547722
chronos,m4,D1272,1.397727,50.463005,3.262278
chronos,m4,D1273,0.942808,30.714658,2.125154
chronos,m4,D1274,2.065633,513.575244,4.466265
chronos,m4,D1275,1.61864,586.344662,4.619058
chronos,m4,D1276,2.589029,863.981264,6.792794
chronos,m4,D1277,2.085316,628.302201,3.781528
chronos,m4,D1278,1.990581,685.444039,4.753867
chronos,m4,D1279,3.424089,1102.590643,7.243811
chronos,m4,D128,3.076912,337.37089,16.478949
chronos,m4,D1280,2.73556,870.090908,6.998189
chronos,m4,D1281,1.905834,669.072165,4.669324
chronos,m4,D1282,2.434988,552.589529,5.445273
chronos,m4,D1283,2.110629,735.301936,6.437386
chronos,m4,D1284,3.24593,1054.561876,7.029592
chronos,m4,D1285,2.258511,778.083101,5.576064
chronos,m4,D1286,2.340331,735.323781,5.656756
chronos,m4,D1287,2.065305,753.155321,5.670232
chronos,m4,D1288,2.110261,758.971385,4.991916
chronos,m4,D1289,2.182076,708.300563,4.610346
chronos,m4,D129,3.330862,2871.645782,22.884542
chronos,m4,D1290,2.284692,683.979829,4.586413
chronos,m4,D1291,2.272045,752.925835,5.746605
chronos,m4,D1292,1.892136,679.266723,4.347749
chronos,m4,D1293,2.624325,792.75205,5.437186
chronos,m4,D1294,2.885647,896.105532,6.32232
chronos,m4,D1295,2.598939,752.716206,5.384658
chronos,m4,D1296,1.792738,585.646518,4.450475
chronos,m4,D1297,2.004055,593.306545,4.234645
chronos,m4,D1298,1.747627,439.560114,4.554835
chronos,m4,D1299,2.873399,735.272696,5.163558
chronos,m4,D13,2.054481,374.755358,4.171995
chronos,m4,D130,1.135982,339.900939,5.511798
chronos,m4,D1300,2.817432,707.233187,5.192666
chronos,m4,D1301,2.737337,747.885686,5.472562
chronos,m4,D1302,2.946039,737.674683,5.125684
chronos,m4,D1303,2.562331,729.751841,4.804395
chronos,m4,D1304,2.758215,749.145764,5.663705
chronos,m4,D1305,3.252963,840.76182,7.020793
chronos,m4,D1306,1.91344,563.962598,4.541875
chronos,m4,D1307,2.401702,639.535696,5.044172
chronos,m4,D1308,2.734025,776.78315,6.034577
chronos,m4,D1309,2.821983,733.573531,5.043355
chronos,m4,D131,2.173929,655.540664,4.081556
chronos,m4,D1310,0.338074,137.185073,2.348226
chronos,m4,D1311,0.397316,154.515378,2.698866
chronos,m4,D1312,0.48742,32.607782,3.763642
chronos,m4,D1313,0.19485,14.515202,1.401065
chronos,m4,D1314,0.247556,17.11965,1.413123
chronos,m4,D1315,0.287505,22.050294,2.443663
chronos,m4,D1316,0.309178,20.829513,2.17509
chronos,m4,D1317,0.352017,24.237204,2.765671
chronos,m4,D1318,0.444242,27.89026,2.613277
chronos,m4,D1319,0.440543,27.478649,2.735615
chronos,m4,D132,0.635612,442.21723,2.414583
chronos,m4,D1320,0.267727,18.940283,1.766419
chronos,m4,D1321,0.484877,28.789372,3.012524
chronos,m4,D1322,0.452379,33.808581,3.104053
chronos,m4,D1323,0.291401,20.160518,1.836835
chronos,m4,D1324,0.214349,15.135743,1.331545
chronos,m4,D1325,0.313022,24.22398,2.440649
chronos,m4,D1326,0.237548,16.140056,1.636189
chronos,m4,D1327,0.329405,21.172637,2.111407
chronos,m4,D1328,0.114167,66.479845,0.918936
chronos,m4,D1329,0.353417,25.945675,2.654458
chronos,m4,D133,0.919202,799.223138,7.819356
chronos,m4,D1330,0.368756,26.25043,2.790609
chronos,m4,D1331,0.188445,14.326617,1.416041
chronos,m4,D1332,1.034513,52.727238,5.3596
chronos,m4,D1333,0.481907,29.094832,3.076929
chronos,m4,D1334,0.641103,33.106637,3.359014
chronos,m4,D1335,0.397387,23.022722,2.272683
chronos,m4,D1336,0.289765,18.239795,1.751875
chronos,m4,D1337,0.273799,16.859097,1.595479
chronos,m4,D1338,0.405009,24.420423,2.219287
chronos,m4,D1339,0.336218,22.579573,1.887215
chronos,m4,D134,1.536358,1220.626991,33.253033
chronos,m4,D1340,0.482466,32.892976,3.220734
chronos,m4,D1341,0.240995,18.030232,1.600563
chronos,m4,D1342,0.55965,30.537689,3.065925
chronos,m4,D1343,0.314401,20.061326,1.756778
chronos,m4,D1344,1.67994,652.134237,3.294901
chronos,m4,D1345,1.670818,631.571774,3.324774
chronos,m4,D1346,1.216036,463.32059,3.421504
chronos,m4,D1347,1.158342,417.748466,2.868687
chronos,m4,D1348,0.814003,301.87236,2.402308
chronos,m4,D1349,1.295008,497.261139,3.660568
chronos,m4,D135,0.545378,1000.58283,9.062896
chronos,m4,D1350,1.398755,517.441301,3.340953
chronos,m4,D1351,1.013708,359.166374,2.437939
chronos,m4,D1352,1.382747,490.224438,3.325253
chronos,m4,D1353,1.523692,450.372641,2.998394
chronos,m4,D1354,1.122802,458.098635,3.044073
chronos,m4,D1355,1.584363,60.876171,4.124959
chronos,m4,D1356,1.642893,586.242511,3.889247
chronos,m4,D1357,1.545912,58.055337,4.003815
chronos,m4,D1358,1.487952,512.31515,3.516686
chronos,m4,D1359,0.966697,334.632459,2.419817
chronos,m4,D136,0.792777,893.854015,22.330997
chronos,m4,D1360,1.535271,550.663605,3.647622
chronos,m4,D1361,1.11037,432.914216,2.74983
chronos,m4,D1362,1.231637,408.434014,3.47374
chronos,m4,D1363,1.400242,487.900973,3.7823
chronos,m4,D1364,2.478609,572.774361,3.872192
chronos,m4,D1365,1.242368,323.576389,2.131491
chronos,m4,D1366,0.71686,244.953655,1.537074
chronos,m4,D1367,1.70235,464.205016,3.188314
chronos,m4,D1368,1.61106,440.893464,2.769756
chronos,m4,D1369,1.567685,444.312443,2.704121
chronos,m4,D137,2.821594,1327.699185,49.982792
chronos,m4,D1370,1.412882,380.366168,2.233998
chronos,m4,D1371,1.409182,376.414561,2.214268
chronos,m4,D1372,1.565254,410.181915,2.503307
chronos,m4,D1373,1.614011,419.625242,2.820567
chronos,m4,D1374,2.321513,546.882357,3.563145
chronos,m4,D1375,2.157714,525.693381,3.613743
chronos,m4,D1376,0.828383,317.704462,2.880746
chronos,m4,D1377,0.747728,313.76606,2.433162
chronos,m4,D1378,0.61717,260.125481,2.052284
chronos,m4,D1379,0.987916,371.04125,2.470945
chronos,m4,D138,2.583204,1017.913737,20.804583
chronos,m4,D1380,1.053968,394.116734,3.593294
chronos,m4,D1381,0.647622,28.908578,2.833528
chronos,m4,D1382,0.575073,264.239889,2.42071
chronos,m4,D1383,0.523862,207.540762,1.454962
chronos,m4,D1384,1.225204,438.279181,3.146275
chronos,m4,D1385,0.686369,281.212678,1.958551
chronos,m4,D1386,1.27799,53.588128,4.131528
chronos,m4,D1387,1.100716,401.60829,2.80412
chronos,m4,D1388,1.087813,381.798315,2.839163
chronos,m4,D1389,0.445008,21.260961,1.596261
chronos,m4,D139,0.901984,827.274252,8.419942
chronos,m4,D1390,0.93478,324.470615,2.264176
chronos,m4,D1391,1.049574,40.570217,3.478359
chronos,m4,D1392,0.988243,313.532133,2.453318
chronos,m4,D1393,0.679868,26.855954,2.145767
chronos,m4,D1394,0.16793,7.356641,0.967918
chronos,m4,D1395,0.20835,9.87998,1.13015
chronos,m4,D1396,0.484405,20.279447,1.662778
chronos,m4,D1397,0.318192,12.338244,1.360241
chronos,m4,D1398,0.470868,18.043898,1.719756
chronos,m4,D1399,0.548143,20.431402,1.666404
chronos,m4,D14,4.012805,245.938485,3.643912
chronos,m4,D140,0.698889,950.465445,18.695566
chronos,m4,D1400,0.421449,16.738552,1.507008
chronos,m4,D1401,0.593379,18.29642,1.620074
chronos,m4,D1402,0.245872,9.56578,0.746024
chronos,m4,D1403,0.553845,18.996783,1.545145
chronos,m4,D1404,0.631181,20.891935,1.84401
chronos,m4,D1405,0.560189,17.556465,1.83145
chronos,m4,D1406,0.522008,18.10068,1.827739
chronos,m4,D1407,0.272068,10.06783,1.037501
chronos,m4,D1408,0.368879,13.556638,1.17066
chronos,m4,D1409,0.145774,11.019391,1.079312
chronos,m4,D141,1.061721,20.590723,1.487801
chronos,m4,D1410,0.345145,11.715145,0.899332
chronos,m4,D1411,0.297184,11.1207,1.150207
chronos,m4,D1412,0.211375,8.514761,0.988642
chronos,m4,D1413,0.224136,14.908903,1.177494
chronos,m4,D1414,0.133231,6.855143,1.01627
chronos,m4,D1415,0.191944,13.009936,1.071792
chronos,m4,D1416,0.214581,11.892944,0.834207
chronos,m4,D1417,0.360561,18.514774,1.49124
chronos,m4,D1418,0.310499,11.591202,1.147959
chronos,m4,D1419,0.325115,17.874599,1.76518
chronos,m4,D142,0.841782,17.34851,1.144198
chronos,m4,D1420,0.428415,22.63901,1.742404
chronos,m4,D1421,0.270409,12.857598,1.126698
chronos,m4,D1422,0.361748,22.474516,2.073121
chronos,m4,D1423,0.397571,19.891738,1.581515
chronos,m4,D1424,0.110696,6.644011,0.646794
chronos,m4,D1425,0.291473,16.029975,1.255784
chronos,m4,D1426,0.238236,14.443241,1.337049
chronos,m4,D1427,0.183153,9.557212,0.809835
chronos,m4,D1428,0.757309,169.976107,1.087502
chronos,m4,D1429,0.338872,73.041656,0.492888
chronos,m4,D143,1.099449,21.128317,1.49776
chronos,m4,D1430,0.969267,245.520167,1.632101
chronos,m4,D1431,0.571753,160.431656,0.970924
chronos,m4,D1432,1.447777,302.31531,1.871239
chronos,m4,D1433,1.263947,263.179938,1.610034
chronos,m4,D1434,0.564237,161.511525,1.134366
chronos,m4,D1435,0.544328,138.548397,0.806867
chronos,m4,D1436,0.542829,141.724425,0.968864
chronos,m4,D1437,0.509519,145.260589,0.765464
chronos,m4,D1438,0.526269,140.041142,0.793792
chronos,m4,D1439,1.084533,243.091008,1.719847
chronos,m4,D144,0.613054,81.283812,1.105679
chronos,m4,D1440,1.101408,227.32147,1.46347
chronos,m4,D1441,1.154405,223.206734,1.481915
chronos,m4,D1442,1.094124,214.228047,1.42494
chronos,m4,D1443,0.878175,182.792894,1.370209
chronos,m4,D1444,0.330177,74.854856,0.609462
chronos,m4,D1445,0.257787,57.062404,0.4015
chronos,m4,D1446,0.772958,214.560506,1.218334
chronos,m4,D1447,0.444969,104.301794,0.684467
chronos,m4,D1448,0.611887,167.967137,0.976525
chronos,m4,D1449,1.381937,277.334762,1.648245
chronos,m4,D145,0.723388,87.799037,0.975586
chronos,m4,D1450,0.333399,76.690282,0.57126
chronos,m4,D1451,0.412125,132.145657,0.774143
chronos,m4,D1452,1.442848,286.410654,1.74565
chronos,m4,D1453,0.785519,185.10164,1.090779
chronos,m4,D1454,1.645709,332.98048,2.341427
chronos,m4,D1455,0.506953,130.811223,0.84207
chronos,m4,D1456,1.682744,367.539985,2.053949
chronos,m4,D1457,1.708263,316.959345,2.065883
chronos,m4,D1458,1.156616,266.974923,1.696029
chronos,m4,D1459,1.416602,274.753412,2.046082
chronos,m4,D146,0.398633,20.700255,5.593608
chronos,m4,D1460,1.483938,315.472277,1.835412
chronos,m4,D1461,0.596132,161.299133,1.070373
chronos,m4,D1462,1.459729,355.739217,2.516913
chronos,m4,D1463,1.294835,260.438887,1.800751
chronos,m4,D1464,1.227931,235.351026,1.652886
chronos,m4,D1465,0.409074,139.229422,0.873953
chronos,m4,D1466,2.528703,592.145886,3.523847
chronos,m4,D1467,0.838615,243.070736,1.732198
chronos,m4,D1468,2.488647,573.338196,3.57181
chronos,m4,D1469,2.257328,570.70762,3.743763
chronos,m4,D147,0.838758,47.071717,7.240192
chronos,m4,D1470,1.071136,248.536152,1.527467
chronos,m4,D1471,0.390986,116.570869,0.614266
chronos,m4,D1472,0.467651,144.256323,0.874875
chronos,m4,D1473,0.926211,224.423698,1.279873
chronos,m4,D1474,1.085265,286.115334,1.800726
chronos,m4,D1475,0.670311,158.758698,0.948695
chronos,m4,D1476,0.530804,160.334288,0.86029
chronos,m4,D1477,1.204987,270.633877,1.649197
chronos,m4,D1478,1.30005,269.302368,2.156976
chronos,m4,D1479,1.623758,353.447673,2.299005
chronos,m4,D148,1.282989,351.700967,2.585921
chronos,m4,D1480,3.447692,556.262837,3.922916
chronos,m4,D1481,3.373178,533.874049,3.72145
chronos,m4,D1482,1.320781,311.093635,2.172935
chronos,m4,D1483,1.410504,305.251932,2.072801
chronos,m4,D1484,3.782922,652.796077,5.109746
chronos,m4,D1485,0.504673,116.846918,0.635882
chronos,m4,D1486,0.527397,122.989583,0.685863
chronos,m4,D1487,0.722162,156.71545,1.120302
chronos,m4,D1488,1.061679,185.642602,1.171312
chronos,m4,D1489,0.834357,178.93154,1.143426
chronos,m4,D149,1.06033,308.306589,2.691473
chronos,m4,D1490,1.383704,258.016851,1.539808
chronos,m4,D1491,1.719912,326.215683,1.98096
chronos,m4,D1492,1.109435,192.994191,1.265359
chronos,m4,D1493,0.6832,147.134518,0.934619
chronos,m4,D1494,1.010341,463.178573,2.708071
chronos,m4,D1495,1.036216,467.475317,2.969837
chronos,m4,D1496,0.988252,511.717497,2.687519
chronos,m4,D1497,1.292948,661.905535,3.36503
chronos,m4,D1498,0.949265,53.306583,2.655435
chronos,m4,D1499,1.617608,85.644857,3.719788
chronos,m4,D15,2.659309,393.285718,4.11891
chronos,m4,D150,0.541051,15.441251,0.897551
chronos,m4,D1500,0.980478,54.060301,2.894333
chronos,m4,D1501,1.475861,80.994653,3.563163
chronos,m4,D1502,0.886442,50.796029,2.835023
chronos,m4,D1503,0.641,328.842846,2.306916
chronos,m4,D1504,1.044091,57.28923,2.628593
chronos,m4,D1505,0.717662,38.638249,2.384404
chronos,m4,D1506,0.840797,42.612571,2.003192
chronos,m4,D1507,1.842988,84.876947,4.038351
chronos,m4,D1508,1.014963,544.751262,2.788797
chronos,m4,D1509,1.66706,78.630782,3.830584
chronos,m4,D151,0.419418,50.452329,0.687343
chronos,m4,D1510,1.266747,58.097557,3.875691
chronos,m4,D1511,1.761083,71.048114,3.869349
chronos,m4,D1512,0.607917,38.527223,2.38623
chronos,m4,D1513,1.491223,64.292757,3.109932
chronos,m4,D1514,0.638011,36.932314,2.533092
chronos,m4,D1515,1.108135,566.148804,2.4757
chronos,m4,D1516,1.392383,774.636245,3.607126
chronos,m4,D1517,1.264594,53.862877,3.666503
chronos,m4,D1518,1.034519,567.755009,3.19675
chronos,m4,D1519,1.568495,791.493525,3.227228
chronos,m4,D152,0.344807,103.110539,1.146423
chronos,m4,D1520,1.595007,804.659983,3.496636
chronos,m4,D1521,1.005668,524.118993,2.388622
chronos,m4,D1522,2.00027,96.195287,4.213466
chronos,m4,D1523,1.466443,67.138932,3.183038
chronos,m4,D1524,1.06012,53.17744,3.29667
chronos,m4,D1525,0.651811,37.101292,2.193223
chronos,m4,D1526,1.173165,64.256501,3.76582
chronos,m4,D1527,1.26636,61.043676,2.568206
chronos,m4,D1528,1.741855,86.294879,3.902521
chronos,m4,D1529,1.293379,524.524338,3.753695
chronos,m4,D153,0.751996,191.953598,1.614134
chronos,m4,D1530,1.020503,397.336287,2.909621
chronos,m4,D1531,0.7967,306.903156,2.334728
chronos,m4,D1532,0.64067,209.603923,1.742404
chronos,m4,D1533,1.440266,480.598423,3.847245
chronos,m4,D1534,1.262002,502.199661,3.548685
chronos,m4,D1535,0.886777,406.087756,3.12373
chronos,m4,D1536,0.681829,28.928235,2.427588
chronos,m4,D1537,1.629611,587.566379,3.512865
chronos,m4,D1538,1.117182,47.653635,3.426326
chronos,m4,D1539,1.907645,685.838105,4.249301
chronos,m4,D154,2.223605,632.674754,4.82502
chronos,m4,D1540,1.67571,643.746408,4.118168
chronos,m4,D1541,1.961671,78.318167,5.306767
chronos,m4,D1542,1.199499,464.094818,3.019618
chronos,m4,D1543,1.812532,649.800883,4.0917
chronos,m4,D1544,2.089032,697.48004,4.589662
chronos,m4,D1545,1.690522,620.008014,3.932148
chronos,m4,D1546,1.535748,58.204706,4.264086
chronos,m4,D1547,2.113555,708.999471,4.795437
chronos,m4,D1548,1.452203,57.762392,4.131828
chronos,m4,D1549,1.173494,450.61328,2.918702
chronos,m4,D155,1.113917,253.785096,1.661958
chronos,m4,D1550,1.148112,51.419689,3.107196
chronos,m4,D1551,1.145804,50.779546,3.006656
chronos,m4,D1552,0.387521,143.315682,1.275585
chronos,m4,D1553,0.604251,31.931998,1.973209
chronos,m4,D1554,1.313823,461.994437,2.714278
chronos,m4,D1555,1.405781,53.755512,3.214485
chronos,m4,D1556,1.481225,57.062737,3.085602
chronos,m4,D1557,1.096469,401.589226,2.195259
chronos,m4,D1558,1.106527,45.597755,3.154193
chronos,m4,D1559,1.448278,61.247451,3.809551
chronos,m4,D156,0.52269,235.330818,0.832048
chronos,m4,D1560,0.905549,36.776127,2.12003
chronos,m4,D1561,1.811878,69.167567,3.91723
chronos,m4,D1562,1.30415,50.980695,3.312982
chronos,m4,D1563,1.243539,43.792668,2.493223
chronos,m4,D1564,1.252877,45.620494,2.593746
chronos,m4,D1565,0.42955,14.069253,0.809249
chronos,m4,D1566,0.360441,112.360526,0.756346
chronos,m4,D1567,0.693138,20.390777,1.42264
chronos,m4,D1568,0.522358,16.02744,1.048838
chronos,m4,D1569,0.73987,201.596228,1.453791
chronos,m4,D157,1.171032,317.082661,1.140835
chronos,m4,D1570,0.917128,213.432366,1.277748
chronos,m4,D1571,0.71533,183.776539,1.056691
chronos,m4,D1572,0.342563,12.31745,1.009537
chronos,m4,D1573,0.45448,119.779791,0.701609
chronos,m4,D1574,0.493534,135.675826,0.810612
chronos,m4,D1575,0.866905,200.252789,1.423692
chronos,m4,D1576,0.846496,198.598153,1.303493
chronos,m4,D1577,0.509312,135.060222,0.968356
chronos,m4,D1578,0.728601,25.633973,1.517453
chronos,m4,D1579,1.394382,345.995507,1.929885
chronos,m4,D158,0.494002,24.892025,1.559733
chronos,m4,D1580,0.800216,192.478793,1.324561
chronos,m4,D1581,0.421491,116.481016,0.855873
chronos,m4,D1582,0.811613,181.595683,1.257858
chronos,m4,D1583,0.678847,21.882311,1.324038
chronos,m4,D1584,0.711947,19.172633,1.652437
chronos,m4,D1585,0.394389,12.160314,1.119619
chronos,m4,D1586,0.508344,14.515001,1.197151
chronos,m4,D1587,0.337606,12.39943,0.944322
chronos,m4,D1588,0.840783,24.318462,1.702078
chronos,m4,D1589,0.553459,17.292521,0.902991
chronos,m4,D159,0.765127,343.776067,3.762868
chronos,m4,D1590,1.177661,294.283306,1.729432
chronos,m4,D1591,0.384384,15.911348,1.118667
chronos,m4,D1592,0.551394,14.966116,0.841418
chronos,m4,D1593,0.521931,18.103106,1.188925
chronos,m4,D1594,0.898806,26.074285,1.46052
chronos,m4,D1595,0.289086,12.247425,0.656009
chronos,m4,D1596,1.188337,32.204664,1.814126
chronos,m4,D1597,0.553032,16.501405,0.845925
chronos,m4,D1598,0.426882,111.215194,0.727152
chronos,m4,D1599,0.464983,108.087778,0.766232
chronos,m4,D16,0.144108,56.540433,1.620328
chronos,m4,D160,15.97718,6274.928207,43.994389
chronos,m4,D1600,0.278818,73.708142,0.668799
chronos,m4,D1601,0.566008,127.249298,1.1118
chronos,m4,D1602,1.334258,192.617243,1.699426
chronos,m4,D1603,0.928295,152.773864,1.483316
chronos,m4,D1604,2.117451,120.689422,2.45548
chronos,m4,D1605,1.127349,32.873565,1.653579
chronos,m4,D1606,1.576543,444.583267,3.490999
chronos,m4,D1607,1.699409,491.965589,1.171461
chronos,m4,D1608,2.726175,782.268416,1.884831
chronos,m4,D1609,0.735156,228.413277,5.682297
chronos,m4,D161,0.603374,147.455879,0.514443
chronos,m4,D1610,15.393062,2811.646048,34.409775
chronos,m4,D1611,0.203219,41.335802,5.960827
chronos,m4,D1612,3.960158,106.35543,3.811441
chronos,m4,D1613,3.467344,94.882215,3.024038
chronos,m4,D1614,1.84507,148.680282,12.194167
chronos,m4,D1615,0.304452,81.899537,1.069538
chronos,m4,D1616,0.577398,36.643965,1.103783
chronos,m4,D1617,0.968234,71.375718,1.516987
chronos,m4,D1618,2.190089,126.571566,3.922324
chronos,m4,D1619,0.445887,36.208083,0.708181
chronos,m4,D162,1.629233,608.32873,2.386895
chronos,m4,D1620,0.640149,66.248386,1.617906
chronos,m4,D1621,3.425571,1221.318447,13.574567
chronos,m4,D1622,0.787928,273.714995,2.553597
chronos,m4,D1623,0.56165,231.47171,2.583658
chronos,m4,D1624,0.395383,36.312697,0.859248
chronos,m4,D1625,5.393493,432.541905,8.852526
chronos,m4,D1626,1.984262,173.568036,4.315504
chronos,m4,D1627,1.993703,470.587698,7.417709
chronos,m4,D1628,0.466829,56.781091,1.406538
chronos,m4,D1629,0.802174,62.70404,2.015244
chronos,m4,D163,0.539332,159.856967,0.766535
chronos,m4,D1630,0.803313,113.939566,1.9502
chronos,m4,D1631,4.875025,523.00003,12.29705
chronos,m4,D1632,2.391963,53.613838,4.658574
chronos,m4,D1633,1.453345,302.562416,3.860286
chronos,m4,D1634,1.083973,44.384506,2.790654
chronos,m4,D1635,2.66873,2096.0526,5.913491
chronos,m4,D1636,2.104605,562.151225,6.40069
chronos,m4,D1637,1.94109,508.589609,6.07772
chronos,m4,D1638,1.722036,405.642738,3.902866
chronos,m4,D1639,1.805759,83.972745,2.568515
chronos,m4,D164,0.134995,60.251894,0.527652
chronos,m4,D1640,3.923434,126.121965,6.004285
chronos,m4,D1641,1.050325,130.740305,1.644573
chronos,m4,D1642,2.118943,116.036014,5.952405
chronos,m4,D1643,1.440287,164.890364,14.53192
chronos,m4,D1644,2.21872,484.113365,7.577385
chronos,m4,D1645,2.259521,49.616555,3.093688
chronos,m4,D1646,1.339689,98.200041,3.553202
chronos,m4,D1647,0.259615,25.750233,1.367119
chronos,m4,D1648,1.068698,333.351635,6.890935
chronos,m4,D1649,1.080046,146.403145,2.831311
chronos,m4,D165,0.153253,73.584978,0.600004
chronos,m4,D1650,1.213302,734.937327,8.24368
chronos,m4,D1651,0.45224,58.974689,2.366681
chronos,m4,D1652,2.385943,123.915837,5.228073
chronos,m4,D1653,0.741211,118.295937,2.64762
chronos,m4,D1654,1.079052,209.496047,3.405011
chronos,m4,D1655,0.935617,74.260896,4.542891
chronos,m4,D1656,0.976562,76.422477,4.599586
chronos,m4,D1657,0.356927,50.732414,2.121161
chronos,m4,D1658,0.868776,81.121172,2.942898
chronos,m4,D1659,0.492822,129.776731,1.726757
chronos,m4,D166,3.962868,946.670646,21.974909
chronos,m4,D1660,2.073944,56.563978,2.700261
chronos,m4,D1661,1.710913,99.835847,5.548003
chronos,m4,D1662,0.524785,58.301674,3.542764
chronos,m4,D1663,0.986824,123.092897,2.882918
chronos,m4,D1664,0.514272,34.503032,1.394693
chronos,m4,D1665,1.243526,112.550427,3.745708
chronos,m4,D1666,1.433843,391.264517,3.969624
chronos,m4,D1667,1.561714,51.672648,3.699857
chronos,m4,D1668,4.865595,227.549334,14.215365
chronos,m4,D1669,0.912583,55.912874,2.134265
chronos,m4,D167,7.325343,2118.321859,26.375767
chronos,m4,D1670,2.389551,184.884994,5.800805
chronos,m4,D1671,7.239865,514.318542,11.936143
chronos,m4,D1672,0.889127,110.512469,2.665275
chronos,m4,D1673,0.73923,80.009402,2.720611
chronos,m4,D1674,1.378784,85.835414,2.757215
chronos,m4,D1675,0.461905,36.471726,1.631733
chronos,m4,D1676,0.411227,26.220225,0.962941
chronos,m4,D1677,3.947529,527.254623,13.805085
chronos,m4,D1678,1.713755,122.557512,3.870787
chronos,m4,D1679,1.185687,44.722415,1.885867
chronos,m4,D168,0.210139,6.875569,0.375714
chronos,m4,D1680,1.525677,302.037689,2.462279
chronos,m4,D1681,2.688002,205.653436,8.268931
chronos,m4,D1682,0.349747,50.682611,0.892314
chronos,m4,D1683,0.887238,50.572438,2.457604
chronos,m4,D1684,0.776538,45.983687,2.143111
chronos,m4,D1685,2.240315,143.791034,4.552093
chronos,m4,D1686,1.022166,430.730194,3.342032
chronos,m4,D1687,0.990657,33.049341,2.346502
chronos,m4,D1688,0.939753,41.642536,1.853979
chronos,m4,D1689,1.132487,37.999125,2.007891
chronos,m4,D169,0.561262,14.181131,0.964086
chronos,m4,D1690,1.938328,226.099078,3.236271
chronos,m4,D1691,2.043255,53.99941,4.575564
chronos,m4,D1692,1.291412,117.15818,5.996022
chronos,m4,D1693,2.720297,128.407136,5.438655
chronos,m4,D1694,7.489555,767.990275,16.963528
chronos,m4,D1695,0.472696,82.746979,1.325426
chronos,m4,D1696,7.524401,6207.924291,87.230125
chronos,m4,D1697,1.729403,90.285593,5.092254
chronos,m4,D1698,0.856308,76.971747,2.073292
chronos,m4,D1699,0.382037,23.161559,1.279632
chronos,m4,D17,0.298864,34.243498,0.620683
chronos,m4,D170,1.15078,225.087275,2.349912
chronos,m4,D1700,1.306584,75.935153,4.371475
chronos,m4,D1701,1.31015,420.731042,3.855476
chronos,m4,D1702,0.949567,47.32836,2.373757
chronos,m4,D1703,1.18896,137.034133,3.455955
chronos,m4,D1704,0.90668,31.860188,1.842827
chronos,m4,D1705,0.430178,23.825338,1.329179
chronos,m4,D1706,0.821746,44.825825,2.613209
chronos,m4,D1707,3.917026,659.157796,2.822786
chronos,m4,D1708,0.405192,58.880009,1.385727
chronos,m4,D1709,0.179223,51.586124,2.198047
chronos,m4,D171,0.552691,132.147238,1.10204
chronos,m4,D1710,1.271645,54.147292,3.327081
chronos,m4,D1711,0.745824,138.207237,2.546473
chronos,m4,D1712,0.639098,127.428086,2.179928
chronos,m4,D1713,1.278571,308.062709,6.971245
chronos,m4,D1714,1.367369,294.131468,2.524508
chronos,m4,D1715,1.877649,259.507,3.646918
chronos,m4,D1716,2.898089,341.766539,3.40714
chronos,m4,D1717,1.291726,25.826015,2.035138
chronos,m4,D1718,2.678134,195.652165,5.375178
chronos,m4,D1719,0.698049,147.651458,1.44373
chronos,m4,D172,1.048149,208.045818,2.133585
chronos,m4,D1720,1.321863,248.925205,10.49053
chronos,m4,D1721,1.142409,76.584923,2.467289
chronos,m4,D1722,1.35887,72.37559,3.393422
chronos,m4,D1723,2.954808,235.837959,7.711965
chronos,m4,D1724,1.02793,73.632235,4.229395
chronos,m4,D1725,0.740189,96.042268,0.899096
chronos,m4,D1726,1.689866,122.06926,2.500983
chronos,m4,D1727,0.993526,114.551,2.625834
chronos,m4,D1728,0.990169,122.31571,2.541164
chronos,m4,D1729,1.493245,91.723019,3.638233
chronos,m4,D173,0.703283,158.319359,1.421896
chronos,m4,D1730,2.728938,157.772049,3.658284
chronos,m4,D1731,0.978907,248.457869,2.970982
chronos,m4,D1732,3.383169,773.574859,7.344592
chronos,m4,D1733,0.599557,69.118462,1.654708
chronos,m4,D1734,0.813249,60.416016,1.358997
chronos,m4,D1735,0.670578,53.277206,2.097458
chronos,m4,D1736,7.899056,521.567469,13.315682
chronos,m4,D1737,1.662381,71.998742,3.544664
chronos,m4,D1738,1.6452,80.652106,3.822768
chronos,m4,D1739,1.726385,129.867879,3.63274
chronos,m4,D174,1.989572,33.201838,2.677404
chronos,m4,D1740,1.305966,130.398772,4.4248
chronos,m4,D1741,1.207903,288.531126,3.1257
chronos,m4,D1742,2.294656,302.400384,4.304022
chronos,m4,D1743,1.930573,243.661506,3.453287
chronos,m4,D1744,1.293652,108.582616,2.768935
chronos,m4,D1745,2.274624,162.119874,5.030952
chronos,m4,D1746,1.643225,117.089797,3.623234
chronos,m4,D1747,0.778159,92.30301,2.500348
chronos,m4,D1748,1.38157,297.592213,3.006229
chronos,m4,D1749,1.542674,56.719596,3.377834
chronos,m4,D175,2.053311,33.434625,2.921906
chronos,m4,D1750,0.322578,11.943553,1.440744
chronos,m4,D1751,0.905303,59.169915,1.919128
chronos,m4,D1752,0.949431,99.512719,4.261011
chronos,m4,D1753,2.42328,69.036732,4.372974
chronos,m4,D1754,0.827507,43.698724,1.718074
chronos,m4,D1755,1.645843,102.43434,3.633867
chronos,m4,D1756,1.823813,110.500574,3.936951
chronos,m4,D1757,1.35023,63.614082,2.958516
chronos,m4,D1758,2.464401,318.573027,3.955593
chronos,m4,D1759,3.180188,775.253305,7.378452
chronos,m4,D176,3.097715,467.505381,4.31737
chronos,m4,D1760,1.758446,77.142472,5.150313
chronos,m4,D1761,0.465656,17.936067,1.009118
chronos,m4,D1762,0.531261,30.301046,1.382874
chronos,m4,D1763,0.752496,34.521563,3.468348
chronos,m4,D1764,0.698309,28.321551,1.365832
chronos,m4,D1765,1.394572,122.867382,3.334659
chronos,m4,D1766,1.318024,89.506222,2.832582
chronos,m4,D1767,1.031487,63.811079,1.96868
chronos,m4,D1768,1.668819,144.16697,4.278615
chronos,m4,D1769,0.476539,51.052109,1.457812
chronos,m4,D177,4.429035,653.867509,6.271043
chronos,m4,D1770,0.454059,49.765689,1.38632
chronos,m4,D1771,0.892934,49.959048,1.788939
chronos,m4,D1772,1.002315,110.066564,1.382839
chronos,m4,D1773,0.525111,49.106263,0.872172
chronos,m4,D1774,1.296877,47.8383,2.782365
chronos,m4,D1775,0.46827,30.249483,0.740514
chronos,m4,D1776,1.227926,141.792528,2.900117
chronos,m4,D1777,0.389658,43.355974,0.639392
chronos,m4,D1778,5.905907,268.875247,10.817329
chronos,m4,D1779,1.530504,67.348492,3.17763
chronos,m4,D178,4.286661,633.065385,6.020797
chronos,m4,D1780,1.1645,52.160486,2.452772
chronos,m4,D1781,3.722374,122.040101,6.076204
chronos,m4,D1782,19.71472,8229.727091,43.347435
chronos,m4,D1783,1.235152,58.228956,5.153686
chronos,m4,D1784,0.710495,97.805486,1.358228
chronos,m4,D1785,0.443759,100.13131,1.882957
chronos,m4,D1786,0.567808,25.772562,0.789232
chronos,m4,D1787,1.459631,200.891295,3.33959
chronos,m4,D1788,0.805536,70.851466,1.935079
chronos,m4,D1789,0.788371,68.798715,2.504501
chronos,m4,D179,1.264458,235.707131,3.51018
chronos,m4,D1790,2.119102,125.186303,5.599402
chronos,m4,D1791,1.012836,82.838513,2.365911
chronos,m4,D1792,1.233216,59.452406,5.321723
chronos,m4,D1793,0.922992,95.642166,1.387586
chronos,m4,D1794,0.487797,64.245353,0.886675
chronos,m4,D1795,2.042495,106.252238,8.041945
chronos,m4,D1796,4.479354,387.067824,27.296518
chronos,m4,D1797,1.158312,68.605911,3.267782
chronos,m4,D1798,1.282126,131.140959,4.194273
chronos,m4,D1799,2.898466,122.782964,7.072288
chronos,m4,D18,0.728481,198.660888,1.833988
chronos,m4,D180,0.984015,192.952006,2.649991
chronos,m4,D1800,1.121608,108.291693,4.766791
chronos,m4,D1801,0.6888,51.138737,2.082526
chronos,m4,D1802,0.859291,156.791275,1.664024
chronos,m4,D1803,6.08936,173.490904,9.109464
chronos,m4,D1804,0.475183,167.411159,1.888155
chronos,m4,D1805,0.574988,164.548156,2.30762
chronos,m4,D1806,1.71286,93.923584,4.93418
chronos,m4,D1807,3.0344,219.842104,6.563849
chronos,m4,D1808,3.035937,208.191403,11.654335
chronos,m4,D1809,0.478296,53.119995,1.030714
chronos,m4,D181,0.662919,155.761737,1.844568
chronos,m4,D1810,2.553259,280.715603,3.168631
chronos,m4,D1811,1.18617,50.37746,3.465312
chronos,m4,D1812,6.009258,414.35805,12.545549
chronos,m4,D1813,1.053105,130.926379,3.119351
chronos,m4,D1814,0.745854,138.014584,1.767582
chronos,m4,D1815,1.695815,248.933891,14.262965
chronos,m4,D1816,2.293757,194.012987,7.91571
chronos,m4,D1817,1.661957,144.108961,5.646493
chronos,m4,D1818,0.933783,77.449974,2.832181
chronos,m4,D1819,1.283736,113.713022,4.878586
chronos,m4,D182,0.670672,148.322936,1.851323
chronos,m4,D1820,0.872335,244.21247,3.080739
chronos,m4,D1821,1.531765,132.708342,5.247798
chronos,m4,D1822,2.128085,168.064917,7.4343
chronos,m4,D1823,1.534552,442.593758,5.601492
chronos,m4,D1824,3.928631,1564.741113,10.524721
chronos,m4,D1825,3.282565,163.234751,5.165927
chronos,m4,D1826,0.682027,33.549669,1.735228
chronos,m4,D1827,1.831893,69.980682,5.739263
chronos,m4,D1828,3.785303,546.479957,8.354344
chronos,m4,D1829,0.731437,54.921666,1.306004
chronos,m4,D183,0.617821,111.348201,0.945163
chronos,m4,D1830,1.632114,74.928332,4.984327
chronos,m4,D1831,1.674334,76.006707,5.280272
chronos,m4,D1832,0.557727,77.643752,1.726848
chronos,m4,D1833,0.048652,10.658236,7.664516
chronos,m4,D1834,0.884392,55.291468,3.549742
chronos,m4,D1835,1.938952,87.992284,2.966616
chronos,m4,D1836,1.646665,172.013563,4.770943
chronos,m4,D1837,1.180483,265.790507,3.342455
chronos,m4,D1838,1.772321,449.554258,4.919921
chronos,m4,D1839,0.392483,22.085561,1.45933
chronos,m4,D184,1.158576,195.404408,1.757065
chronos,m4,D1840,0.31257,115.978215,1.380454
chronos,m4,D1841,0.870239,39.193158,1.86961
chronos,m4,D1842,0.429058,20.698306,0.607137
chronos,m4,D1843,0.765519,106.96372,1.172191
chronos,m4,D1844,0.373314,19.355552,0.50902
chronos,m4,D1845,1.534449,113.961364,6.549396
chronos,m4,D1846,1.253572,86.159081,5.052334
chronos,m4,D1847,0.749497,84.688117,1.621814
chronos,m4,D1848,2.819506,254.769818,5.932312
chronos,m4,D1849,1.448252,37.006515,2.172098
chronos,m4,D185,0.387883,75.922922,0.599056
chronos,m4,D1850,0.652658,157.368242,2.354936
chronos,m4,D1851,4.69337,663.375459,9.967395
chronos,m4,D1852,1.129921,131.841028,1.809361
chronos,m4,D1853,1.012427,42.945826,2.920643
chronos,m4,D1854,0.62675,43.829731,2.699697
chronos,m4,D1855,0.528789,96.379433,1.0974
chronos,m4,D1856,0.369756,22.513568,1.396938
chronos,m4,D1857,0.402554,125.650514,2.590225
chronos,m4,D1858,1.582917,248.649799,5.608568
chronos,m4,D1859,0.973687,98.440615,3.210291
chronos,m4,D186,0.452354,101.550177,0.689923
chronos,m4,D1860,2.337245,292.960175,4.085349
chronos,m4,D1861,0.75848,55.328897,3.741475
chronos,m4,D1862,1.353824,75.229106,4.954756
chronos,m4,D1863,1.67119,162.608323,9.515463
chronos,m4,D1864,0.386311,27.534663,0.908354
chronos,m4,D1865,1.323971,121.077757,3.364294
chronos,m4,D1866,1.316522,123.957177,2.508218
chronos,m4,D1867,1.872349,393.941164,5.405072
chronos,m4,D1868,0.977954,80.662621,3.738718
chronos,m4,D1869,0.342047,26.38913,1.237184
chronos,m4,D187,1.185312,161.684534,1.403838
chronos,m4,D1870,1.667242,180.430643,3.825935
chronos,m4,D1871,0.96462,216.5488,6.662053
chronos,m4,D1872,2.019781,550.226857,6.575156
chronos,m4,D1873,1.525387,79.023746,3.487856
chronos,m4,D1874,4.234234,1181.214894,19.473209
chronos,m4,D1875,1.555905,123.212354,3.812979
chronos,m4,D1876,0.913003,99.455515,4.585752
chronos,m4,D1877,1.176197,151.894533,3.684204
chronos,m4,D1878,0.776588,160.668677,2.412488
chronos,m4,D1879,1.292916,155.092343,5.505301
chronos,m4,D188,0.953908,133.74559,1.137992
chronos,m4,D1880,1.035678,253.714453,5.741359
chronos,m4,D1881,0.0997,19.753985,7.983644
chronos,m4,D1882,1.595953,408.252201,6.783553
chronos,m4,D1883,0.36793,130.817166,2.098884
chronos,m4,D1884,0.883684,96.925053,7.686481
chronos,m4,D1885,0.636641,76.416985,2.167626
chronos,m4,D1886,4.51657,146.534599,7.088554
chronos,m4,D1887,4.157965,839.066669,5.545536
chronos,m4,D1888,1.411807,183.5893,2.10726
chronos,m4,D1889,0.820751,152.339433,3.859058
chronos,m4,D189,1.548977,198.91099,1.855544
chronos,m4,D1890,1.364339,56.82106,1.636399
chronos,m4,D1891,0.408861,83.176347,1.70497
chronos,m4,D1892,0.964224,51.052403,1.328018
chronos,m4,D1893,0.38049,34.879748,1.600327
chronos,m4,D1894,1.643771,375.471974,5.653909
chronos,m4,D1895,2.92453,97.103013,4.726359
chronos,m4,D1896,0.53028,42.436359,2.493905
chronos,m4,D1897,0.305344,29.299163,1.453741
chronos,m4,D1898,1.763329,42.525887,2.41989
chronos,m4,D1899,2.625209,302.462226,6.092052
chronos,m4,D19,2.254344,82.299549,2.874919
chronos,m4,D190,0.573524,112.044843,0.859857
chronos,m4,D1900,3.373299,796.618988,6.208496
chronos,m4,D1901,0.840309,36.066191,2.143009
chronos,m4,D1902,0.391456,17.343175,0.820523
chronos,m4,D1903,1.2069,127.20269,2.163217
chronos,m4,D1904,1.42536,143.96779,5.205245
chronos,m4,D1905,0.686728,134.297492,3.543195
chronos,m4,D1906,0.621023,185.625694,8.398187
chronos,m4,D1907,1.879342,66.248976,3.520777
chronos,m4,D1908,0.334914,16.44487,1.79128
chronos,m4,D1909,2.411856,102.517096,11.468459
chronos,m4,D191,0.515278,91.052955,0.781744
chronos,m4,D1910,0.846845,42.763431,2.538757
chronos,m4,D1911,0.823953,57.436344,4.428234
chronos,m4,D1912,0.493311,27.332051,1.26654
chronos,m4,D1913,0.933135,35.28636,2.850982
chronos,m4,D1914,0.325487,18.017614,0.872537
chronos,m4,D1915,1.096504,53.484676,3.575884
chronos,m4,D1916,0.790827,45.030793,1.966224
chronos,m4,D1917,1.305065,74.950228,3.247571
chronos,m4,D1918,0.565044,25.944042,0.908757
chronos,m4,D1919,1.196033,201.540319,2.554874
chronos,m4,D192,0.338393,61.689849,0.507365
chronos,m4,D1920,4.07741,144.075047,6.957226
chronos,m4,D1921,2.90257,172.207224,8.76722
chronos,m4,D1922,0.910612,115.10366,3.409772
chronos,m4,D1923,1.940611,172.22389,7.352522
chronos,m4,D1924,0.25398,31.325268,0.822618
chronos,m4,D1925,1.174338,121.221783,2.838109
chronos,m4,D1926,4.007108,286.34308,6.349164
chronos,m4,D1927,3.272472,471.018129,7.032096
chronos,m4,D1928,0.489369,62.986193,2.136675
chronos,m4,D1929,2.114219,96.542494,3.057931
chronos,m4,D193,1.872295,38.450342,2.664866
chronos,m4,D1930,2.552063,165.580383,4.743211
chronos,m4,D1931,1.844612,248.664142,3.345825
chronos,m4,D1932,0.625025,78.856123,0.750687
chronos,m4,D1933,0.55913,91.677088,1.062241
chronos,m4,D1934,0.441502,7.864024,0.540345
chronos,m4,D1935,0.444994,25.215251,1.346339
chronos,m4,D1936,0.861736,101.876917,3.040877
chronos,m4,D1937,0.56103,75.824485,1.485993
chronos,m4,D1938,1.102684,206.445797,2.980438
chronos,m4,D1939,2.936588,314.233156,7.642609
chronos,m4,D194,3.342837,58.001004,4.06647
chronos,m4,D1940,0.97889,330.689821,4.154181
chronos,m4,D1941,1.443435,502.656614,6.810998
chronos,m4,D1942,3.202693,860.497313,14.375452
chronos,m4,D1943,1.796439,533.770609,7.574445
chronos,m4,D1944,2.387854,450.512798,13.891295
chronos,m4,D1945,1.188573,194.9936,4.966345
chronos,m4,D1946,0.750617,200.361577,3.80156
chronos,m4,D1947,1.656547,260.071204,5.958342
chronos,m4,D1948,0.843239,68.249295,3.740541
chronos,m4,D1949,1.198989,98.145713,5.173081
chronos,m4,D195,2.653462,45.481436,3.178097
chronos,m4,D1950,2.393364,118.078025,6.583641
chronos,m4,D1951,0.490136,34.945097,2.401848
chronos,m4,D1952,1.641878,110.88342,2.754089
chronos,m4,D1953,0.786526,156.898355,2.261857
chronos,m4,D1954,1.612664,182.580858,3.194
chronos,m4,D1955,0.80894,57.391442,2.832106
chronos,m4,D1956,0.660241,50.156742,1.621842
chronos,m4,D1957,1.894459,143.73805,4.110496
chronos,m4,D1958,1.060712,98.788432,3.991256
chronos,m4,D1959,0.91732,26.183212,2.008341
chronos,m4,D196,2.783997,47.799271,3.377026
chronos,m4,D1960,1.786721,95.968007,4.779109
chronos,m4,D1961,0.887862,34.575922,2.189889
chronos,m4,D1962,3.535504,908.209227,7.399124
chronos,m4,D1963,2.228664,144.191388,4.530411
chronos,m4,D1964,1.612688,81.964214,3.731652
chronos,m4,D1965,0.852375,100.98494,5.578548
chronos,m4,D1966,1.593777,163.784073,7.617721
chronos,m4,D1967,1.592384,58.308973,3.596228
chronos,m4,D1968,0.461944,53.823002,1.727708
chronos,m4,D1969,0.685459,35.238704,1.604316
chronos,m4,D197,0.732592,109.837727,1.37024
chronos,m4,D1970,1.868901,69.836182,3.804788
chronos,m4,D1971,0.628431,118.585639,2.042456
chronos,m4,D1972,3.600988,236.175187,8.776427
chronos,m4,D1973,1.481413,197.551002,2.504924
chronos,m4,D1974,2.2314,121.534352,4.615122
chronos,m4,D1975,0.710373,40.241685,1.313826
chronos,m4,D1976,0.335925,69.164881,0.823921
chronos,m4,D1977,2.318505,356.481789,3.525585
chronos,m4,D1978,0.713124,204.210685,1.722097
chronos,m4,D1979,0.441937,19.414975,0.590432
chronos,m4,D198,0.356678,48.675539,0.648268
chronos,m4,D1980,1.116488,129.424334,1.408342
chronos,m4,D1981,0.81684,39.493006,1.557029
chronos,m4,D1982,0.426833,174.176281,2.042463
chronos,m4,D1983,1.670701,414.050269,3.567638
chronos,m4,D1984,5.033723,294.540333,5.450265
chronos,m4,D1985,0.670117,106.28646,1.510123
chronos,m4,D1986,2.928512,97.364284,3.963219
chronos,m4,D1987,0.980733,193.873287,3.818302
chronos,m4,D1988,1.169584,53.426829,2.269765
chronos,m4,D1989,0.766223,52.058786,2.344978
chronos,m4,D199,0.892457,123.133344,1.633615
chronos,m4,D1990,0.73038,115.927173,3.651075
chronos,m4,D1991,0.285176,70.803608,0.825497
chronos,m4,D1992,0.450725,205.319891,4.315187
chronos,m4,D1993,1.804697,57.650529,3.670305
chronos,m4,D1994,0.505521,80.246115,1.347057
chronos,m4,D1995,0.51565,151.096112,2.183203
chronos,m4,D1996,0.60661,135.808538,1.135751
chronos,m4,D1997,0.967625,139.907063,2.258779
chronos,m4,D1998,0.593894,24.943492,1.988386
chronos,m4,D1999,2.982771,91.102765,7.693838
chronos,m4,D2,0.799549,38.092725,1.086342
chronos,m4,D20,0.805973,228.322962,1.945435
chronos,m4,D200,0.738693,100.085871,1.34627
chronos,m4,D2000,0.186017,8.481275,0.647895
chronos,m4,D2001,0.364711,17.246714,1.277
chronos,m4,D2002,0.910398,27.492081,1.443055
chronos,m4,D2003,0.274321,6.387888,0.434872
chronos,m4,D2004,0.610183,18.665741,0.822574
chronos,m4,D2005,1.569528,438.411996,3.831209
chronos,m4,D2006,0.390283,125.810928,0.944703
chronos,m4,D2007,3.0827,89.929429,7.13264
chronos,m4,D2008,1.312876,22.980839,1.930067
chronos,m4,D2009,1.001194,173.154256,1.362134
chronos,m4,D201,3.824854,405.159498,5.446768
chronos,m4,D2010,0.380122,32.120444,0.804968
chronos,m4,D2011,1.385961,165.004575,3.834918
chronos,m4,D2012,0.506167,72.622761,1.361562
chronos,m4,D2013,0.832757,94.537531,1.46294
chronos,m4,D2014,0.766763,95.669286,1.537951
chronos,m4,D2015,0.297443,106.297981,0.6417
chronos,m4,D2016,11.974609,911.569491,6.88178
chronos,m4,D2017,2.022083,53.198453,3.981364
chronos,m4,D2018,1.969924,550.626632,4.180001
chronos,m4,D2019,0.670062,217.714496,1.577485
chronos,m4,D202,1.323818,36.449706,2.738058
chronos,m4,D2020,0.676276,119.803196,1.579183
chronos,m4,D2021,1.416403,248.842649,1.493647
chronos,m4,D2022,0.835151,212.797228,1.861007
chronos,m4,D2023,0.813575,185.209193,1.54832
chronos,m4,D2024,2.081755,92.837739,4.518335
chronos,m4,D2025,0.5717,106.526877,1.223203
chronos,m4,D2026,8.31109,1235.825888,12.108634
chronos,m4,D2027,2.682322,145.894814,6.995187
chronos,m4,D2028,2.356706,573.44033,8.908843
chronos,m4,D2029,1.667832,183.147578,1.581383
chronos,m4,D203,1.273604,34.200382,2.700331
chronos,m4,D2030,0.76015,242.936439,1.932873
chronos,m4,D2031,0.719522,117.924578,0.993943
chronos,m4,D2032,1.509592,195.525833,1.537116
chronos,m4,D2033,0.365929,15.943088,1.123408
chronos,m4,D2034,0.248937,15.492389,1.083166
chronos,m4,D2035,1.303211,185.015297,1.324279
chronos,m4,D2036,1.774657,133.114047,1.972001
chronos,m4,D2037,0.28144,7.553867,0.388416
chronos,m4,D2038,0.309917,44.908891,2.192405
chronos,m4,D2039,4.983362,428.08905,14.159509
chronos,m4,D204,1.537182,41.39816,3.229025
chronos,m4,D2040,0.626698,65.446073,1.055277
chronos,m4,D2041,0.399305,86.370319,0.779851
chronos,m4,D2042,2.253934,185.154802,3.23059
chronos,m4,D2043,0.451888,46.468332,1.593238
chronos,m4,D2044,2.479879,940.790127,7.935738
chronos,m4,D2045,0.429608,19.912626,0.819918
chronos,m4,D2046,0.807957,99.190621,1.13701
chronos,m4,D2047,1.036502,133.003245,1.2021
chronos,m4,D2048,0.534803,139.973023,4.365087
chronos,m4,D2049,0.6261,22.90759,1.142659
chronos,m4,D205,1.343325,194.657953,2.051607
chronos,m4,D2050,1.372424,79.369986,2.996819
chronos,m4,D2051,1.665044,91.763,3.58382
chronos,m4,D2052,1.334824,340.114353,8.220298
chronos,m4,D2053,0.659466,161.234265,6.482285
chronos,m4,D2054,0.910194,41.305368,3.117222
chronos,m4,D2055,0.806255,38.516099,2.749015
chronos,m4,D2056,0.648414,81.186023,4.346139
chronos,m4,D2057,1.065471,39.88451,2.588942
chronos,m4,D2058,3.117626,181.816604,7.919881
chronos,m4,D2059,0.536967,24.529767,1.14435
chronos,m4,D206,0.555579,82.604872,0.846018
chronos,m4,D2060,1.232199,63.506011,2.764432
chronos,m4,D2061,0.511191,37.267546,1.326745
chronos,m4,D2062,0.550037,167.687943,3.298955
chronos,m4,D2063,0.833693,56.849617,2.719296
chronos,m4,D2064,0.578471,44.779185,2.164377
chronos,m4,D2065,1.267191,68.619375,2.012374
chronos,m4,D2066,0.852243,47.080627,1.338582
chronos,m4,D2067,2.445284,124.729986,6.366459
chronos,m4,D2068,0.921252,85.826997,1.454327
chronos,m4,D2069,0.737588,30.931595,1.924507
chronos,m4,D207,0.739401,119.855259,1.226588
chronos,m4,D2070,0.545818,21.501183,1.166535
chronos,m4,D2071,0.918751,64.976194,2.013839
chronos,m4,D2072,0.590049,39.867286,1.316753
chronos,m4,D2073,4.027553,375.578221,9.020448
chronos,m4,D2074,0.706695,118.228262,1.028378
chronos,m4,D2075,6.084687,1782.487167,10.524985
chronos,m4,D2076,1.790624,544.836472,3.65369
chronos,m4,D2077,1.300894,534.589767,1.811281
chronos,m4,D2078,7.76157,3561.232652,11.316052
chronos,m4,D2079,1.30331,73.888324,2.286834
chronos,m4,D208,1.385532,209.012952,1.847919
chronos,m4,D2080,2.794316,133.736557,5.270168
chronos,m4,D2081,2.339017,133.320909,8.975761
chronos,m4,D2082,1.098508,70.535867,3.976482
chronos,m4,D2083,0.531351,221.442739,3.307018
chronos,m4,D2084,0.398248,37.896907,0.967472
chronos,m4,D2085,2.850093,1003.972547,11.190763
chronos,m4,D2086,0.417811,92.600373,0.575315
chronos,m4,D2087,0.861937,208.792436,0.782767
chronos,m4,D2088,1.100767,100.445293,2.445236
chronos,m4,D2089,1.386813,229.588201,2.614682
chronos,m4,D209,1.315343,196.59801,1.726573
chronos,m4,D2090,2.224731,1276.039674,45.178589
chronos,m4,D2091,2.169844,44.964873,3.883087
chronos,m4,D2092,1.216037,120.96894,2.351096
chronos,m4,D2093,0.492536,40.474333,0.717051
chronos,m4,D2094,0.436612,40.462486,0.656488
chronos,m4,D2095,0.335642,38.787963,0.5796
chronos,m4,D2096,1.212184,183.795817,1.961424
chronos,m4,D2097,0.481614,11.189434,0.816
chronos,m4,D2098,2.499681,164.32898,3.470888
chronos,m4,D2099,2.224067,260.71689,3.182138
chronos,m4,D21,2.585437,90.987223,2.929877
chronos,m4,D210,1.56943,219.713725,2.106158
chronos,m4,D2100,1.619269,33.755289,2.684448
chronos,m4,D2101,2.966141,461.311768,3.930097
chronos,m4,D2102,0.465424,73.628684,0.842301
chronos,m4,D2103,0.947386,137.642008,1.613673
chronos,m4,D2104,1.282277,219.2624,2.097753
chronos,m4,D2105,0.472657,104.223932,1.079931
chronos,m4,D2106,0.901882,207.026851,1.880014
chronos,m4,D2107,2.801152,423.902941,4.98781
chronos,m4,D2108,0.790483,128.896837,1.089825
chronos,m4,D2109,0.304084,44.891174,0.594925
chronos,m4,D211,1.574032,221.199129,2.106753
chronos,m4,D2110,0.632666,73.362036,0.953839
chronos,m4,D2111,1.247618,179.962789,2.281376
chronos,m4,D2112,0.425688,36.354045,0.727734
chronos,m4,D2113,0.327646,33.843157,0.622067
chronos,m4,D2114,0.525739,52.279167,0.974845
chronos,m4,D2115,0.745849,83.022261,1.620832
chronos,m4,D2116,0.839673,66.387023,1.120024
chronos,m4,D2117,0.970344,75.68561,1.538172
chronos,m4,D2118,1.386913,111.819793,2.329708
chronos,m4,D2119,1.230358,112.772829,1.918447
chronos,m4,D212,0.799043,16.162371,1.089268
chronos,m4,D2120,0.684408,94.689764,1.359925
chronos,m4,D2121,1.321864,156.262206,2.367231
chronos,m4,D2122,2.042416,252.289013,2.460436
chronos,m4,D2123,0.741999,178.455647,1.52219
chronos,m4,D2124,0.710253,171.905753,1.803157
chronos,m4,D2125,0.739519,155.197524,1.699932
chronos,m4,D2126,0.665761,111.03432,1.223161
chronos,m4,D2127,1.01511,173.549119,2.004708
chronos,m4,D2128,0.651776,93.380987,0.945698
chronos,m4,D2129,1.730038,307.957802,3.808772
chronos,m4,D213,0.436582,9.819635,0.607678
chronos,m4,D2130,0.781819,99.453561,1.092494
chronos,m4,D2131,0.50201,73.409376,0.650758
chronos,m4,D2132,1.170644,167.199497,2.018433
chronos,m4,D2133,1.126993,149.512927,1.583578
chronos,m4,D2134,0.750891,25.090197,1.744037
chronos,m4,D2135,0.908526,19.893769,1.220716
chronos,m4,D2136,1.525445,421.99502,3.549225
chronos,m4,D2137,0.744061,220.229142,1.720632
chronos,m4,D2138,0.747086,72.929332,1.646053
chronos,m4,D2139,5.160668,21705.85838,61.410603
chronos,m4,D214,0.89273,17.437283,1.221356
chronos,m4,D2140,1.142078,440.279084,77.533585
chronos,m4,D2141,0.702281,56.07669,1.819861
chronos,m4,D2142,1.379938,33.434435,2.777013
chronos,m4,D2143,1.447517,218.623267,5.755516
chronos,m4,D2144,2.392536,55.440166,3.426561
chronos,m4,D2145,0.534253,232.979118,2.063093
chronos,m4,D2146,0.815055,70.946031,2.89136
chronos,m4,D2147,20.368057,3506.720405,60.644737
chronos,m4,D2148,2.582484,59.293754,3.412495
chronos,m4,D2149,1.044506,22.720616,1.557307
chronos,m4,D215,0.470215,8.907223,0.648
chronos,m4,D2150,2.04792,846.342831,7.12547
chronos,m4,D2151,1.66952,249.213458,2.435066
chronos,m4,D2152,0.634247,2384.260053,22.149923
chronos,m4,D2153,1.739185,42.420993,3.196287
chronos,m4,D2154,2.080321,43.857928,3.336749
chronos,m4,D2155,0.31866,146.438514,1.363147
chronos,m4,D2156,0.954681,38.960883,4.860266
chronos,m4,D2157,1.482878,82.89609,3.485682
chronos,m4,D2158,0.62258,118.580615,1.186272
chronos,m4,D2159,0.785854,25.890901,1.704114
chronos,m4,D216,3.719128,391.886284,5.285662
chronos,m4,D2160,0.349115,11.50053,0.891005
chronos,m4,D2161,0.96119,191.134739,1.930742
chronos,m4,D2162,3.834158,110.467817,9.608286
chronos,m4,D2163,0.542843,15.772165,1.219499
chronos,m4,D2164,0.381171,13.452693,0.887329
chronos,m4,D2165,0.79248,21.540596,1.688669
chronos,m4,D2166,0.869818,267.103576,2.152401
chronos,m4,D2167,1.65644,381.80343,4.193115
chronos,m4,D2168,12.51184,17468.738707,48.322807
chronos,m4,D2169,4.476046,2895.348252,106.276329
chronos,m4,D217,0.550349,114.248765,1.526475
chronos,m4,D2170,2.243191,309.800137,3.064988
chronos,m4,D2171,0.362997,8.831757,0.689829
chronos,m4,D2172,1.576712,1280.149747,58.47699
chronos,m4,D2173,0.486981,283.022236,36.430836
chronos,m4,D2174,1.040668,24.041603,1.392751
chronos,m4,D2175,1.161785,26.16062,1.566593
chronos,m4,D2176,2.305401,1346.240367,72.430374
chronos,m4,D2177,0.815386,898.624852,51.460808
chronos,m4,D2178,1.743139,1649.280222,72.101631
chronos,m4,D2179,8.297396,1150.744161,59.765831
chronos,m4,D218,0.340767,68.162941,0.906744
chronos,m4,D2180,1.778475,553.43648,49.122719
chronos,m4,D2181,0.690483,17.112229,1.099017
chronos,m4,D2182,4.430502,613.422239,29.907625
chronos,m4,D2183,0.342969,82.893589,5.509975
chronos,m4,D2184,0.300994,15.936381,0.808755
chronos,m4,D2185,1.127204,175.958319,9.694817
chronos,m4,D2186,1.748336,70.732796,4.343606
chronos,m4,D2187,1.002047,42.777085,2.529129
chronos,m4,D2188,1.476237,60.043952,3.720877
chronos,m4,D2189,0.52626,22.821337,1.192734
chronos,m4,D219,0.632713,123.059183,1.759631
chronos,m4,D2190,0.648127,21.734353,1.141025
chronos,m4,D2191,5.170704,13722.529213,50.420063
chronos,m4,D2192,0.554106,20.339067,1.032012
chronos,m4,D2193,0.290947,27.455949,0.949902
chronos,m4,D2194,42.294674,2159.449004,4.91441
chronos,m4,D2195,0.338413,59.681947,1.871919
chronos,m4,D2196,0.862,140.200282,4.204332
chronos,m4,D2197,0.830057,78.547464,2.766246
chronos,m4,D2198,1.241901,82.709721,2.576887
chronos,m4,D2199,0.422626,25.316981,0.564207
chronos,m4,D22,1.034028,58.806755,1.535082
chronos,m4,D220,0.277308,56.740421,0.752627
chronos,m4,D2200,0.770756,139.461926,5.795594
chronos,m4,D2201,1.342027,137.291369,4.718391
chronos,m4,D2202,0.751725,75.048344,2.847585
chronos,m4,D2203,0.549274,49.073638,1.920286
chronos,m4,D2204,1.504207,143.969201,5.652841
chronos,m4,D2205,1.511482,146.805802,6.162314
chronos,m4,D2206,4.527518,689.811455,62.328949
chronos,m4,D2207,3.789332,675.393034,71.855042
chronos,m4,D2208,1.120958,1305.576645,13.077723
chronos,m4,D2209,1.606069,128.492263,7.624516
chronos,m4,D221,2.456868,410.484508,5.500573
chronos,m4,D2210,0.298681,59.001397,0.839142
chronos,m4,D2211,1.108954,700.558483,2.557959
chronos,m4,D2212,0.426561,206.226069,37.342968
chronos,m4,D2213,0.511163,12.067859,0.790339
chronos,m4,D2214,3.311734,620.710354,85.938164
chronos,m4,D2215,1.159891,22.746972,1.698629
chronos,m4,D2216,0.925438,41.932793,1.847661
chronos,m4,D2217,0.441066,24.771985,1.261136
chronos,m4,D2218,0.89356,45.321203,2.277412
chronos,m4,D2219,6.331534,2527.995945,14.618173
chronos,m4,D222,2.968121,38.576499,5.23184
chronos,m4,D2220,0.397867,63.860707,1.053958
chronos,m4,D2221,0.434501,44.155114,2.216023
chronos,m4,D2222,0.414972,64.139165,1.008062
chronos,m4,D2223,0.521891,97.85408,1.495439
chronos,m4,D2224,0.327252,59.527005,0.879732
chronos,m4,D2225,0.592019,95.896047,1.555098
chronos,m4,D2226,0.327972,58.110801,0.837459
chronos,m4,D2227,0.545903,72.45653,1.276003
chronos,m4,D2228,0.619384,13.847254,1.031728
chronos,m4,D2229,1.079724,84.639519,4.015393
chronos,m4,D223,1.087177,29.124671,2.052987
chronos,m4,D2230,3.260852,692.644637,8.086733
chronos,m4,D2231,2.080132,216.249205,2.843932
chronos,m4,D2232,1.717898,324.754968,2.202127
chronos,m4,D2233,0.582695,123.030643,0.858587
chronos,m4,D2234,0.407592,118.248782,0.856071
chronos,m4,D2235,0.313998,11.385233,1.199894
chronos,m4,D2236,0.693526,237.193091,4.321475
chronos,m4,D2237,1.490893,492.225701,2.54366
chronos,m4,D2238,1.055423,286.45353,2.024573
chronos,m4,D2239,1.157077,274.173331,1.717856
chronos,m4,D224,1.175486,33.70129,2.23065
chronos,m4,D2240,0.757736,165.348165,1.734463
chronos,m4,D2241,0.268608,12.252737,0.823115
chronos,m4,D2242,0.735099,33.258384,0.833445
chronos,m4,D2243,0.100848,20.541298,0.758783
chronos,m4,D2244,1.901025,375.631552,2.067916
chronos,m4,D2245,0.446273,61.95771,1.179346
chronos,m4,D2246,3.839628,765.202383,13.341605
chronos,m4,D2247,0.243021,77.491951,0.521167
chronos,m4,D2248,0.591797,30.535031,1.265217
chronos,m4,D2249,2.046177,312.390768,2.246382
chronos,m4,D225,0.985569,29.890485,1.908785
chronos,m4,D2250,1.289686,283.730919,1.731688
chronos,m4,D2251,0.34162,17.025934,0.872139
chronos,m4,D2252,0.525824,26.468285,0.89083
chronos,m4,D2253,0.234072,41.915664,0.459567
chronos,m4,D2254,0.492035,21.510032,1.058891
chronos,m4,D2255,1.127465,39.516919,4.563198
chronos,m4,D2256,0.271787,91.161221,0.576875
chronos,m4,D2257,1.604875,353.085695,6.749538
chronos,m4,D2258,0.878525,29.126992,2.338879
chronos,m4,D2259,1.132435,311.449973,6.059321
chronos,m4,D226,1.142316,24.689373,1.690719
chronos,m4,D2260,0.337384,144.957732,0.627099
chronos,m4,D2261,0.436693,17.387226,0.913064
chronos,m4,D2262,0.311725,17.177359,2.229566
chronos,m4,D2263,0.373537,29.43562,1.979859
chronos,m4,D2264,0.572233,76.657024,2.023905
chronos,m4,D2265,0.139928,24.456019,0.972968
chronos,m4,D2266,0.308888,15.030037,1.202228
chronos,m4,D2267,0.302657,87.539726,0.436099
chronos,m4,D2268,0.577685,147.032555,0.829914
chronos,m4,D2269,1.049521,174.674027,0.999229
chronos,m4,D227,1.425307,29.640618,2.07135
chronos,m4,D2270,0.717594,65.126327,1.11392
chronos,m4,D2271,9.105687,3345.348861,11.651003
chronos,m4,D2272,0.332765,25.175592,1.992313
chronos,m4,D2273,1.185019,266.26938,1.53737
chronos,m4,D2274,1.041001,73.344549,4.202592
chronos,m4,D2275,0.773179,77.36501,2.829523
chronos,m4,D2276,0.314575,24.280708,0.747799
chronos,m4,D2277,0.464274,236.134148,1.947151
chronos,m4,D2278,2.263912,499.451496,6.187356
chronos,m4,D2279,0.444096,253.421747,1.589461
chronos,m4,D228,1.473179,33.296107,2.205649
chronos,m4,D2280,2.793387,718.756391,9.459642
chronos,m4,D2281,0.450918,238.745705,1.522422
chronos,m4,D2282,0.463121,224.218068,1.60663
chronos,m4,D2283,0.509113,287.261994,1.884732
chronos,m4,D2284,0.390735,69.255292,0.566207
chronos,m4,D2285,0.29399,10.966204,0.474693
chronos,m4,D2286,0.86648,161.860623,2.537023
chronos,m4,D2287,1.826192,310.56628,6.016721
chronos,m4,D2288,0.628339,28.692129,0.905534
chronos,m4,D2289,0.519598,116.17461,1.567888
chronos,m4,D229,1.470552,31.522152,2.16673
chronos,m4,D2290,0.481758,28.97779,2.027536
chronos,m4,D2291,0.887973,205.167586,1.837944
chronos,m4,D2292,0.317058,68.22741,0.503848
chronos,m4,D2293,0.297199,27.356294,0.819628
chronos,m4,D2294,0.582778,182.465258,1.300738
chronos,m4,D2295,0.424834,117.827229,0.629616
chronos,m4,D2296,2.252545,605.454659,5.136054
chronos,m4,D2297,0.593805,145.81179,0.84563
chronos,m4,D2298,0.258314,9.03506,0.669333
chronos,m4,D2299,1.552594,255.714433,2.134729
chronos,m4,D23,0.650458,23.20947,1.052476
chronos,m4,D230,0.491791,11.710978,0.6203
chronos,m4,D2300,1.127165,431.247446,3.376119
chronos,m4,D2301,0.149441,48.466108,5.35875
chronos,m4,D2302,0.400573,123.714602,4.57038
chronos,m4,D2303,0.901065,538.544305,4.08973
chronos,m4,D2304,0.604239,203.205782,1.43375
chronos,m4,D2305,0.955665,340.401968,4.186355
chronos,m4,D2306,2.16324,1920.135086,10.286134
chronos,m4,D2307,0.76154,300.549705,2.258724
chronos,m4,D2308,1.108734,279.703345,2.917423
chronos,m4,D2309,1.219251,320.060834,2.963991
chronos,m4,D231,1.663064,39.386618,2.661118
chronos,m4,D2310,0.75837,237.406157,2.186209
chronos,m4,D2311,0.300976,152.503753,1.30885
chronos,m4,D2312,0.770879,243.630267,2.384132
chronos,m4,D2313,1.159164,59.644047,2.39589
chronos,m4,D2314,2.005471,203.846536,2.301765
chronos,m4,D2315,1.552406,347.46315,3.52867
chronos,m4,D2316,0.789418,239.93133,2.153664
chronos,m4,D2317,0.386354,206.597463,3.514131
chronos,m4,D2318,0.639371,202.434036,2.088254
chronos,m4,D2319,0.836223,139.755024,0.886769
chronos,m4,D232,1.180699,25.350063,1.512979
chronos,m4,D2320,1.005597,431.020301,3.768728
chronos,m4,D2321,0.943944,86.331874,3.815002
chronos,m4,D2322,1.511694,578.275399,3.673764
chronos,m4,D2323,1.007454,46.599804,3.459784
chronos,m4,D2324,0.808128,170.663778,1.057245
chronos,m4,D2325,0.300948,79.893126,2.141666
chronos,m4,D2326,1.150632,234.966213,5.881147
chronos,m4,D2327,0.608974,142.848259,0.629498
chronos,m4,D2328,1.935953,344.344792,6.767979
chronos,m4,D2329,1.87688,424.929866,2.759598
chronos,m4,D233,0.781256,15.747976,0.942531
chronos,m4,D2330,1.530949,385.008868,4.299163
chronos,m4,D2331,1.226261,236.557538,1.661394
chronos,m4,D2332,1.017545,136.800772,1.481129
chronos,m4,D2333,0.757823,200.723983,5.839878
chronos,m4,D2334,0.708157,197.539899,1.224527
chronos,m4,D2335,1.402892,439.699649,2.442187
chronos,m4,D2336,0.622315,216.304843,3.37708
chronos,m4,D2337,3.441667,609.48126,4.42371
chronos,m4,D2338,0.781413,22.880733,1.188991
chronos,m4,D2339,0.823,44.388278,2.157345
chronos,m4,D234,0.472891,11.174182,0.598412
chronos,m4,D2340,0.924436,242.333118,1.459854
chronos,m4,D2341,0.656635,161.713083,1.183953
chronos,m4,D2342,0.689147,187.357832,0.948658
chronos,m4,D2343,0.539157,138.161576,0.703294
chronos,m4,D2344,0.366903,90.320212,2.221674
chronos,m4,D2345,1.478314,499.584562,4.494149
chronos,m4,D2346,0.877306,41.2093,2.419061
chronos,m4,D2347,1.605267,67.446119,3.887758
chronos,m4,D2348,1.558774,475.216382,7.043338
chronos,m4,D2349,0.584038,193.466829,1.116315
chronos,m4,D235,0.496518,15.134957,1.075208
chronos,m4,D2350,0.8152,290.214159,1.528849
chronos,m4,D2351,0.675435,246.99747,1.33183
chronos,m4,D2352,0.97238,281.984513,4.054522
chronos,m4,D2353,0.911637,309.206065,1.563504
chronos,m4,D2354,0.700674,194.236647,1.3648
chronos,m4,D2355,0.566031,21.256775,1.262972
chronos,m4,D2356,0.71397,208.070235,1.330132
chronos,m4,D2357,1.59971,284.23344,2.182508
chronos,m4,D2358,0.784952,168.539035,2.124798
chronos,m4,D2359,0.765907,160.659469,2.997058
chronos,m4,D236,0.771118,20.341236,1.645984
chronos,m4,D2360,3.56317,660.239919,5.002105
chronos,m4,D2361,4.631719,888.549309,4.720436
chronos,m4,D2362,2.052737,455.860279,2.841621
chronos,m4,D2363,3.420744,241.054333,3.94374
chronos,m4,D2364,0.443586,133.321283,2.365722
chronos,m4,D2365,0.927084,186.172436,0.929833
chronos,m4,D2366,1.124527,292.404765,1.86369
chronos,m4,D2367,0.125639,26.233259,2.636575
chronos,m4,D2368,1.483614,352.552689,1.828369
chronos,m4,D2369,0.169045,36.578839,3.184546
chronos,m4,D237,0.593596,18.643034,1.290992
chronos,m4,D2370,0.55278,158.455959,0.652964
chronos,m4,D2371,0.48892,24.069523,0.92331
chronos,m4,D2372,0.526267,137.659893,2.577402
chronos,m4,D2373,0.80185,133.076179,1.506462
chronos,m4,D2374,0.613416,177.315094,1.129359
chronos,m4,D2375,0.967239,185.613962,1.065281
chronos,m4,D2376,1.184091,75.082864,1.566876
chronos,m4,D2377,1.015128,207.721766,4.622837
chronos,m4,D2378,0.301288,72.68492,0.595719
chronos,m4,D2379,1.0029,221.532456,1.58666
chronos,m4,D238,0.411456,12.678372,0.891987
chronos,m4,D2380,0.424814,125.474358,4.167034
chronos,m4,D2381,0.413296,86.084034,0.482529
chronos,m4,D2382,0.598338,132.454628,0.647548
chronos,m4,D2383,0.490297,45.061849,1.875284
chronos,m4,D2384,0.550933,105.49085,0.825081
chronos,m4,D2385,1.265072,55.433083,1.586491
chronos,m4,D2386,0.630771,136.543541,0.882915
chronos,m4,D2387,1.246616,246.727203,3.494837
chronos,m4,D2388,2.248924,322.140946,1.991618
chronos,m4,D2389,0.431294,129.46591,1.10148
chronos,m4,D239,1.20623,34.09283,1.940202
chronos,m4,D2390,0.174221,62.059776,0.470315
chronos,m4,D2391,1.109081,306.333024,2.12201
chronos,m4,D2392,2.570721,610.493653,4.536952
chronos,m4,D2393,0.209944,69.998811,0.85826
chronos,m4,D2394,2.105072,485.235252,2.850136
chronos,m4,D2395,1.880161,263.7815,3.047615
chronos,m4,D2396,1.590223,543.765603,3.158149
chronos,m4,D2397,1.616051,485.536205,3.040607
chronos,m4,D2398,2.37751,625.035974,2.894637
chronos,m4,D2399,2.725269,908.305359,6.717071
chronos,m4,D24,0.9981,43.889635,1.532463
chronos,m4,D240,1.15256,35.161737,1.856251
chronos,m4,D2400,2.063938,574.049268,3.083353
chronos,m4,D2401,2.627367,685.549643,3.607938
chronos,m4,D2402,2.556407,790.632698,3.721286
chronos,m4,D2403,1.64569,583.71199,3.284873
chronos,m4,D2404,0.313706,117.458158,1.605852
chronos,m4,D2405,4.443843,1124.531402,6.050767
chronos,m4,D2406,2.530545,708.744268,4.00726
chronos,m4,D2407,0.945291,239.341455,2.516715
chronos,m4,D2408,0.913963,256.127928,2.785022
chronos,m4,D2409,1.644091,414.626432,4.426718
chronos,m4,D241,1.073447,33.091151,1.761909
chronos,m4,D2410,0.767392,219.05008,2.677468
chronos,m4,D2411,1.468777,446.801043,5.238307
chronos,m4,D2412,2.9544,798.772222,10.490285
chronos,m4,D2413,0.402698,118.181059,0.921449
chronos,m4,D2414,1.222107,335.388091,3.14213
chronos,m4,D2415,0.80708,219.547217,4.568661
chronos,m4,D2416,1.120202,176.775016,1.272868
chronos,m4,D2417,1.529169,227.248857,1.832134
chronos,m4,D2418,2.410469,346.177079,2.684026
chronos,m4,D2419,1.8672,272.559297,2.126453
chronos,m4,D242,1.559482,40.722854,2.291512
chronos,m4,D2420,2.359619,328.265839,2.320193
chronos,m4,D2421,0.450808,89.37745,1.577946
chronos,m4,D2422,2.767924,391.929322,2.619348
chronos,m4,D2423,2.388542,343.368436,2.515455
chronos,m4,D2424,0.755683,193.637498,2.054277
chronos,m4,D2425,0.887759,212.610201,1.403652
chronos,m4,D2426,1.438623,426.405232,4.837276
chronos,m4,D2427,0.513766,132.274085,0.612448
chronos,m4,D2428,1.433026,398.84989,3.696362
chronos,m4,D2429,1.327833,393.345546,3.122164
chronos,m4,D243,1.385215,35.915827,2.026658
chronos,m4,D2430,2.452385,427.436965,3.552513
chronos,m4,D2431,0.553323,159.540055,0.662247
chronos,m4,D2432,0.940038,201.52363,4.760685
chronos,m4,D2433,0.783139,25.204629,2.080505
chronos,m4,D2434,0.751103,179.285343,1.487596
chronos,m4,D2435,1.728975,78.145928,3.302243
chronos,m4,D2436,3.181022,1180.617794,5.379611
chronos,m4,D2437,0.596062,137.301042,2.776191
chronos,m4,D2438,0.256752,65.401491,1.003853
chronos,m4,D2439,3.028938,118.894497,4.700949
chronos,m4,D244,1.3512,37.886354,1.966215
chronos,m4,D2440,0.664767,40.112939,2.69231
chronos,m4,D2441,2.014917,112.639696,8.024487
chronos,m4,D2442,2.230253,247.906311,1.513899
chronos,m4,D2443,0.064651,16.783908,0.894508
chronos,m4,D2444,1.116861,121.85814,3.331971
chronos,m4,D2445,0.100327,25.902658,2.228204
chronos,m4,D2446,1.647321,160.509558,5.60092
chronos,m4,D2447,2.759635,913.813609,6.232821
chronos,m4,D2448,1.148397,407.698111,2.908042
chronos,m4,D2449,1.834099,574.494479,3.99888
chronos,m4,D245,0.868828,26.36714,1.288937
chronos,m4,D2450,1.826578,607.166524,4.932277
chronos,m4,D2451,1.154305,187.802516,1.083302
chronos,m4,D2452,0.946086,151.614212,0.980671
chronos,m4,D2453,0.880623,243.298934,0.975526
chronos,m4,D2454,0.313952,98.945677,2.288115
chronos,m4,D2455,1.482266,341.74944,2.195134
chronos,m4,D2456,0.732498,168.35543,2.460463
chronos,m4,D2457,0.732785,150.326325,1.190795
chronos,m4,D2458,0.748276,146.621064,1.083876
chronos,m4,D2459,1.814907,504.035574,11.910749
chronos,m4,D246,1.109902,18.303906,1.332205
chronos,m4,D2460,1.115238,335.216033,3.647306
chronos,m4,D2461,1.88317,627.347915,7.229501
chronos,m4,D2462,2.602475,696.330224,7.506034
chronos,m4,D2463,0.833159,317.081429,4.358042
chronos,m4,D2464,2.197866,508.930466,5.499289
chronos,m4,D2465,0.891841,281.190758,3.174057
chronos,m4,D2466,1.308464,54.327723,3.781745
chronos,m4,D2467,2.204848,699.098549,5.60884
chronos,m4,D2468,2.170315,638.76091,5.031201
chronos,m4,D2469,1.447842,471.931768,3.495627
chronos,m4,D247,0.494481,8.91275,0.609962
chronos,m4,D2470,2.681571,531.510642,3.564672
chronos,m4,D2471,2.773221,632.570574,3.581016
chronos,m4,D2472,0.710282,215.242432,7.944999
chronos,m4,D2473,5.637831,1622.965881,7.259277
chronos,m4,D2474,5.523682,1572.072756,7.029429
chronos,m4,D2475,5.661534,1538.741612,6.868828
chronos,m4,D2476,0.280991,109.226994,2.777161
chronos,m4,D2477,0.47297,20.820901,2.144931
chronos,m4,D2478,0.403299,165.209349,3.698404
chronos,m4,D2479,0.452049,20.041575,0.971066
chronos,m4,D248,0.464246,11.927502,0.854901
chronos,m4,D2480,0.431721,151.213929,0.823493
chronos,m4,D2481,0.384562,42.493966,0.716557
chronos,m4,D2482,0.458211,135.849893,0.88175
chronos,m4,D2483,0.457532,20.836411,1.336608
chronos,m4,D2484,0.611967,180.406794,0.976748
chronos,m4,D2485,0.730873,114.643874,1.391379
chronos,m4,D2486,0.674583,141.474379,1.176089
chronos,m4,D2487,1.97089,496.843647,2.157325
chronos,m4,D2488,0.503675,25.992386,1.633088
chronos,m4,D2489,0.592776,200.506049,1.010321
chronos,m4,D249,0.370924,9.697966,0.627641
chronos,m4,D2490,0.948681,306.967145,1.516014
chronos,m4,D2491,0.29337,132.224049,1.01712
chronos,m4,D2492,0.379388,148.263721,1.263206
chronos,m4,D2493,0.417086,26.410735,1.989727
chronos,m4,D2494,0.553026,28.909233,1.449853
chronos,m4,D2495,0.807202,37.928786,1.907705
chronos,m4,D2496,3.147025,847.191057,6.465739
chronos,m4,D2497,4.713384,739.879467,4.105913
chronos,m4,D2498,0.640576,274.327274,3.091748
chronos,m4,D2499,0.499158,26.168282,3.229746
chronos,m4,D25,1.139782,34.67604,1.787815
chronos,m4,D250,0.392871,10.491312,0.674052
chronos,m4,D2500,0.73268,39.576149,4.547221
chronos,m4,D2501,0.571545,29.77893,3.524459
chronos,m4,D2502,1.597197,266.939249,2.128432
chronos,m4,D2503,0.179006,55.408275,1.131572
chronos,m4,D2504,0.097914,35.793806,0.499523
chronos,m4,D2505,2.119256,336.924533,2.879802
chronos,m4,D2506,1.343205,234.279164,1.789107
chronos,m4,D2507,1.135537,236.996415,2.01445
chronos,m4,D2508,0.542838,126.764307,0.936813
chronos,m4,D2509,0.513766,38.61581,1.332576
chronos,m4,D251,0.566876,14.156016,0.973718
chronos,m4,D2510,0.635564,152.391662,1.176108
chronos,m4,D2511,0.430965,18.041997,0.89319
chronos,m4,D2512,1.999531,371.26372,2.54678
chronos,m4,D2513,1.169621,258.2956,1.687697
chronos,m4,D2514,2.439908,443.713995,3.352859
chronos,m4,D2515,0.228828,53.061649,0.485408
chronos,m4,D2516,0.970943,196.970671,2.826666
chronos,m4,D2517,0.802316,195.278037,3.262119
chronos,m4,D2518,1.046601,427.661702,5.225689
chronos,m4,D2519,1.378242,58.988183,2.207729
chronos,m4,D252,0.580916,17.763042,1.280833
chronos,m4,D2520,1.662395,776.845464,4.914244
chronos,m4,D2521,0.44261,20.058696,1.206394
chronos,m4,D2522,0.147725,60.593198,0.548123
chronos,m4,D2523,0.750196,313.145346,3.091401
chronos,m4,D2524,1.276852,74.928596,13.419708
chronos,m4,D2525,1.315623,506.102972,3.108947
chronos,m4,D2526,0.960984,386.751353,2.204044
chronos,m4,D2527,1.668377,118.912709,3.204445
chronos,m4,D2528,1.005054,387.708331,2.714136
chronos,m4,D2529,0.674694,31.237357,3.552853
chronos,m4,D253,0.359642,10.016261,0.780883
chronos,m4,D2530,1.101065,384.673604,3.497068
chronos,m4,D2531,1.977053,81.125485,6.350244
chronos,m4,D2532,1.134885,199.542915,4.123594
chronos,m4,D2533,3.102859,274.687024,8.845853
chronos,m4,D2534,1.975127,227.340389,7.191891
chronos,m4,D2535,0.16972,21.597936,2.146319
chronos,m4,D2536,1.173732,328.6992,11.460189
chronos,m4,D2537,0.593285,69.945993,1.771431
chronos,m4,D2538,2.694662,737.08395,7.732168
chronos,m4,D2539,0.502196,101.310481,1.114412
chronos,m4,D254,0.192103,6.013743,0.419737
chronos,m4,D2540,2.196013,119.961505,7.702369
chronos,m4,D2541,0.300919,99.788747,2.09418
chronos,m4,D2542,1.027005,334.088873,2.121791
chronos,m4,D2543,0.710687,274.895008,1.970424
chronos,m4,D2544,1.070561,391.44446,2.019958
chronos,m4,D2545,0.717771,295.730597,1.518072
chronos,m4,D2546,1.764997,631.98932,3.656255
chronos,m4,D2547,0.667353,24.663069,2.484599
chronos,m4,D2548,1.039435,526.084505,3.840863
chronos,m4,D2549,1.418449,57.84401,3.952654
chronos,m4,D255,0.284706,8.565455,0.622272
chronos,m4,D2550,0.474336,105.129357,7.138878
chronos,m4,D2551,0.760888,180.460078,1.039853
chronos,m4,D2552,0.344122,14.578647,0.756542
chronos,m4,D2553,1.276051,40.445276,2.409231
chronos,m4,D2554,0.975069,32.528993,3.357779
chronos,m4,D2555,0.543392,98.427162,0.728434
chronos,m4,D2556,0.623614,70.05291,1.38444
chronos,m4,D2557,0.492317,17.921547,1.394619
chronos,m4,D2558,1.146931,36.602886,1.971613
chronos,m4,D2559,2.510492,509.780483,3.291567
chronos,m4,D256,1.221506,22.680876,1.599325
chronos,m4,D2560,1.558671,51.561482,2.862117
chronos,m4,D2561,1.461996,389.323311,2.39261
chronos,m4,D2562,0.930705,396.374724,2.13035
chronos,m4,D2563,0.299697,129.385824,0.867721
chronos,m4,D2564,1.727852,224.740501,5.266754
chronos,m4,D2565,0.486932,175.380334,1.593796
chronos,m4,D2566,0.98111,35.758104,4.430889
chronos,m4,D2567,0.731772,36.795409,4.582329
chronos,m4,D2568,1.066276,31.883187,3.548552
chronos,m4,D2569,0.23402,76.174537,1.564093
chronos,m4,D257,1.787164,33.068844,2.710922
chronos,m4,D2570,1.086307,43.247607,4.91944
chronos,m4,D2571,0.477076,18.330776,2.124591
chronos,m4,D2572,1.164076,58.479979,8.291918
chronos,m4,D2573,1.981403,96.812777,9.216897
chronos,m4,D2574,1.15187,56.145434,5.603444
chronos,m4,D2575,1.128953,54.236783,5.549757
chronos,m4,D2576,0.304756,105.0681,0.790511
chronos,m4,D2577,0.481882,138.67429,0.993172
chronos,m4,D2578,0.2887,20.818175,0.994475
chronos,m4,D2579,0.228236,61.123308,0.5057
chronos,m4,D258,1.68462,32.978744,2.590679
chronos,m4,D2580,0.977251,38.837926,3.645179
chronos,m4,D2581,0.435213,45.325515,1.369627
chronos,m4,D2582,0.35894,17.196121,1.620667
chronos,m4,D2583,0.289629,14.631726,0.729862
chronos,m4,D2584,1.354499,348.8404,3.29038
chronos,m4,D2585,0.810774,72.040675,2.981832
chronos,m4,D2586,0.669883,22.80029,1.487347
chronos,m4,D2587,0.669944,25.143894,1.504182
chronos,m4,D2588,0.368183,12.342611,0.499964
chronos,m4,D2589,1.096843,81.322104,2.596452
chronos,m4,D259,1.932202,37.202045,2.973392
chronos,m4,D2590,0.366526,89.639488,0.860749
chronos,m4,D2591,0.441183,32.014702,0.714781
chronos,m4,D2592,0.312743,11.190593,0.546611
chronos,m4,D2593,0.970833,205.833415,1.679003
chronos,m4,D2594,0.440842,14.189717,0.697217
chronos,m4,D2595,1.957501,136.379719,3.432174
chronos,m4,D2596,0.25166,8.159846,0.476478
chronos,m4,D2597,1.198463,53.922439,2.681453
chronos,m4,D2598,0.406515,87.456945,0.605082
chronos,m4,D2599,1.916028,254.223012,1.751021
chronos,m4,D26,1.383627,61.973917,2.010054
chronos,m4,D260,0.437397,10.667554,0.72354
chronos,m4,D2600,0.765671,232.513146,1.235848
chronos,m4,D2601,1.150329,219.80237,1.371813
chronos,m4,D2602,0.781119,158.578808,1.078082
chronos,m4,D2603,1.041603,28.263718,1.640152
chronos,m4,D2604,0.564197,48.222213,0.805546
chronos,m4,D2605,1.311148,258.084894,2.247926
chronos,m4,D2606,0.960034,39.23725,3.816509
chronos,m4,D2607,0.571837,133.419869,0.948298
chronos,m4,D2608,0.190768,77.960261,0.497091
chronos,m4,D2609,0.277637,72.610184,2.804827
chronos,m4,D261,1.269395,25.090599,2.064642
chronos,m4,D2610,0.248995,82.545865,0.639028
chronos,m4,D2611,0.554049,217.045844,2.268701
chronos,m4,D2612,1.123707,382.010471,4.380275
chronos,m4,D2613,0.253049,83.787964,0.691452
chronos,m4,D2614,0.220774,81.061112,0.591745
chronos,m4,D2615,0.324686,87.335971,0.815221
chronos,m4,D2616,0.61811,252.536368,1.148064
chronos,m4,D2617,0.367931,102.966403,0.717369
chronos,m4,D2618,0.33796,73.825785,1.731576
chronos,m4,D2619,1.013575,264.437138,1.051871
chronos,m4,D262,0.541774,11.272826,0.883358
chronos,m4,D2620,0.548486,168.118413,0.961501
chronos,m4,D2621,0.385486,140.660121,1.210966
chronos,m4,D2622,0.912753,26.226554,1.561484
chronos,m4,D2623,1.215399,27.805945,2.03154
chronos,m4,D2624,1.292064,271.728581,2.39194
chronos,m4,D2625,0.860606,25.038404,1.520468
chronos,m4,D2626,0.332712,23.73585,0.796968
chronos,m4,D2627,1.547612,369.689291,2.712423
chronos,m4,D2628,1.453815,314.257085,1.655162
chronos,m4,D2629,0.694481,149.07912,0.786069
chronos,m4,D263,0.939364,18.115705,1.320738
chronos,m4,D2630,0.52529,119.192174,0.796712
chronos,m4,D2631,0.659545,213.233715,1.165763
chronos,m4,D2632,0.963154,271.761269,1.415096
chronos,m4,D2633,1.099495,310.409596,1.266371
chronos,m4,D2634,0.403212,105.951668,0.634075
chronos,m4,D2635,1.661865,376.403727,2.019556
chronos,m4,D2636,0.446188,59.488278,2.224598
chronos,m4,D2637,0.695085,181.533593,0.918981
chronos,m4,D2638,0.919082,201.138614,1.146623
chronos,m4,D2639,0.685777,66.895554,2.338873
chronos,m4,D264,0.594971,11.901292,0.890121
chronos,m4,D2640,0.413283,118.708784,0.595483
chronos,m4,D2641,0.297442,12.131563,1.18674
chronos,m4,D2642,0.321246,13.376222,0.596539
chronos,m4,D2643,0.392848,119.104635,1.042001
chronos,m4,D2644,0.426033,113.560875,0.821994
chronos,m4,D2645,0.595971,150.522651,1.284373
chronos,m4,D2646,0.412975,180.578687,3.692301
chronos,m4,D2647,0.559172,235.331191,2.319639
chronos,m4,D2648,0.688795,216.308744,2.037751
chronos,m4,D2649,0.679851,146.966959,0.996965
chronos,m4,D265,0.583686,11.227073,0.814923
chronos,m4,D2650,1.471202,336.136307,2.609604
chronos,m4,D2651,1.29543,324.842835,4.265701
chronos,m4,D2652,0.764898,45.348246,4.144664
chronos,m4,D2653,0.526222,23.874196,1.126968
chronos,m4,D2654,1.124129,49.484081,2.537117
chronos,m4,D2655,0.325316,11.945453,0.555914
chronos,m4,D2656,2.091848,61.281806,2.410131
chronos,m4,D2657,0.519601,117.860248,2.193139
chronos,m4,D2658,1.392577,355.402797,1.667999
chronos,m4,D2659,0.380522,84.275019,0.953707
chronos,m4,D266,0.725714,15.789254,1.260913
chronos,m4,D2660,1.04574,137.232873,2.154993
chronos,m4,D2661,0.442411,146.016815,1.430705
chronos,m4,D2662,1.345808,327.50594,2.181291
chronos,m4,D2663,0.533449,127.102363,1.155521
chronos,m4,D2664,0.280683,64.102849,0.856855
chronos,m4,D2665,2.303344,487.520304,2.586517
chronos,m4,D2666,0.839538,269.989858,3.608215
chronos,m4,D2667,1.473064,363.839744,1.584411
chronos,m4,D2668,0.853338,35.33304,1.792345
chronos,m4,D2669,1.135255,35.912758,5.048045
chronos,m4,D267,0.554743,11.877018,0.981058
chronos,m4,D2670,1.473061,356.11402,5.505948
chronos,m4,D2671,0.411684,14.157855,0.679221
chronos,m4,D2672,1.055509,232.75,1.062404
chronos,m4,D2673,0.857697,168.84554,0.915521
chronos,m4,D2674,0.914735,186.785116,0.877678
chronos,m4,D2675,0.430681,141.674687,1.146163
chronos,m4,D2676,0.226951,26.365742,0.726876
chronos,m4,D2677,0.910683,113.493069,1.162315
chronos,m4,D2678,0.836897,20.772911,1.305202
chronos,m4,D2679,1.899701,283.045781,1.614716
chronos,m4,D268,0.447854,9.690408,0.793882
chronos,m4,D2680,0.733559,97.561774,0.52933
chronos,m4,D2681,0.514922,27.630155,0.632766
chronos,m4,D2682,0.342003,85.793647,1.130579
chronos,m4,D2683,1.701219,363.797312,1.660779
chronos,m4,D2684,1.310245,37.520439,1.573261
chronos,m4,D2685,0.618473,156.752573,1.804765
chronos,m4,D2686,0.833041,199.995537,0.690048
chronos,m4,D2687,0.284473,50.841068,0.774027
chronos,m4,D2688,0.735403,115.879597,2.833836
chronos,m4,D2689,0.131567,4.01145,0.422864
chronos,m4,D269,0.461838,9.522331,0.824992
chronos,m4,D2690,0.882089,235.589296,0.906414
chronos,m4,D2691,0.900171,164.19704,0.812358
chronos,m4,D2692,0.217561,48.058647,0.932041
chronos,m4,D2693,1.968245,421.284105,2.44293
chronos,m4,D2694,4.268502,757.943476,4.038665
chronos,m4,D2695,3.927342,231.858431,4.412812
chronos,m4,D2696,2.431536,217.299342,2.763749
chronos,m4,D2697,0.500795,152.06302,2.524002
chronos,m4,D2698,4.5072,726.292167,3.431846
chronos,m4,D2699,2.595614,502.863814,2.468473
chronos,m4,D27,0.665805,21.475545,1.112142
chronos,m4,D270,0.760772,16.412286,1.061216
chronos,m4,D2700,3.410977,661.539138,3.286561
chronos,m4,D2701,1.240217,145.293278,2.751247
chronos,m4,D2702,1.058766,257.710639,1.14508
chronos,m4,D2703,0.74371,104.000272,1.606612
chronos,m4,D2704,1.144607,161.931699,1.612429
chronos,m4,D2705,0.363126,102.399636,1.068344
chronos,m4,D2706,0.640292,158.158408,0.832553
chronos,m4,D2707,0.440373,14.41363,0.739933
chronos,m4,D2708,0.993302,291.601411,1.438287
chronos,m4,D2709,3.096815,675.082472,3.346686
chronos,m4,D271,0.895185,18.171421,1.223674
chronos,m4,D2710,0.884217,273.675418,1.27181
chronos,m4,D2711,0.425648,156.298636,0.809939
chronos,m4,D2712,0.802756,235.854124,1.12037
chronos,m4,D2713,1.002006,250.392738,1.268689
chronos,m4,D2714,0.317841,101.641426,0.841785
chronos,m4,D2715,0.436255,18.366823,0.596069
chronos,m4,D2716,0.426577,16.155151,2.492183
chronos,m4,D2717,0.865043,45.926473,2.410772
chronos,m4,D2718,1.235805,57.755863,4.266201
chronos,m4,D2719,0.713112,159.374473,1.270539
chronos,m4,D272,0.833399,18.80547,1.16046
chronos,m4,D2720,0.852009,184.03493,0.969388
chronos,m4,D2721,0.741787,138.66467,0.624702
chronos,m4,D2722,1.747766,365.631966,2.255233
chronos,m4,D2723,1.475653,352.295874,2.068596
chronos,m4,D2724,0.387561,11.604268,0.572203
chronos,m4,D2725,2.621101,418.193287,2.200899
chronos,m4,D2726,0.833172,181.15601,2.32665
chronos,m4,D2727,1.923642,415.488173,2.127344
chronos,m4,D2728,0.625975,17.118554,1.28166
chronos,m4,D2729,2.54457,337.265324,1.782692
chronos,m4,D273,0.573938,11.959155,0.778854
chronos,m4,D2730,0.169095,16.176746,0.483545
chronos,m4,D2731,0.511462,105.9887,0.554807
chronos,m4,D2732,0.868045,33.584461,3.420427
chronos,m4,D2733,2.332668,75.019083,2.813709
chronos,m4,D2734,1.39471,46.042583,2.718322
chronos,m4,D2735,0.859803,34.359409,1.594563
chronos,m4,D2736,1.002097,38.49071,3.881492
chronos,m4,D2737,0.940081,26.967334,1.721984
chronos,m4,D2738,1.107396,30.613862,1.846378
chronos,m4,D2739,0.542343,103.805755,0.499989
chronos,m4,D274,1.057503,16.726116,1.35275
chronos,m4,D2740,0.784698,188.829991,0.94043
chronos,m4,D2741,0.463089,14.487595,0.691706
chronos,m4,D2742,5.865479,3453.321734,8.770642
chronos,m4,D2743,0.975127,203.907071,2.151497
chronos,m4,D2744,1.249822,422.891886,7.939257
chronos,m4,D2745,1.332821,21.349363,1.451301
chronos,m4,D2746,1.029594,21.678145,1.503418
chronos,m4,D2747,1.433997,362.240381,2.207181
chronos,m4,D2748,3.794165,124.392995,8.013101
chronos,m4,D2749,0.833201,26.029423,1.238663
chronos,m4,D275,0.710969,15.867232,0.903992
chronos,m4,D2750,1.687608,386.972504,3.347343
chronos,m4,D2751,0.179266,37.357382,2.612349
chronos,m4,D2752,1.86236,606.486784,5.128875
chronos,m4,D2753,0.593633,189.923689,3.278233
chronos,m4,D2754,0.56427,89.360568,1.912606
chronos,m4,D2755,1.488647,59.719053,4.524577
chronos,m4,D2756,0.401945,11.416435,0.713829
chronos,m4,D2757,1.199376,42.660358,3.65308
chronos,m4,D2758,1.443084,355.683321,2.810059
chronos,m4,D2759,2.612484,495.631447,3.859642
chronos,m4,D276,0.673499,13.157184,0.868029
chronos,m4,D2760,0.247205,55.890747,1.882742
chronos,m4,D2761,0.702109,193.386251,0.988807
chronos,m4,D2762,0.451946,118.768346,0.57753
chronos,m4,D2763,0.892222,157.026819,0.690299
chronos,m4,D2764,0.349169,41.246025,2.145272
chronos,m4,D2765,0.15277,46.89082,0.302384
chronos,m4,D2766,0.854787,274.061324,2.7888
chronos,m4,D2767,0.701232,173.414452,1.357198
chronos,m4,D2768,0.416877,125.742545,1.287052
chronos,m4,D2769,0.891581,150.117669,2.44679
chronos,m4,D277,0.985088,18.849772,1.239928
chronos,m4,D2770,0.572446,18.322555,0.835334
chronos,m4,D2771,0.653006,27.179864,1.152393
chronos,m4,D2772,0.421693,14.140507,0.826147
chronos,m4,D2773,0.754372,40.151362,2.014268
chronos,m4,D2774,0.552142,164.870445,2.087221
chronos,m4,D2775,0.545331,23.006884,1.213398
chronos,m4,D2776,0.690909,101.162351,0.95279
chronos,m4,D2777,0.601527,116.695057,1.420473
chronos,m4,D2778,2.047691,87.128405,4.852187
chronos,m4,D2779,1.807431,229.470791,1.955183
chronos,m4,D278,1.133794,19.705051,1.529398
chronos,m4,D2780,0.182578,22.149831,1.569359
chronos,m4,D2781,0.730831,110.478403,1.288296
chronos,m4,D2782,0.540873,71.434147,0.737091
chronos,m4,D2783,0.26533,10.40017,0.674423
chronos,m4,D2784,0.477036,86.548941,0.725817
chronos,m4,D2785,1.252942,74.695217,3.457396
chronos,m4,D2786,1.230924,270.893977,6.767544
chronos,m4,D2787,0.720904,203.168899,1.940723
chronos,m4,D2788,1.659432,614.513705,6.633835
chronos,m4,D2789,2.000402,711.962802,6.758343
chronos,m4,D279,1.339821,21.198963,1.774207
chronos,m4,D2790,2.290153,830.20295,7.030447
chronos,m4,D2791,0.517774,78.319841,0.812075
chronos,m4,D2792,1.143481,147.725503,1.363774
chronos,m4,D2793,1.231858,279.706235,3.223478
chronos,m4,D2794,1.000478,204.041232,2.430455
chronos,m4,D2795,2.283576,337.409374,4.222904
chronos,m4,D2796,0.508672,167.548978,1.488496
chronos,m4,D2797,0.445116,17.11524,1.363038
chronos,m4,D2798,0.791301,99.68941,2.908678
chronos,m4,D2799,0.364228,119.439094,1.395276
chronos,m4,D28,0.144204,5.333053,1.02068
chronos,m4,D280,0.603694,10.031651,0.796907
chronos,m4,D2800,0.903472,315.395424,4.617448
chronos,m4,D2801,0.661847,210.178551,1.714693
chronos,m4,D2802,0.587483,26.116506,2.432915
chronos,m4,D2803,0.678677,224.232362,2.173068
chronos,m4,D2804,1.084695,151.622185,1.669577
chronos,m4,D2805,0.235207,20.425233,1.081113
chronos,m4,D2806,0.504521,24.397822,2.5201
chronos,m4,D2807,0.339732,16.226904,2.008894
chronos,m4,D2808,0.341472,79.361958,1.6074
chronos,m4,D2809,0.879357,238.080951,1.186282
chronos,m4,D281,1.797224,28.467234,2.371987
chronos,m4,D2810,0.818143,243.35224,2.667267
chronos,m4,D2811,0.146567,59.226875,1.529375
chronos,m4,D2812,0.416225,132.902396,1.156781
chronos,m4,D2813,1.530976,227.506911,3.380416
chronos,m4,D2814,0.490958,178.582526,1.045749
chronos,m4,D2815,0.710162,186.244096,1.596305
chronos,m4,D2816,1.288115,153.45413,2.567061
chronos,m4,D2817,0.913589,267.731413,2.417048
chronos,m4,D2818,0.89096,250.457215,2.289632
chronos,m4,D2819,0.735986,204.649386,2.105485
chronos,m4,D282,1.626636,26.801983,2.1248
chronos,m4,D2820,0.659916,163.250066,1.416695
chronos,m4,D2821,0.92862,225.241598,3.732421
chronos,m4,D2822,0.613283,129.008789,1.041288
chronos,m4,D2823,0.827146,207.916421,1.832306
chronos,m4,D2824,0.523595,158.321796,1.039722
chronos,m4,D2825,1.118082,304.756473,2.093276
chronos,m4,D2826,0.428093,150.667681,1.525654
chronos,m4,D2827,0.278037,112.334331,6.694653
chronos,m4,D2828,0.616173,52.419756,2.483477
chronos,m4,D2829,0.259807,15.276932,1.593006
chronos,m4,D283,2.312217,36.00431,3.006509
chronos,m4,D2830,0.290619,15.04392,1.519225
chronos,m4,D2831,0.29621,14.786661,1.812918
chronos,m4,D2832,1.366852,54.266714,6.308056
chronos,m4,D2833,1.007696,41.726963,3.840988
chronos,m4,D2834,0.610685,162.958398,1.470167
chronos,m4,D2835,0.664547,177.880501,1.294105
chronos,m4,D2836,1.418895,492.933851,3.957999
chronos,m4,D2837,0.581241,120.284855,2.21567
chronos,m4,D2838,0.732799,169.187402,1.392553
chronos,m4,D2839,1.272047,260.227274,3.798621
chronos,m4,D284,0.943119,17.800876,1.264218
chronos,m4,D2840,1.065756,175.01573,1.559299
chronos,m4,D2841,0.68631,175.445532,1.185897
chronos,m4,D2842,0.682861,240.410237,1.417556
chronos,m4,D2843,1.968676,559.766497,3.306598
chronos,m4,D2844,1.408144,68.03359,2.416425
chronos,m4,D2845,1.274559,138.782914,5.897985
chronos,m4,D2846,1.225708,343.811051,1.922082
chronos,m4,D2847,2.256948,640.748317,15.238507
chronos,m4,D2848,0.526527,149.039202,1.095704
chronos,m4,D2849,0.559222,141.99652,2.358145
chronos,m4,D285,0.898476,18.407624,1.273205
chronos,m4,D2850,0.628409,248.936127,2.246982
chronos,m4,D2851,0.507626,207.658721,2.081728
chronos,m4,D2852,0.87285,36.469461,1.807468
chronos,m4,D2853,1.096134,325.395721,1.273741
chronos,m4,D2854,0.639753,305.623505,2.342395
chronos,m4,D2855,3.467843,2848.846872,13.163262
chronos,m4,D2856,1.620623,559.625517,9.056031
chronos,m4,D2857,0.988867,65.729017,3.919999
chronos,m4,D2858,0.589639,179.688168,1.575056
chronos,m4,D2859,1.675561,432.718099,2.692213
chronos,m4,D286,2.466835,48.435706,3.586533
chronos,m4,D2860,0.477343,181.17092,2.118271
chronos,m4,D2861,0.73926,201.06147,1.525701
chronos,m4,D2862,1.392888,317.261241,1.782552
chronos,m4,D2863,0.848942,232.160707,1.975768
chronos,m4,D2864,0.804408,202.079453,1.60917
chronos,m4,D2865,1.126039,293.034888,2.695585
chronos,m4,D2866,0.174624,73.534786,6.818669
chronos,m4,D2867,1.765086,619.7262,5.333557
chronos,m4,D2868,0.564484,236.309111,1.936166
chronos,m4,D2869,2.983067,438.250107,3.926957
chronos,m4,D287,2.688059,55.38422,3.892339
chronos,m4,D2870,2.692305,691.197037,3.662175
chronos,m4,D2871,2.398469,591.73693,3.186994
chronos,m4,D2872,1.918989,546.565126,3.091755
chronos,m4,D2873,0.238202,47.554161,1.436565
chronos,m4,D2874,1.826889,545.778057,3.245711
chronos,m4,D2875,1.946132,434.540077,2.460454
chronos,m4,D2876,3.575729,1259.680217,12.713792
chronos,m4,D2877,2.817685,177.790931,5.005586
chronos,m4,D2878,0.606413,33.488846,4.464454
chronos,m4,D2879,1.358122,508.233814,2.918193
chronos,m4,D288,2.19165,43.332014,3.093418
chronos,m4,D2880,0.750494,342.406374,2.33765
chronos,m4,D2881,0.221631,87.876647,1.898453
chronos,m4,D2882,0.4845,24.515497,1.239553
chronos,m4,D2883,0.253224,88.801432,0.899015
chronos,m4,D2884,0.282844,120.116325,1.02477
chronos,m4,D2885,0.245133,89.549507,0.965193
chronos,m4,D2886,0.781077,64.263838,3.710323
chronos,m4,D2887,7.062421,417.430702,6.701658
chronos,m4,D2888,0.257007,75.716071,1.637617
chronos,m4,D2889,3.330276,821.604033,3.579466
chronos,m4,D289,2.757902,55.301645,3.900663
chronos,m4,D2890,2.896192,871.110319,3.883992
chronos,m4,D2891,0.488322,176.687307,1.126229
chronos,m4,D2892,2.82561,736.748219,3.533265
chronos,m4,D2893,0.934994,202.814773,1.725987
chronos,m4,D2894,1.678959,401.438663,3.082666
chronos,m4,D2895,1.537117,374.290475,4.262943
chronos,m4,D2896,1.749065,553.134958,5.632308
chronos,m4,D2897,0.7142,305.107038,2.196394
chronos,m4,D2898,0.671827,316.543071,1.932853
chronos,m4,D2899,1.402867,335.922052,5.042634
chronos,m4,D29,4.727375,375.02427,5.272728
chronos,m4,D290,0.419068,60.88774,0.5428
chronos,m4,D2900,0.345713,177.395089,4.743637
chronos,m4,D2901,2.500891,664.278227,3.500667
chronos,m4,D2902,1.313673,350.82177,2.01815
chronos,m4,D2903,1.797101,562.760356,3.609621
chronos,m4,D2904,1.702771,55.436657,3.22088
chronos,m4,D2905,1.693543,74.488061,2.968649
chronos,m4,D2906,0.483474,20.30144,1.688855
chronos,m4,D2907,2.087812,68.865404,3.166872
chronos,m4,D2908,1.144513,381.796575,4.071319
chronos,m4,D2909,2.572749,578.997193,2.612797
chronos,m4,D291,0.173385,26.960658,0.225932
chronos,m4,D2910,0.75541,288.310122,3.251193
chronos,m4,D2911,0.337347,57.935953,5.5839
chronos,m4,D2912,0.823121,382.972135,3.476106
chronos,m4,D2913,2.839724,152.317014,5.067441
chronos,m4,D2914,2.963871,174.123031,5.37273
chronos,m4,D2915,0.705159,200.796403,2.412105
chronos,m4,D2916,0.817937,161.464973,1.436783
chronos,m4,D2917,1.636416,370.433762,3.233258
chronos,m4,D2918,1.742783,396.976011,3.52781
chronos,m4,D2919,0.554271,180.768763,1.55515
chronos,m4,D292,0.425968,59.544319,0.550232
chronos,m4,D2920,1.209541,38.39563,1.950871
chronos,m4,D2921,1.00063,71.084577,1.404011
chronos,m4,D2922,1.905768,57.541737,2.862648
chronos,m4,D2923,1.30609,42.200157,2.309513
chronos,m4,D2924,2.010682,467.392351,3.039789
chronos,m4,D2925,1.604226,85.78345,5.903577
chronos,m4,D2926,0.46313,22.213342,2.599815
chronos,m4,D2927,1.909847,51.571671,3.480888
chronos,m4,D2928,0.386087,153.229403,1.045385
chronos,m4,D2929,0.628006,25.768927,1.503984
chronos,m4,D293,0.300841,43.130607,0.390825
chronos,m4,D2930,1.253989,543.584458,6.317637
chronos,m4,D2931,0.436684,21.348273,1.113128
chronos,m4,D2932,4.591496,1202.965139,10.356337
chronos,m4,D2933,1.760695,413.106505,2.649441
chronos,m4,D2934,1.238328,324.200158,2.15414
chronos,m4,D2935,0.310855,90.141455,1.1748
chronos,m4,D2936,0.952332,304.107904,1.314536
chronos,m4,D2937,1.219516,340.006618,6.667354
chronos,m4,D2938,0.943105,262.931832,1.559179
chronos,m4,D2939,1.295557,37.975821,2.128672
chronos,m4,D294,1.639748,224.440694,1.96313
chronos,m4,D2940,1.018305,256.068701,1.307966
chronos,m4,D2941,1.264915,35.818976,1.802875
chronos,m4,D2942,1.821296,603.198584,3.626539
chronos,m4,D2943,1.89403,452.544939,2.690551
chronos,m4,D2944,0.889337,250.038239,1.349191
chronos,m4,D2945,0.715705,171.596832,0.92719
chronos,m4,D2946,1.282178,409.336353,4.029889
chronos,m4,D2947,2.229724,531.193703,3.23957
chronos,m4,D2948,1.677599,271.657053,5.838296
chronos,m4,D2949,1.522283,312.321574,2.139549
chronos,m4,D295,1.210467,230.573783,2.409429
chronos,m4,D2950,2.652014,645.093186,6.119447
chronos,m4,D2951,0.484237,155.940963,0.75279
chronos,m4,D2952,0.430394,18.145996,0.751089
chronos,m4,D2953,0.968035,32.585749,1.187568
chronos,m4,D2954,0.366992,137.239832,0.589727
chronos,m4,D2955,1.468695,43.073925,1.827375
chronos,m4,D2956,0.644989,220.24522,1.507929
chronos,m4,D2957,0.703718,240.860421,2.605197
chronos,m4,D2958,0.837736,273.420892,1.323898
chronos,m4,D2959,1.268233,335.440382,1.774666
chronos,m4,D296,1.385214,260.413763,2.740669
chronos,m4,D2960,0.375211,14.147871,0.821974
chronos,m4,D2961,0.641279,71.001826,2.077808
chronos,m4,D2962,0.851801,26.483944,1.48957
chronos,m4,D2963,0.898361,28.746085,1.561293
chronos,m4,D2964,1.206441,36.587895,1.876375
chronos,m4,D2965,0.592432,252.455952,3.455605
chronos,m4,D2966,0.135034,5.472836,0.744371
chronos,m4,D2967,0.364281,108.474584,0.599424
chronos,m4,D2968,1.113147,247.115239,1.73633
chronos,m4,D2969,0.637641,147.924766,1.63288
chronos,m4,D297,1.641199,311.98281,3.286043
chronos,m4,D2970,1.322522,52.545028,2.807789
chronos,m4,D2971,0.285651,90.699511,0.762011
chronos,m4,D2972,0.168354,7.010891,0.636521
chronos,m4,D2973,0.312853,20.046921,0.604189
chronos,m4,D2974,0.525583,20.186592,1.682486
chronos,m4,D2975,0.259756,8.48282,0.459639
chronos,m4,D2976,1.93401,320.399531,4.958035
chronos,m4,D2977,1.631817,47.024989,2.067008
chronos,m4,D2978,1.060138,46.449259,1.010005
chronos,m4,D2979,1.725003,62.298713,1.371287
chronos,m4,D298,1.409802,266.52625,2.817412
chronos,m4,D2980,1.007814,39.114506,0.86173
chronos,m4,D2981,0.981519,57.170205,2.425819
chronos,m4,D2982,1.222358,438.154279,7.116846
chronos,m4,D2983,0.541217,189.615009,1.45074
chronos,m4,D2984,1.320066,47.783611,3.441529
chronos,m4,D2985,1.042489,469.554426,3.941321
chronos,m4,D2986,0.234964,13.720648,2.638084
chronos,m4,D2987,0.480116,25.565096,1.798164
chronos,m4,D2988,0.594602,21.925285,1.46898
chronos,m4,D2989,1.048709,34.135029,3.456855
chronos,m4,D299,0.56505,93.049251,0.780432
chronos,m4,D2990,1.39802,409.030103,2.424028
chronos,m4,D2991,0.571773,27.518852,2.966181
chronos,m4,D2992,0.257273,17.547594,0.987713
chronos,m4,D2993,0.767665,85.771615,11.934389
chronos,m4,D2994,0.467595,41.200518,1.450104
chronos,m4,D2995,0.419359,23.34575,1.399595
chronos,m4,D2996,0.841838,51.633157,3.264041
chronos,m4,D2997,0.978693,29.752257,1.40774
chronos,m4,D2998,1.143604,30.623151,1.795688
chronos,m4,D2999,0.734188,21.284768,1.124991
chronos,m4,D3,0.756857,31.002239,2.556871
chronos,m4,D30,0.166096,6.369139,0.915916
chronos,m4,D300,0.271374,47.394823,0.367652
chronos,m4,D3000,16.779078,708.586158,41.67038
chronos,m4,D3001,2.400655,657.254564,5.294799
chronos,m4,D3002,0.727685,210.929074,0.934187
chronos,m4,D3003,0.173407,8.975642,0.504762
chronos,m4,D3004,1.111464,40.313955,1.029154
chronos,m4,D3005,1.534581,51.370328,1.379897
chronos,m4,D3006,2.223256,76.61039,2.244676
chronos,m4,D3007,1.553277,75.743934,11.447098
chronos,m4,D3008,1.700108,70.114656,13.420522
chronos,m4,D3009,1.541013,262.064669,11.912995
chronos,m4,D301,0.600475,96.15885,0.822824
chronos,m4,D3010,1.704994,79.376821,12.458596
chronos,m4,D3011,1.828133,89.801577,13.507827
chronos,m4,D3012,0.364498,24.094431,3.930746
chronos,m4,D3013,0.738191,293.484162,3.955799
chronos,m4,D3014,1.377813,396.435978,2.328949
chronos,m4,D3015,0.774717,297.325711,2.343061
chronos,m4,D3016,1.659386,433.734114,3.249187
chronos,m4,D3017,0.321672,102.346126,0.63666
chronos,m4,D3018,0.557091,216.871776,2.096334
chronos,m4,D3019,0.582945,210.066154,2.131086
chronos,m4,D302,0.951714,135.141166,1.219062
chronos,m4,D3020,0.715185,182.693369,1.133745
chronos,m4,D3021,0.921899,207.548112,1.237758
chronos,m4,D3022,0.497993,50.525222,1.164012
chronos,m4,D3023,0.713441,54.294854,1.729564
chronos,m4,D3024,0.747069,57.763634,2.300216
chronos,m4,D3025,0.342143,16.984126,0.619155
chronos,m4,D3026,0.884967,45.715925,4.226517
chronos,m4,D3027,0.517274,39.056771,0.879038
chronos,m4,D3028,1.209197,70.399505,2.197029
chronos,m4,D3029,0.454665,22.914154,1.389534
chronos,m4,D303,0.720286,143.179206,1.329298
chronos,m4,D3030,0.814034,40.803264,1.320035
chronos,m4,D3031,0.533176,146.906958,0.767388
chronos,m4,D3032,0.996754,257.515822,1.798461
chronos,m4,D3033,0.49513,148.971572,0.804145
chronos,m4,D3034,0.478063,89.318445,0.913606
chronos,m4,D3035,0.622057,172.973744,0.937551
chronos,m4,D3036,0.691527,174.623608,1.001158
chronos,m4,D3037,1.552811,68.256553,2.625726
chronos,m4,D3038,1.146038,66.276561,2.319654
chronos,m4,D3039,0.872209,54.7988,1.759323
chronos,m4,D304,1.300221,247.550524,2.473181
chronos,m4,D3040,2.435109,529.161129,3.022057
chronos,m4,D3041,0.794534,210.655478,1.061019
chronos,m4,D3042,0.390891,84.073823,0.688449
chronos,m4,D3043,0.427008,103.600858,1.08699
chronos,m4,D3044,0.359237,92.273562,1.123162
chronos,m4,D3045,0.110016,24.474589,2.417018
chronos,m4,D3046,0.891974,195.782983,2.043827
chronos,m4,D3047,0.989968,196.582789,1.817791
chronos,m4,D3048,1.646966,101.130548,4.657222
chronos,m4,D3049,0.429575,24.616625,0.832152
chronos,m4,D305,0.913375,168.106359,1.719901
chronos,m4,D3050,1.902884,58.851525,6.329633
chronos,m4,D3051,0.831028,26.540498,1.881208
chronos,m4,D3052,0.216355,61.328495,4.709553
chronos,m4,D3053,0.513007,170.610118,0.829982
chronos,m4,D3054,0.393956,124.065263,0.794262
chronos,m4,D3055,0.621893,167.99757,1.017194
chronos,m4,D3056,1.038281,248.170076,1.366837
chronos,m4,D3057,0.775568,204.651848,1.465196
chronos,m4,D3058,1.378085,402.799015,3.515256
chronos,m4,D3059,0.773527,29.00857,1.291775
chronos,m4,D306,0.583498,136.581456,1.163305
chronos,m4,D3060,0.770632,218.159829,1.347848
chronos,m4,D3061,0.835251,203.987955,1.230894
chronos,m4,D3062,0.972867,244.530729,1.592145
chronos,m4,D3063,0.397728,94.897761,0.75775
chronos,m4,D3064,0.313983,84.627752,1.588455
chronos,m4,D3065,0.223428,49.649947,1.290343
chronos,m4,D3066,0.753839,209.512837,4.151049
chronos,m4,D3067,0.419216,121.329838,2.556653
chronos,m4,D3068,0.531977,22.409619,1.614856
chronos,m4,D3069,1.297973,52.191268,3.268597
chronos,m4,D307,0.447569,89.316658,0.87832
chronos,m4,D3070,0.707528,66.793781,2.625615
chronos,m4,D3071,0.438939,44.387398,1.687415
chronos,m4,D3072,0.59289,129.03198,0.895981
chronos,m4,D3073,0.599842,58.600337,6.199713
chronos,m4,D3074,0.800266,64.593954,6.660862
chronos,m4,D3075,0.80628,64.08436,2.728236
chronos,m4,D3076,1.440627,105.809957,6.804156
chronos,m4,D3077,1.282685,107.122033,6.851224
chronos,m4,D3078,1.492385,509.224027,2.894344
chronos,m4,D3079,1.144097,39.245647,2.735735
chronos,m4,D308,0.752274,152.96507,1.512372
chronos,m4,D3080,1.030238,36.25343,2.467683
chronos,m4,D3081,1.614537,49.989122,3.406971
chronos,m4,D3082,1.165411,332.795358,2.174454
chronos,m4,D3083,0.061834,25.016505,1.199526
chronos,m4,D3084,0.995718,321.898676,4.439837
chronos,m4,D3085,3.063683,827.077725,5.054017
chronos,m4,D3086,0.944746,263.362363,1.688161
chronos,m4,D3087,0.555306,65.027852,1.0861
chronos,m4,D3088,0.605761,23.836506,1.287728
chronos,m4,D3089,1.253783,279.486359,2.271108
chronos,m4,D309,0.848951,188.25388,1.675927
chronos,m4,D3090,0.941095,44.830837,1.514522
chronos,m4,D3091,1.077202,361.446811,1.627387
chronos,m4,D3092,0.737787,280.880605,1.147278
chronos,m4,D3093,1.017238,375.456077,1.441631
chronos,m4,D3094,1.075867,373.985712,4.704047
chronos,m4,D3095,0.496325,22.129472,1.343095
chronos,m4,D3096,1.716363,338.035189,1.467204
chronos,m4,D3097,1.987922,774.718215,3.481154
chronos,m4,D3098,1.066769,52.536037,2.549012
chronos,m4,D3099,2.02043,506.323498,4.468392
chronos,m4,D31,0.662348,118.661517,4.787829
chronos,m4,D310,2.098543,364.67162,3.96874
chronos,m4,D3100,1.119846,35.009862,3.147117
chronos,m4,D3101,0.755505,19.94264,1.609108
chronos,m4,D3102,1.436444,64.750894,2.535011
chronos,m4,D3103,4.863891,1158.157858,12.282488
chronos,m4,D3104,0.462924,148.90464,6.063256
chronos,m4,D3105,1.045812,378.580449,1.399208
chronos,m4,D3106,0.464843,215.184995,1.976834
chronos,m4,D3107,1.00572,221.406248,1.951028
chronos,m4,D3108,0.273019,89.756939,0.681685
chronos,m4,D3109,0.77412,164.86268,1.939616
chronos,m4,D311,1.83397,322.129353,3.37762
chronos,m4,D3110,1.430101,299.637841,1.922493
chronos,m4,D3111,1.601941,405.632627,6.149114
chronos,m4,D3112,0.6585,158.445248,1.039709
chronos,m4,D3113,1.4076,335.491594,2.215973
chronos,m4,D3114,2.261822,591.094509,4.508123
chronos,m4,D3115,0.162931,25.09354,0.591962
chronos,m4,D3116,0.314038,40.484601,1.052938
chronos,m4,D3117,0.212213,45.537831,0.58569
chronos,m4,D3118,0.538431,153.649141,2.232277
chronos,m4,D3119,1.538023,127.276984,2.247991
chronos,m4,D312,2.180621,378.120868,4.112104
chronos,m4,D3120,2.714484,124.463273,6.599953
chronos,m4,D3121,1.698541,74.042241,4.49315
chronos,m4,D3122,2.383293,100.834332,6.533366
chronos,m4,D3123,1.767708,412.710439,2.35454
chronos,m4,D3124,0.538766,198.553962,1.092027
chronos,m4,D3125,2.671999,638.711789,3.108301
chronos,m4,D3126,0.614025,210.68826,4.149463
chronos,m4,D3127,0.232625,65.735736,1.318841
chronos,m4,D3128,1.839538,528.359903,2.658479
chronos,m4,D3129,2.379455,619.518689,3.372481
chronos,m4,D313,2.420201,406.693124,4.492269
chronos,m4,D3130,3.595551,870.252155,3.381261
chronos,m4,D3131,1.872717,348.390675,4.065432
chronos,m4,D3132,1.0133,241.182123,1.573599
chronos,m4,D3133,1.932493,54.547029,3.604868
chronos,m4,D3134,1.812935,415.363207,2.610237
chronos,m4,D3135,1.087357,267.361632,1.658509
chronos,m4,D3136,1.31909,52.967063,2.212288
chronos,m4,D3137,3.255748,1177.535881,7.087548
chronos,m4,D3138,0.723862,173.714312,0.718848
chronos,m4,D3139,0.317941,86.561095,1.844298
chronos,m4,D314,1.087466,208.351594,1.882404
chronos,m4,D3140,0.262601,53.375329,0.337069
chronos,m4,D3141,1.379534,327.884686,1.951218
chronos,m4,D3142,1.879925,148.524613,2.273103
chronos,m4,D3143,0.439306,104.70359,0.699723
chronos,m4,D3144,0.445586,114.079686,0.669372
chronos,m4,D3145,0.459755,146.888244,0.913036
chronos,m4,D3146,0.790932,210.424599,1.413606
chronos,m4,D3147,0.57382,196.122361,0.895706
chronos,m4,D3148,1.137279,303.395511,1.621949
chronos,m4,D3149,1.411265,402.06302,1.850696
chronos,m4,D315,0.666203,111.299717,1.118944
chronos,m4,D3150,2.156909,728.936597,8.950112
chronos,m4,D3151,1.137798,263.283429,1.37568
chronos,m4,D3152,0.94372,247.234643,1.721049
chronos,m4,D3153,1.573898,330.173948,1.95005
chronos,m4,D3154,0.733997,210.617294,0.842842
chronos,m4,D3155,0.534801,134.38795,0.834443
chronos,m4,D3156,0.369253,99.213907,0.6954
chronos,m4,D3157,0.257176,69.553129,0.400766
chronos,m4,D3158,2.409106,494.858092,3.525342
chronos,m4,D3159,0.464258,105.772461,2.16184
chronos,m4,D316,1.000227,187.967968,1.753213
chronos,m4,D3160,0.344894,85.095813,2.255026
chronos,m4,D3161,0.662401,260.220054,1.141458
chronos,m4,D3162,0.318131,13.047417,0.563759
chronos,m4,D3163,1.520936,275.266703,5.837494
chronos,m4,D3164,0.488084,28.046951,1.001958
chronos,m4,D3165,0.9523,252.101356,1.705762
chronos,m4,D3166,5.217765,1520.715374,57.734585
chronos,m4,D3167,0.581581,44.688843,2.588274
chronos,m4,D3168,0.1337,16.78052,3.936938
chronos,m4,D3169,0.122456,14.782832,1.007267
chronos,m4,D317,0.782034,150.331418,1.341079
chronos,m4,D3170,0.94998,94.792253,4.783802
chronos,m4,D3171,1.385618,131.886181,2.52596
chronos,m4,D3172,2.484716,450.481427,3.676269
chronos,m4,D3173,0.484729,36.172288,2.032269
chronos,m4,D3174,0.952345,247.205925,5.635762
chronos,m4,D3175,0.454621,14.911659,0.799746
chronos,m4,D3176,1.214018,294.330796,1.845513
chronos,m4,D3177,0.330193,79.927989,0.593294
chronos,m4,D3178,0.676733,31.428588,3.967042
chronos,m4,D3179,1.594416,44.505738,3.033707
chronos,m4,D318,0.690841,119.999255,1.263438
chronos,m4,D3180,0.671564,182.305065,1.71373
chronos,m4,D3181,0.473834,17.814272,1.010632
chronos,m4,D3182,1.035711,30.445366,1.551298
chronos,m4,D3183,2.519485,123.86336,2.791676
chronos,m4,D3184,3.013578,645.7161,3.279407
chronos,m4,D3185,1.708728,474.375115,2.444141
chronos,m4,D3186,1.152249,307.90739,5.654967
chronos,m4,D3187,1.374372,314.155502,1.607669
chronos,m4,D3188,1.139447,264.033186,1.646367
chronos,m4,D3189,0.52733,221.058171,1.853655
chronos,m4,D319,0.403502,85.317657,0.725323
chronos,m4,D3190,0.739255,31.040314,1.748154
chronos,m4,D3191,0.415301,17.605329,1.270498
chronos,m4,D3192,0.635428,23.335132,1.908812
chronos,m4,D3193,0.820322,247.288933,2.015781
chronos,m4,D3194,0.692466,29.788314,2.944008
chronos,m4,D3195,6.919154,340.748235,21.934954
chronos,m4,D3196,1.720552,64.739838,3.504008
chronos,m4,D3197,1.032463,132.117801,2.849307
chronos,m4,D3198,3.213875,725.240564,5.358481
chronos,m4,D3199,4.104513,902.877276,4.896943
chronos,m4,D32,0.5635,101.226507,4.428584
chronos,m4,D320,0.465154,82.002578,0.852192
chronos,m4,D3200,1.027894,287.193029,1.753147
chronos,m4,D3201,1.213884,76.709218,1.893918
chronos,m4,D3202,1.143305,221.447581,1.69055
chronos,m4,D3203,0.493559,182.844858,4.270171
chronos,m4,D3204,0.65521,23.158341,1.061347
chronos,m4,D3205,1.300919,44.012201,2.141956
chronos,m4,D3206,0.872424,369.125868,4.200469
chronos,m4,D3207,0.961746,310.968824,1.973459
chronos,m4,D3208,0.381583,19.784975,0.921685
chronos,m4,D3209,1.531626,46.05302,2.571603
chronos,m4,D321,0.679932,118.661143,1.231166
chronos,m4,D3210,0.925635,308.474814,3.019574
chronos,m4,D3211,0.940527,219.337666,1.458985
chronos,m4,D3212,0.415169,19.50097,1.603348
chronos,m4,D3213,0.549324,20.430971,1.451121
chronos,m4,D3214,1.366476,41.546271,2.470572
chronos,m4,D3215,0.236394,75.40378,0.471766
chronos,m4,D3216,0.636383,221.230154,1.215495
chronos,m4,D3217,1.722835,71.997535,3.784952
chronos,m4,D3218,0.220869,71.557614,0.51224
chronos,m4,D3219,3.678734,320.401421,11.779346
chronos,m4,D322,0.47432,88.455042,0.77668
chronos,m4,D3220,0.196774,65.676933,0.506224
chronos,m4,D3221,0.441068,18.336835,0.846619
chronos,m4,D3222,0.299142,24.380706,0.786773
chronos,m4,D3223,0.313272,16.035937,0.845832
chronos,m4,D3224,0.179365,11.449982,0.568753
chronos,m4,D3225,1.274322,100.901004,3.665376
chronos,m4,D3226,3.112639,134.810385,6.584888
chronos,m4,D3227,0.821182,76.594537,1.516755
chronos,m4,D3228,0.444142,20.066383,0.767932
chronos,m4,D3229,0.781585,230.410613,1.152722
chronos,m4,D323,0.304552,70.993257,0.499491
chronos,m4,D3230,0.656584,190.125164,1.001238
chronos,m4,D3231,0.443195,26.563099,0.552808
chronos,m4,D3232,0.573767,167.519128,2.481037
chronos,m4,D3233,0.404907,113.991223,0.479595
chronos,m4,D3234,0.63814,30.015591,1.391825
chronos,m4,D3235,0.745577,21.399955,1.403838
chronos,m4,D3236,0.5243,19.170996,1.241339
chronos,m4,D3237,0.480901,126.288442,1.74726
chronos,m4,D3238,0.54533,254.281479,1.39268
chronos,m4,D3239,0.502005,214.210296,1.085576
chronos,m4,D324,0.352576,67.926093,0.574469
chronos,m4,D3240,0.834177,51.836601,8.134545
chronos,m4,D3241,0.368124,12.383552,1.099248
chronos,m4,D3242,1.937524,399.366393,1.943012
chronos,m4,D3243,0.683418,39.581898,0.759566
chronos,m4,D3244,1.729767,403.851129,3.715071
chronos,m4,D3245,0.952328,231.813275,1.108346
chronos,m4,D3246,0.287877,25.587692,0.918209
chronos,m4,D3247,0.583605,146.315857,1.074508
chronos,m4,D3248,0.497862,173.528771,1.176414
chronos,m4,D3249,0.384409,130.045823,1.324731
chronos,m4,D325,0.663581,105.232527,1.088153
chronos,m4,D3250,0.988946,236.381437,3.410227
chronos,m4,D3251,0.385742,30.369533,3.268777
chronos,m4,D3252,0.686287,32.341997,2.875695
chronos,m4,D3253,1.730967,124.930571,4.661529
chronos,m4,D3254,0.84494,42.680041,1.647091
chronos,m4,D3255,0.856383,33.248109,2.916267
chronos,m4,D3256,1.125305,69.422809,4.804369
chronos,m4,D3257,0.467079,19.319616,1.546882
chronos,m4,D3258,0.228533,11.307494,0.547761
chronos,m4,D3259,0.79402,45.271568,2.384356
chronos,m4,D326,0.844566,149.396279,2.227963
chronos,m4,D3260,0.769369,145.016466,1.552804
chronos,m4,D3261,0.703674,203.746607,3.110788
chronos,m4,D3262,0.418654,157.166767,2.719958
chronos,m4,D3263,0.48855,159.314186,1.621975
chronos,m4,D3264,0.341246,15.768216,0.671727
chronos,m4,D3265,0.373624,110.10603,0.883386
chronos,m4,D3266,0.312965,113.14185,0.582671
chronos,m4,D3267,0.455986,125.205113,0.645756
chronos,m4,D3268,1.52169,333.970702,1.756012
chronos,m4,D3269,0.812476,48.992042,2.74932
chronos,m4,D327,0.756779,131.475417,1.916666
chronos,m4,D3270,0.562976,104.241522,0.748454
chronos,m4,D3271,2.395749,469.790911,7.727383
chronos,m4,D3272,0.528612,16.338814,0.909067
chronos,m4,D3273,0.614248,182.565303,0.960602
chronos,m4,D3274,1.709826,119.496637,3.765352
chronos,m4,D3275,0.175261,8.188346,0.770175
chronos,m4,D3276,0.493932,128.046211,1.049054
chronos,m4,D3277,1.406657,313.098489,1.917328
chronos,m4,D3278,1.689055,534.932969,2.719706
chronos,m4,D3279,0.378471,143.433013,0.645049
chronos,m4,D328,0.920213,174.419534,2.400308
chronos,m4,D3280,0.307012,84.835552,0.540656
chronos,m4,D3281,0.143198,6.540862,0.316157
chronos,m4,D3282,1.188526,385.900773,2.693764
chronos,m4,D3283,0.932757,343.895844,4.33811
chronos,m4,D3284,0.509466,92.955687,0.854997
chronos,m4,D3285,0.633382,31.410178,1.615373
chronos,m4,D3286,0.549604,116.390817,0.703702
chronos,m4,D3287,0.317361,13.736856,1.641047
chronos,m4,D3288,0.303721,12.182454,1.01769
chronos,m4,D3289,0.660456,160.57037,1.694578
chronos,m4,D329,0.566837,101.659314,1.265062
chronos,m4,D3290,0.304427,25.937045,1.403105
chronos,m4,D3291,0.079218,27.050976,0.572708
chronos,m4,D3292,0.636115,34.64103,1.288394
chronos,m4,D3293,0.364593,105.955764,0.745511
chronos,m4,D3294,0.627234,186.222974,1.517043
chronos,m4,D3295,0.867878,215.260262,1.746757
chronos,m4,D3296,0.227262,75.693935,1.253868
chronos,m4,D3297,0.309418,133.362091,0.726569
chronos,m4,D3298,2.857932,910.616069,6.755799
chronos,m4,D3299,0.284426,9.743116,0.744458
chronos,m4,D33,0.755324,167.678182,2.274065
chronos,m4,D330,1.344601,233.645874,3.098112
chronos,m4,D3300,0.208364,8.817773,1.359167
chronos,m4,D3301,0.514814,103.667635,0.845965
chronos,m4,D3302,0.263253,68.183486,2.223247
chronos,m4,D3303,1.878893,197.484018,2.938968
chronos,m4,D3304,0.966049,266.664144,3.446258
chronos,m4,D3305,0.643707,134.159937,4.952318
chronos,m4,D3306,2.095485,412.196593,2.102653
chronos,m4,D3307,1.893605,295.808255,1.768243
chronos,m4,D3308,1.101076,53.347603,2.080315
chronos,m4,D3309,2.005327,364.85787,2.237403
chronos,m4,D331,0.78143,142.235074,1.782214
chronos,m4,D3310,1.085444,100.015023,2.509905
chronos,m4,D3311,1.254256,312.088329,2.175309
chronos,m4,D3312,0.364262,12.107764,0.833809
chronos,m4,D3313,1.885713,290.001387,2.3032
chronos,m4,D3314,1.350973,333.289629,1.878732
chronos,m4,D3315,0.405107,80.236412,3.199234
chronos,m4,D3316,1.404914,346.573957,1.791814
chronos,m4,D3317,1.869274,112.661689,4.491887
chronos,m4,D3318,0.221894,65.944038,0.832812
chronos,m4,D3319,5.396142,480.980038,5.358995
chronos,m4,D332,0.593571,123.174907,1.710473
chronos,m4,D3320,6.880398,1557.90396,7.100875
chronos,m4,D3321,0.804314,205.810887,1.66729
chronos,m4,D3322,2.346116,440.006658,2.926189
chronos,m4,D3323,1.40988,496.192834,3.388179
chronos,m4,D3324,2.093368,591.584446,3.790774
chronos,m4,D3325,1.584224,41.052089,2.390171
chronos,m4,D3326,1.865579,527.763382,3.339156
chronos,m4,D3327,3.244042,806.479115,4.407979
chronos,m4,D3328,0.562886,144.996464,0.947134
chronos,m4,D3329,24.433987,3747.474616,82.235168
chronos,m4,D333,0.701392,149.287088,2.024827
chronos,m4,D3330,0.258196,23.249898,0.477331
chronos,m4,D3331,2.876959,590.796761,3.638075
chronos,m4,D3332,0.425377,133.064005,1.01317
chronos,m4,D3333,2.339857,537.776673,3.047621
chronos,m4,D3334,0.828236,243.474187,1.95107
chronos,m4,D3335,2.493389,475.650213,2.963025
chronos,m4,D3336,1.393273,286.509803,1.831509
chronos,m4,D3337,1.862015,330.945332,2.201733
chronos,m4,D3338,0.942832,211.089741,1.679261
chronos,m4,D3339,0.739559,215.37519,1.643348
chronos,m4,D334,0.588484,122.113345,1.698648
chronos,m4,D3340,0.759816,173.798206,1.178599
chronos,m4,D3341,0.454207,105.888802,0.656112
chronos,m4,D3342,1.171248,250.011648,1.831793
chronos,m4,D3343,0.294413,33.19246,1.388213
chronos,m4,D3344,0.912364,278.890786,2.59534
chronos,m4,D3345,1.154546,352.98713,3.203492
chronos,m4,D3346,1.018692,32.414994,2.40222
chronos,m4,D3347,0.698109,19.866644,1.548015
chronos,m4,D3348,2.140784,444.135431,3.12571
chronos,m4,D3349,2.25699,465.545916,3.372367
chronos,m4,D335,0.54568,124.032478,1.581945
chronos,m4,D3350,2.543057,409.236541,3.348367
chronos,m4,D3351,3.215824,555.445626,3.34898
chronos,m4,D3352,1.846746,399.335522,2.679684
chronos,m4,D3353,1.299561,41.553042,2.324299
chronos,m4,D3354,0.264217,12.131442,1.391074
chronos,m4,D3355,0.224844,8.823288,0.920583
chronos,m4,D3356,0.866894,73.841647,4.751683
chronos,m4,D3357,0.631221,211.418378,2.191794
chronos,m4,D3358,1.476644,67.262872,5.470823
chronos,m4,D3359,1.49305,80.780875,5.780484
chronos,m4,D336,1.326809,283.491154,3.829334
chronos,m4,D3360,1.93641,110.052327,7.586277
chronos,m4,D3361,3.088215,652.968989,3.76241
chronos,m4,D3362,2.744959,561.269682,4.015862
chronos,m4,D3363,0.933894,37.599231,2.366774
chronos,m4,D3364,0.888473,38.524676,3.494588
chronos,m4,D3365,0.668751,26.663591,1.784235
chronos,m4,D3366,0.766526,278.260374,1.652292
chronos,m4,D3367,0.967969,39.351911,2.977625
chronos,m4,D3368,1.381375,414.715584,3.202257
chronos,m4,D3369,2.166143,598.377128,4.07604
chronos,m4,D337,1.52477,328.286151,4.415825
chronos,m4,D3370,3.385366,765.592458,5.166832
chronos,m4,D3371,1.521154,417.512369,3.098418
chronos,m4,D3372,2.701961,541.80944,3.716466
chronos,m4,D3373,1.234973,302.244326,3.473943
chronos,m4,D3374,2.333097,476.999427,5.198448
chronos,m4,D3375,1.320926,411.350786,4.829811
chronos,m4,D3376,1.984832,486.38075,5.324639
chronos,m4,D3377,1.995889,561.648021,6.952506
chronos,m4,D3378,1.521719,344.778167,3.68336
chronos,m4,D3379,1.741059,417.033366,4.762459
chronos,m4,D338,1.711042,369.623901,4.880341
chronos,m4,D3380,1.937135,661.509897,4.946616
chronos,m4,D3381,1.510688,504.907572,3.587715
chronos,m4,D3382,2.085205,580.063359,4.775149
chronos,m4,D3383,3.714346,857.064503,5.916688
chronos,m4,D3384,0.79768,190.460472,1.866211
chronos,m4,D3385,0.975942,256.003265,1.957463
chronos,m4,D3386,0.956797,33.621598,2.221921
chronos,m4,D3387,0.677988,25.28118,1.178159
chronos,m4,D3388,3.283265,549.07405,3.352736
chronos,m4,D3389,1.556668,501.260583,3.28632
chronos,m4,D339,1.156438,250.068616,3.345238
chronos,m4,D3390,1.349033,490.411578,3.77008
chronos,m4,D3391,1.4805,523.898457,4.041401
chronos,m4,D3392,2.229089,641.158717,4.728032
chronos,m4,D3393,1.543042,64.203538,4.702244
chronos,m4,D3394,2.603425,646.111591,4.426296
chronos,m4,D3395,1.63757,71.423271,3.626373
chronos,m4,D3396,1.572054,65.276104,3.572472
chronos,m4,D3397,0.886876,352.373903,1.816576
chronos,m4,D3398,1.528613,54.452024,3.093385
chronos,m4,D3399,0.383079,25.752702,3.318273
chronos,m4,D34,0.27808,14.837701,0.611586
chronos,m4,D340,1.364798,256.725945,2.803303
chronos,m4,D3400,0.462002,30.075754,4.0719
chronos,m4,D3401,0.636511,32.162342,4.194171
chronos,m4,D3402,2.072332,639.251002,4.296264
chronos,m4,D3403,3.390325,1069.152877,7.371093
chronos,m4,D3404,2.604076,752.074049,5.375944
chronos,m4,D3405,3.356444,839.372906,5.543722
chronos,m4,D3406,1.01737,52.007373,3.424287
chronos,m4,D3407,2.353059,490.399216,3.414927
chronos,m4,D3408,2.021967,413.266655,3.137995
chronos,m4,D3409,2.980687,593.284028,3.876303
chronos,m4,D341,0.931679,160.02509,1.844877
chronos,m4,D3410,1.294804,398.164186,2.376219
chronos,m4,D3411,0.782052,251.138338,2.687248
chronos,m4,D3412,0.239993,59.719774,0.708479
chronos,m4,D3413,0.188718,64.658489,1.018007
chronos,m4,D3414,0.788161,210.035925,2.502446
chronos,m4,D3415,0.511935,175.749305,2.084042
chronos,m4,D3416,0.208281,8.716079,1.111201
chronos,m4,D3417,0.372354,192.248639,0.995163
chronos,m4,D3418,0.624485,228.420177,1.381135
chronos,m4,D3419,1.477683,424.585386,2.615206
chronos,m4,D342,1.700145,279.263317,3.412014
chronos,m4,D3420,0.504165,41.222909,3.339226
chronos,m4,D3421,1.196616,355.52403,1.637275
chronos,m4,D3422,0.304714,11.451505,1.859205
chronos,m4,D3423,0.446301,153.860371,1.912939
chronos,m4,D3424,0.675922,201.751026,2.905625
chronos,m4,D3425,4.991152,1351.049268,6.131651
chronos,m4,D3426,7.266266,2029.393444,8.452939
chronos,m4,D3427,6.061115,1529.100553,6.919178
chronos,m4,D3428,5.237218,1446.38731,6.502071
chronos,m4,D3429,0.66955,246.925762,1.22075
chronos,m4,D343,1.781826,283.888801,3.548372
chronos,m4,D3430,0.512804,135.202084,0.876391
chronos,m4,D3431,0.340419,112.774184,0.74797
chronos,m4,D3432,0.571956,20.211681,1.373122
chronos,m4,D3433,1.008919,344.225138,2.718728
chronos,m4,D3434,1.16514,404.507899,3.068577
chronos,m4,D3435,0.881366,270.94796,1.973944
chronos,m4,D3436,0.565489,30.855871,1.575817
chronos,m4,D3437,0.843809,289.708137,1.941099
chronos,m4,D3438,0.415969,172.373742,1.174383
chronos,m4,D3439,0.726591,256.538009,1.763365
chronos,m4,D344,1.747061,237.854472,2.263523
chronos,m4,D3440,0.617992,173.382581,1.126287
chronos,m4,D3441,0.823495,242.139955,2.057165
chronos,m4,D3442,4.925242,929.70617,5.066252
chronos,m4,D3443,0.318302,87.854033,0.729109
chronos,m4,D3444,0.858815,199.274044,1.656191
chronos,m4,D3445,0.553147,143.229049,0.826836
chronos,m4,D3446,0.496826,87.702662,0.548711
chronos,m4,D3447,2.066163,502.052039,2.231452
chronos,m4,D3448,0.859818,199.018971,0.993562
chronos,m4,D3449,1.785701,336.51263,1.766786
chronos,m4,D345,1.572042,218.410352,2.066342
chronos,m4,D3450,1.357609,279.066748,1.59964
chronos,m4,D3451,0.836264,41.681507,1.912706
chronos,m4,D3452,1.774597,461.213312,2.449662
chronos,m4,D3453,1.247087,354.368574,2.05392
chronos,m4,D3454,0.847414,256.386762,1.977852
chronos,m4,D3455,0.407119,162.605765,1.175287
chronos,m4,D3456,0.461059,166.080759,1.538113
chronos,m4,D3457,1.171249,466.914423,4.230671
chronos,m4,D3458,0.194151,10.417644,0.547018
chronos,m4,D3459,0.460132,138.035378,1.277059
chronos,m4,D346,1.752759,232.83895,2.306367
chronos,m4,D3460,0.946539,305.545043,2.018864
chronos,m4,D3461,0.683956,218.640419,1.548328
chronos,m4,D3462,0.711266,254.59888,1.959834
chronos,m4,D3463,0.598352,39.545327,3.045439
chronos,m4,D3464,0.57973,36.410922,2.283619
chronos,m4,D3465,0.963807,284.508279,2.497625
chronos,m4,D3466,1.419944,483.227738,2.736992
chronos,m4,D3467,1.6553,398.490001,3.208878
chronos,m4,D3468,0.766437,256.860538,2.609764
chronos,m4,D3469,1.66351,369.689397,2.537488
chronos,m4,D347,1.843965,224.609992,2.583784
chronos,m4,D3470,0.56409,223.538054,1.918133
chronos,m4,D3471,0.87997,271.450257,2.431807
chronos,m4,D3472,0.956357,265.73927,1.993703
chronos,m4,D3473,0.181309,66.050292,0.750535
chronos,m4,D3474,0.318651,120.696133,1.227697
chronos,m4,D3475,0.131058,47.817718,0.525385
chronos,m4,D3476,0.609186,33.780778,2.363134
chronos,m4,D3477,1.600564,570.464148,3.662469
chronos,m4,D3478,1.500226,403.543155,2.031968
chronos,m4,D3479,1.262459,316.757264,2.377422
chronos,m4,D348,2.169826,259.327526,3.023299
chronos,m4,D3480,0.37799,104.765698,0.605064
chronos,m4,D3481,1.907677,501.098309,2.733521
chronos,m4,D3482,0.384698,125.647336,0.713208
chronos,m4,D3483,3.359431,642.11248,3.641678
chronos,m4,D3484,2.197251,517.333337,3.325248
chronos,m4,D3485,3.166566,736.653497,4.463787
chronos,m4,D3486,3.902183,772.91429,4.828059
chronos,m4,D3487,2.579957,614.651476,3.80919
chronos,m4,D3488,4.064975,698.241161,4.184074
chronos,m4,D3489,2.097186,395.481016,2.186458
chronos,m4,D349,1.802026,220.472655,2.548109
chronos,m4,D3490,2.445496,541.558832,3.539504
chronos,m4,D3491,2.338891,515.910603,3.388742
chronos,m4,D3492,1.446555,386.747233,2.204776
chronos,m4,D3493,2.186894,485.160718,2.879138
chronos,m4,D3494,0.984172,36.947066,1.816001
chronos,m4,D3495,1.341479,47.546146,2.425665
chronos,m4,D3496,1.5331,55.06773,2.608042
chronos,m4,D3497,0.997457,197.358385,1.59139
chronos,m4,D3498,0.992021,207.660433,1.390962
chronos,m4,D3499,1.685701,305.933587,2.034573
chronos,m4,D35,0.487057,84.842035,4.480785
chronos,m4,D350,1.461049,174.861653,2.073501
chronos,m4,D3500,3.638556,649.759114,4.283107
chronos,m4,D3501,4.05935,623.499825,4.092507
chronos,m4,D3502,2.508731,376.805363,2.640666
chronos,m4,D3503,2.848363,437.700097,3.353577
chronos,m4,D3504,1.094039,277.220693,1.610443
chronos,m4,D3505,0.990049,233.02238,1.442688
chronos,m4,D3506,0.80568,198.253133,1.128137
chronos,m4,D3507,0.599731,150.841151,0.818347
chronos,m4,D3508,2.739172,573.012025,2.966223
chronos,m4,D3509,1.278424,308.697895,1.819133
chronos,m4,D351,1.763913,211.191736,2.430054
chronos,m4,D3510,0.992004,240.675896,1.470876
chronos,m4,D3511,0.552384,107.671747,1.181703
chronos,m4,D3512,0.499403,180.591162,1.464695
chronos,m4,D3513,0.681632,20.858368,1.698369
chronos,m4,D3514,0.395001,14.86829,1.142428
chronos,m4,D3515,0.814158,182.808344,1.544163
chronos,m4,D3516,0.641635,125.333808,1.343979
chronos,m4,D3517,0.633774,135.483343,1.232093
chronos,m4,D3518,2.878738,549.295202,3.630692
chronos,m4,D3519,1.068724,243.43401,1.721784
chronos,m4,D352,1.886999,220.187624,2.574223
chronos,m4,D3520,1.773102,607.994732,4.653676
chronos,m4,D3521,2.065354,643.847978,3.981066
chronos,m4,D3522,1.600024,565.895695,3.395817
chronos,m4,D3523,2.032934,659.554585,4.346513
chronos,m4,D3524,0.90936,271.690627,1.666453
chronos,m4,D3525,0.959359,320.041196,2.469043
chronos,m4,D3526,0.412302,171.573605,0.982443
chronos,m4,D3527,0.626858,201.484898,1.05215
chronos,m4,D3528,2.187621,518.086473,3.331192
chronos,m4,D3529,1.909069,489.804202,3.629008
chronos,m4,D353,1.411142,176.942843,1.935939
chronos,m4,D3530,1.606944,398.716221,2.676756
chronos,m4,D3531,3.338748,625.19437,3.745293
chronos,m4,D3532,2.419445,514.555391,3.512284
chronos,m4,D3533,4.476532,835.278509,5.121525
chronos,m4,D3534,4.80698,818.320574,5.117138
chronos,m4,D3535,5.130082,874.976393,5.564483
chronos,m4,D3536,0.145664,8.383322,1.148676
chronos,m4,D3537,0.729189,33.676542,3.690423
chronos,m4,D3538,1.024656,43.508666,4.583002
chronos,m4,D3539,0.658498,29.095481,3.418656
chronos,m4,D354,2.090565,252.817568,2.915813
chronos,m4,D3540,0.71679,287.661463,3.41074
chronos,m4,D3541,1.040123,76.264788,4.471735
chronos,m4,D3542,0.705127,50.373561,3.267467
chronos,m4,D3543,2.44202,354.712835,2.514065
chronos,m4,D3544,3.450681,478.966156,2.744582
chronos,m4,D3545,3.478123,463.384138,2.38781
chronos,m4,D3546,0.566084,173.390912,1.103904
chronos,m4,D3547,0.670499,206.757737,1.260318
chronos,m4,D3548,2.296902,358.528536,1.870389
chronos,m4,D3549,1.000732,27.153506,2.102355
chronos,m4,D355,0.504405,69.796807,0.807227
chronos,m4,D3550,1.345862,34.917532,1.538276
chronos,m4,D3551,0.905404,34.137389,1.552244
chronos,m4,D3552,0.836176,28.832524,1.514171
chronos,m4,D3553,2.224859,70.852368,3.573654
chronos,m4,D3554,0.97007,31.553318,1.560649
chronos,m4,D3555,1.787569,80.395294,13.650099
chronos,m4,D3556,0.743907,42.233506,0.937395
chronos,m4,D3557,1.409932,80.399603,13.463865
chronos,m4,D3558,1.527957,94.632957,12.85849
chronos,m4,D3559,1.349253,48.732609,3.47303
chronos,m4,D356,0.773027,96.676879,1.250738
chronos,m4,D3560,1.654275,40.662634,2.322141
chronos,m4,D3561,2.300627,52.830898,3.072273
chronos,m4,D3562,0.463058,140.609353,1.103727
chronos,m4,D3563,0.680201,232.048259,2.100983
chronos,m4,D3564,1.884646,50.871511,2.714184
chronos,m4,D3565,0.779446,27.106317,1.252775
chronos,m4,D3566,6.867164,1104.933539,6.072604
chronos,m4,D3567,0.399944,18.754048,1.473755
chronos,m4,D3568,3.315383,596.729446,3.320095
chronos,m4,D3569,0.584005,31.006654,0.86275
chronos,m4,D357,0.506278,69.684042,0.818383
chronos,m4,D3570,0.364764,16.339398,1.35101
chronos,m4,D3571,0.124017,8.239726,1.064037
chronos,m4,D3572,1.128209,34.764442,2.801712
chronos,m4,D3573,1.197526,187.44147,1.182334
chronos,m4,D3574,0.550771,135.879765,0.75335
chronos,m4,D3575,0.638114,116.552676,0.664237
chronos,m4,D3576,0.892558,152.398346,0.807126
chronos,m4,D3577,1.267099,180.116184,1.052787
chronos,m4,D3578,0.491612,111.602313,0.654558
chronos,m4,D3579,0.527161,131.177465,0.654258
chronos,m4,D358,0.456858,59.547164,0.744633
chronos,m4,D3580,0.313299,86.895701,0.476808
chronos,m4,D3581,0.211264,70.490597,0.379373
chronos,m4,D3582,0.684105,16.754473,0.892292
chronos,m4,D3583,0.436413,102.638093,0.441551
chronos,m4,D3584,0.80581,157.766893,0.842301
chronos,m4,D3585,1.31083,318.677676,2.144394
chronos,m4,D3586,0.509732,17.704373,0.977696
chronos,m4,D3587,0.618921,149.121647,1.144668
chronos,m4,D3588,1.632514,376.821431,1.976733
chronos,m4,D3589,0.359298,86.207312,0.594002
chronos,m4,D359,0.934608,123.911487,1.478434
chronos,m4,D3590,0.470117,17.948556,0.808732
chronos,m4,D3591,1.262042,355.872146,1.974036
chronos,m4,D3592,1.378929,449.136133,2.348178
chronos,m4,D3593,0.294693,12.181756,0.514827
chronos,m4,D3594,0.429484,12.456775,0.639291
chronos,m4,D3595,3.866505,731.036507,5.024974
chronos,m4,D3596,0.723805,30.341773,1.19274
chronos,m4,D3597,0.108928,9.115695,0.804593
chronos,m4,D3598,0.403903,17.849139,0.672542
chronos,m4,D3599,1.491508,52.950755,3.922987
chronos,m4,D36,0.800407,101.054368,2.380101
chronos,m4,D360,0.641166,85.462843,1.005899
chronos,m4,D3600,0.437053,66.680313,0.845542
chronos,m4,D3601,0.440525,13.726952,0.78338
chronos,m4,D3602,0.782074,28.213549,1.950292
chronos,m4,D3603,1.319067,45.797933,3.7373
chronos,m4,D3604,0.56417,166.202783,2.611131
chronos,m4,D3605,1.107631,308.379674,1.166757
chronos,m4,D3606,0.718648,139.99587,1.032942
chronos,m4,D3607,0.800811,44.761262,1.419074
chronos,m4,D3608,0.379428,128.149853,1.154952
chronos,m4,D3609,2.334682,289.430151,4.533004
chronos,m4,D361,0.912327,114.275114,1.418375
chronos,m4,D3610,0.104221,78.473215,1.825327
chronos,m4,D3611,1.23183,22.653154,1.606806
chronos,m4,D3612,1.332934,253.766694,2.501233
chronos,m4,D3613,3.017086,665.626397,8.229163
chronos,m4,D3614,1.24087,46.729872,1.680557
chronos,m4,D3615,1.004946,33.196896,1.332383
chronos,m4,D3616,0.445796,15.589613,0.587624
chronos,m4,D3617,0.655404,37.898161,2.143768
chronos,m4,D3618,0.272962,13.895702,0.63359
chronos,m4,D3619,0.53402,27.763375,1.16926
chronos,m4,D362,0.733024,92.888863,1.160156
chronos,m4,D3620,0.278843,44.921829,11.933814
chronos,m4,D3621,0.118879,34.923348,10.735765
chronos,m4,D3622,0.977172,57.003951,2.723019
chronos,m4,D3623,0.359991,15.435738,0.594484
chronos,m4,D3624,0.941581,54.897407,2.693852
chronos,m4,D3625,0.528206,168.079972,1.509029
chronos,m4,D3626,0.887248,152.941982,2.725706
chronos,m4,D3627,0.764364,305.434015,2.64291
chronos,m4,D3628,2.451999,126.775739,3.696524
chronos,m4,D3629,1.623427,74.980984,5.327876
chronos,m4,D363,1.932176,231.845947,3.641584
chronos,m4,D3630,1.761048,112.802887,5.098394
chronos,m4,D3631,0.991181,19.151309,1.332965
chronos,m4,D3632,1.69135,202.761714,4.768277
chronos,m4,D3633,1.937381,227.648389,5.31713
chronos,m4,D3634,1.425399,221.045235,5.233676
chronos,m4,D3635,0.478987,36.619584,0.889946
chronos,m4,D3636,3.024072,278.981322,4.734176
chronos,m4,D3637,1.481761,353.86087,3.29639
chronos,m4,D3638,2.094139,448.923278,4.259053
chronos,m4,D3639,1.103883,153.639308,2.831264
chronos,m4,D364,1.544287,194.824059,2.920538
chronos,m4,D3640,1.213349,167.024857,2.460665
chronos,m4,D3641,8.148669,267.518194,16.914034
chronos,m4,D3642,0.975177,163.749815,2.658432
chronos,m4,D3643,1.080671,184.816991,1.741855
chronos,m4,D3644,1.08795,227.904457,2.045143
chronos,m4,D3645,1.139572,224.522366,2.317282
chronos,m4,D3646,2.98615,140.662002,6.192894
chronos,m4,D3647,3.144594,512.788852,5.941789
chronos,m4,D3648,0.584214,165.869366,1.550107
chronos,m4,D3649,0.646493,70.557483,2.297554
chronos,m4,D365,1.989624,237.945232,3.76721
chronos,m4,D3650,0.333845,37.908005,1.255377
chronos,m4,D3651,0.72512,41.480966,1.787337
chronos,m4,D3652,0.931288,27.42426,1.560372
chronos,m4,D3653,0.992936,30.196606,1.222799
chronos,m4,D3654,1.610964,63.945461,2.368855
chronos,m4,D3655,0.953879,87.159623,1.848122
chronos,m4,D3656,2.234257,58.333043,4.793003
chronos,m4,D3657,0.421523,65.458487,0.783098
chronos,m4,D3658,0.685598,127.610778,1.359949
chronos,m4,D3659,0.71517,126.615475,1.411161
chronos,m4,D366,0.783281,117.4294,1.472494
chronos,m4,D3660,0.742836,181.535841,1.842096
chronos,m4,D3661,0.469823,20.815338,1.637948
chronos,m4,D3662,0.403956,19.265976,1.767694
chronos,m4,D3663,0.445644,18.115669,1.864826
chronos,m4,D3664,1.758681,409.218424,5.012573
chronos,m4,D3665,1.530934,388.818302,4.409445
chronos,m4,D3666,0.526182,36.503416,1.64869
chronos,m4,D3667,0.51435,39.185919,1.670292
chronos,m4,D3668,0.530404,18.786624,0.890631
chronos,m4,D3669,0.721825,29.762717,1.232685
chronos,m4,D367,0.955596,131.976131,1.73553
chronos,m4,D3670,1.934258,358.600775,3.970687
chronos,m4,D3671,0.434732,114.445039,1.534306
chronos,m4,D3672,2.809117,325.656944,5.10899
chronos,m4,D3673,2.344592,278.858947,4.290961
chronos,m4,D3674,0.645978,73.979833,1.001656
chronos,m4,D3675,1.019465,108.201368,1.623537
chronos,m4,D3676,0.318192,178.36728,1.475266
chronos,m4,D3677,1.742875,219.160748,5.056084
chronos,m4,D3678,0.678649,36.962068,2.081971
chronos,m4,D3679,0.88752,51.984436,1.2374
chronos,m4,D368,0.853604,121.371359,1.569869
chronos,m4,D3680,2.390427,376.435399,8.337689
chronos,m4,D3681,2.099317,246.021761,3.649075
chronos,m4,D3682,0.491944,99.853658,1.501668
chronos,m4,D3683,0.545294,120.095624,1.724772
chronos,m4,D3684,0.544734,55.713371,2.06252
chronos,m4,D3685,1.328287,509.801646,3.949497
chronos,m4,D3686,1.37429,518.87378,3.982872
chronos,m4,D3687,0.616704,14.031657,0.933819
chronos,m4,D3688,1.781336,91.6469,7.000982
chronos,m4,D3689,0.325761,105.500643,1.578337
chronos,m4,D369,0.695289,101.482464,1.278336
chronos,m4,D3690,0.633886,33.545439,1.163252
chronos,m4,D3691,0.499093,33.071709,0.90666
chronos,m4,D3692,0.890818,263.496042,3.721064
chronos,m4,D3693,0.992347,308.46462,4.186775
chronos,m4,D3694,2.177677,97.836798,4.833185
chronos,m4,D3695,1.265404,52.451561,2.806829
chronos,m4,D3696,1.16504,112.768742,4.141544
chronos,m4,D3697,1.408909,38.082477,2.746022
chronos,m4,D3698,1.993133,50.916344,3.689168
chronos,m4,D3699,0.589324,16.277577,1.07392
chronos,m4,D37,1.757451,252.658529,9.948073
chronos,m4,D370,0.871082,118.774442,1.194496
chronos,m4,D3700,0.369286,46.325495,0.917965
chronos,m4,D3701,1.694693,76.401661,3.650924
chronos,m4,D3702,1.504635,73.263474,3.260232
chronos,m4,D3703,0.930711,35.88156,1.877641
chronos,m4,D3704,1.497716,91.900299,4.838546
chronos,m4,D3705,4.868234,990.023548,10.270747
chronos,m4,D3706,4.859512,956.392767,9.957594
chronos,m4,D3707,1.591956,283.459626,3.316043
chronos,m4,D3708,0.907378,64.036771,1.553963
chronos,m4,D3709,2.032315,347.437843,3.532997
chronos,m4,D371,0.537364,99.011215,1.019006
chronos,m4,D3710,0.684467,27.892415,1.698375
chronos,m4,D3711,0.626243,34.235156,1.851987
chronos,m4,D3712,0.79182,155.435879,2.311686
chronos,m4,D3713,0.783156,15.472415,1.102275
chronos,m4,D3714,0.803508,15.892579,1.120337
chronos,m4,D3715,2.382345,76.301862,4.083322
chronos,m4,D3716,0.59786,47.143245,1.061436
chronos,m4,D3717,0.252462,36.822921,1.237367
chronos,m4,D3718,0.498213,48.969246,1.710129
chronos,m4,D3719,0.499548,56.261097,1.87289
chronos,m4,D372,0.3734,66.722541,0.67924
chronos,m4,D3720,0.582405,87.533216,1.475075
chronos,m4,D3721,0.289835,39.613743,0.733708
chronos,m4,D3722,4.125907,737.825776,7.90924
chronos,m4,D3723,3.930025,702.299504,9.183888
chronos,m4,D3724,4.187368,765.372907,10.078332
chronos,m4,D3725,1.27277,53.418395,2.443953
chronos,m4,D3726,0.492814,21.059688,0.940318
chronos,m4,D3727,0.367167,15.802259,0.699329
chronos,m4,D3728,1.371143,79.000593,5.351967
chronos,m4,D3729,1.158017,68.847896,4.553624
chronos,m4,D373,1.207297,181.947988,2.257412
chronos,m4,D3730,0.374792,6.39593,1.063795
chronos,m4,D3731,0.560462,87.626518,1.215865
chronos,m4,D3732,1.176938,65.753108,3.901445
chronos,m4,D3733,0.518002,27.422282,1.74541
chronos,m4,D3734,2.86022,393.189383,4.465532
chronos,m4,D3735,1.65364,470.185651,4.532279
chronos,m4,D3736,0.329973,13.077178,0.671549
chronos,m4,D3737,1.595542,231.096681,2.819022
chronos,m4,D3738,0.724194,71.356824,1.315923
chronos,m4,D3739,0.662733,69.129521,1.217474
chronos,m4,D374,0.355557,69.148395,0.655906
chronos,m4,D3740,0.385344,106.862001,2.31558
chronos,m4,D3741,0.833642,24.338867,1.940479
chronos,m4,D3742,0.58974,181.452785,1.256728
chronos,m4,D3743,0.721716,216.680514,2.038881
chronos,m4,D3744,0.642618,20.564744,1.433775
chronos,m4,D3745,0.602162,133.0633,1.672043
chronos,m4,D3746,1.596066,391.791119,4.210567
chronos,m4,D3747,1.769412,289.49888,2.855566
chronos,m4,D3748,0.922262,257.616008,2.491675
chronos,m4,D3749,1.096817,289.707638,3.066966
chronos,m4,D375,0.996562,159.359883,1.898461
chronos,m4,D3750,1.143565,593.354158,5.985293
chronos,m4,D3751,2.681835,658.025384,8.781492
chronos,m4,D3752,2.749977,677.626372,9.376364
chronos,m4,D3753,0.863087,199.754273,1.768454
chronos,m4,D3754,1.759516,692.481159,5.682041
chronos,m4,D3755,0.703222,25.9758,2.408034
chronos,m4,D3756,0.589742,21.595447,2.072419
chronos,m4,D3757,1.280826,208.862975,2.525259
chronos,m4,D3758,1.619536,332.796743,3.16107
chronos,m4,D3759,0.529167,18.3085,1.655725
chronos,m4,D376,1.429646,223.681004,2.608483
chronos,m4,D3760,1.427151,304.555593,3.275717
chronos,m4,D3761,0.500919,19.945512,1.733481
chronos,m4,D3762,0.871106,23.841204,1.758919
chronos,m4,D3763,0.474,71.08479,0.905245
chronos,m4,D3764,2.423046,410.013757,4.823914
chronos,m4,D3765,3.539488,552.699709,6.752467
chronos,m4,D3766,2.698089,423.134047,5.314727
chronos,m4,D3767,1.644159,355.227909,3.495106
chronos,m4,D3768,0.991599,183.785498,2.546572
chronos,m4,D3769,2.544566,62.48292,4.393691
chronos,m4,D377,1.223579,191.684178,2.288771
chronos,m4,D3770,1.108122,25.52244,1.453049
chronos,m4,D3771,0.628797,102.188202,1.625556
chronos,m4,D3772,0.868297,35.61335,1.607668
chronos,m4,D3773,1.014289,162.181232,1.396065
chronos,m4,D3774,4.311886,933.432911,13.961395
chronos,m4,D3775,0.527017,90.708006,0.917369
chronos,m4,D3776,0.367166,69.62312,0.629163
chronos,m4,D3777,0.688936,36.400117,1.856456
chronos,m4,D3778,0.22041,13.771281,1.521598
chronos,m4,D3779,0.663828,223.433453,3.60071
chronos,m4,D378,0.994702,159.376759,1.863714
chronos,m4,D3780,0.929604,322.688499,5.513759
chronos,m4,D3781,0.967526,40.69303,3.782401
chronos,m4,D3782,1.726351,277.811157,3.878515
chronos,m4,D3783,0.700186,92.872681,0.966469
chronos,m4,D3784,1.137521,43.472556,2.211875
chronos,m4,D3785,3.104993,74.707003,4.340114
chronos,m4,D3786,1.538314,245.814208,3.079863
chronos,m4,D3787,0.92052,21.893108,1.675037
chronos,m4,D3788,0.898514,127.176216,1.447709
chronos,m4,D3789,0.747998,133.979403,2.271589
chronos,m4,D379,2.032216,287.259791,3.723014
chronos,m4,D3790,0.313041,17.412651,0.898698
chronos,m4,D3791,0.418763,22.528993,1.160476
chronos,m4,D3792,1.737191,242.530008,3.33638
chronos,m4,D3793,0.649861,118.002243,1.93404
chronos,m4,D3794,0.823588,139.490269,2.370055
chronos,m4,D3795,0.698501,130.40883,2.123705
chronos,m4,D3796,0.479101,31.387517,1.663326
chronos,m4,D3797,0.449666,27.83118,1.581543
chronos,m4,D3798,1.338693,202.565807,2.186658
chronos,m4,D3799,1.639416,250.414492,2.591087
chronos,m4,D38,1.037472,116.886016,4.645935
chronos,m4,D380,0.56407,97.560984,1.101406
chronos,m4,D3800,1.31726,63.320912,3.135414
chronos,m4,D3801,0.930451,131.293944,1.859116
chronos,m4,D3802,1.02216,156.114523,2.109952
chronos,m4,D3803,3.971737,578.155337,8.6192
chronos,m4,D3804,0.846382,107.350291,1.391885
chronos,m4,D3805,0.637173,82.349525,1.018321
chronos,m4,D3806,1.109929,170.840289,2.838104
chronos,m4,D3807,1.49864,291.133708,3.302535
chronos,m4,D3808,0.316175,7.031848,0.493878
chronos,m4,D3809,0.488205,11.517567,0.78223
chronos,m4,D381,0.978194,179.916517,2.372409
chronos,m4,D3810,1.786803,214.233782,3.018897
chronos,m4,D3811,2.251684,294.820377,3.959479
chronos,m4,D3812,0.841919,24.366724,2.058111
chronos,m4,D3813,1.611285,519.264173,4.876386
chronos,m4,D3814,0.980063,39.775717,3.107859
chronos,m4,D3815,0.944601,40.637656,2.318211
chronos,m4,D3816,1.00596,44.423083,2.682521
chronos,m4,D3817,1.104826,399.803233,3.021681
chronos,m4,D3818,0.90487,146.261732,1.827582
chronos,m4,D3819,5.271889,635.75639,6.94717
chronos,m4,D382,0.317298,59.884216,0.783624
chronos,m4,D3820,1.756667,521.795308,5.607627
chronos,m4,D3821,2.02971,603.220653,6.512131
chronos,m4,D3822,0.788454,119.258815,2.707892
chronos,m4,D3823,0.658131,99.905097,2.242127
chronos,m4,D3824,1.076506,399.902527,3.839559
chronos,m4,D3825,1.251445,433.993934,4.375844
chronos,m4,D3826,1.187774,163.838401,3.007441
chronos,m4,D3827,1.152203,42.938695,4.169168
chronos,m4,D3828,1.123868,168.094735,3.080532
chronos,m4,D3829,1.074697,161.321726,1.697512
chronos,m4,D383,0.782822,146.446923,1.925626
chronos,m4,D3830,1.241877,181.262553,3.016667
chronos,m4,D3831,2.340714,288.849793,5.126514
chronos,m4,D3832,2.172119,263.067393,4.782269
chronos,m4,D3833,1.121001,48.798679,3.478481
chronos,m4,D3834,1.26052,54.659973,3.914468
chronos,m4,D3835,1.606228,283.775439,5.02918
chronos,m4,D3836,1.315451,50.571466,4.143158
chronos,m4,D3837,1.169096,48.168117,3.588979
chronos,m4,D3838,0.640491,86.477595,1.351267
chronos,m4,D3839,0.899303,144.193568,2.71885
chronos,m4,D384,1.055506,199.069133,2.756064
chronos,m4,D3840,0.341067,17.454001,1.432421
chronos,m4,D3841,1.218476,152.863974,2.019286
chronos,m4,D3842,1.714665,80.330853,5.460572
chronos,m4,D3843,2.127436,102.593445,7.352575
chronos,m4,D3844,1.121171,48.784095,3.541567
chronos,m4,D3845,0.643826,39.428501,1.971896
chronos,m4,D3846,0.868311,160.79869,1.525221
chronos,m4,D3847,3.206313,275.713421,5.47486
chronos,m4,D3848,2.636351,434.114814,4.608744
chronos,m4,D3849,0.601016,92.788533,1.299313
chronos,m4,D385,0.9006,170.734208,2.254656
chronos,m4,D3850,1.162008,64.739249,1.894536
chronos,m4,D3851,1.490793,198.137273,2.169002
chronos,m4,D3852,0.86734,136.734767,1.662157
chronos,m4,D3853,1.242538,198.423218,2.357198
chronos,m4,D3854,0.994769,46.1774,1.98989
chronos,m4,D3855,2.098006,78.088495,3.422065
chronos,m4,D3856,0.396777,38.106372,0.715809
chronos,m4,D3857,2.48267,263.915307,5.051891
chronos,m4,D3858,2.770709,296.121386,5.7669
chronos,m4,D3859,0.898578,28.761724,1.404776
chronos,m4,D386,1.013109,180.999401,2.62617
chronos,m4,D3860,0.58672,18.854485,0.899757
chronos,m4,D3861,3.566001,378.370974,6.845412
chronos,m4,D3862,1.153026,53.105389,2.952534
chronos,m4,D3863,0.368403,16.290475,1.19228
chronos,m4,D3864,0.561008,19.006683,1.17311
chronos,m4,D3865,1.109662,117.934482,2.348236
chronos,m4,D3866,1.042094,111.73825,2.238867
chronos,m4,D3867,0.572484,32.534884,1.371467
chronos,m4,D3868,0.296289,15.837649,0.718787
chronos,m4,D3869,0.61474,29.582234,1.475593
chronos,m4,D387,0.94822,172.906123,2.423645
chronos,m4,D3870,0.514226,17.519361,0.827532
chronos,m4,D3871,0.345434,12.073842,0.571915
chronos,m4,D3872,0.351621,40.017535,0.862597
chronos,m4,D3873,1.413558,207.511144,3.95157
chronos,m4,D3874,1.733757,56.134191,3.725861
chronos,m4,D3875,1.150461,39.775139,2.45014
chronos,m4,D3876,1.077748,95.108732,2.31729
chronos,m4,D3877,1.319356,226.747149,3.451855
chronos,m4,D3878,2.311536,394.089893,6.261992
chronos,m4,D3879,0.642805,84.873688,1.784926
chronos,m4,D388,3.73298,527.745559,5.590324
chronos,m4,D3880,0.34885,48.523057,0.974881
chronos,m4,D3881,4.892524,615.819627,10.86662
chronos,m4,D3882,1.800928,81.506,3.574905
chronos,m4,D3883,0.525472,18.640546,0.903533
chronos,m4,D3884,2.061033,295.26409,4.277663
chronos,m4,D3885,0.564844,29.960292,1.340063
chronos,m4,D3886,1.272948,36.639426,2.534483
chronos,m4,D3887,1.684148,247.884818,7.66922
chronos,m4,D3888,1.506535,140.614576,3.917135
chronos,m4,D3889,1.46689,134.633661,3.728794
chronos,m4,D389,0.212248,51.457065,0.531339
chronos,m4,D3890,1.411164,135.724596,3.830095
chronos,m4,D3891,5.384949,661.064506,9.337282
chronos,m4,D3892,0.521358,11.023623,0.856734
chronos,m4,D3893,1.082305,59.877169,3.497001
chronos,m4,D3894,1.006358,58.443238,3.214803
chronos,m4,D3895,1.053926,58.725126,1.992694
chronos,m4,D3896,0.64341,30.899149,1.060044
chronos,m4,D3897,0.372425,23.962551,0.979773
chronos,m4,D3898,1.059845,33.31817,1.588942
chronos,m4,D3899,2.822524,200.325994,4.071813
chronos,m4,D39,4.39402,529.51682,16.87726
chronos,m4,D390,0.810049,107.811599,1.309536
chronos,m4,D3900,3.808577,268.578579,5.306245
chronos,m4,D3901,1.576621,139.648275,3.202705
chronos,m4,D3902,1.200965,105.469708,2.490395
chronos,m4,D3903,0.749007,65.478382,1.087701
chronos,m4,D3904,0.804704,75.224836,1.408771
chronos,m4,D3905,1.734663,167.349297,3.083172
chronos,m4,D3906,2.619871,271.41841,4.920692
chronos,m4,D3907,0.931009,22.606686,1.66069
chronos,m4,D3908,0.767137,70.300214,1.344279
chronos,m4,D3909,1.3083,79.621903,3.7684
chronos,m4,D391,0.574486,80.490677,1.951379
chronos,m4,D3910,1.34381,81.59679,3.907046
chronos,m4,D3911,1.920228,194.037599,3.398609
chronos,m4,D3912,1.819736,97.121189,4.99422
chronos,m4,D3913,2.649774,133.573182,7.187111
chronos,m4,D3914,2.190664,66.772271,3.415728
chronos,m4,D3915,1.104021,98.933596,1.828009
chronos,m4,D3916,1.606592,163.804285,2.51675
chronos,m4,D3917,0.682981,46.166222,0.991717
chronos,m4,D3918,2.695859,234.697004,13.027746
chronos,m4,D3919,2.239649,163.340644,3.177944
chronos,m4,D392,0.71543,103.823101,2.462763
chronos,m4,D3920,1.832022,188.401531,2.754181
chronos,m4,D3921,0.957992,74.504054,1.377965
chronos,m4,D3922,0.824593,62.217159,3.221825
chronos,m4,D3923,0.951773,71.794945,3.733906
chronos,m4,D3924,3.610345,252.369884,5.706862
chronos,m4,D3925,3.054373,208.838697,4.787545
chronos,m4,D3926,1.266516,84.291148,1.877727
chronos,m4,D3927,0.713384,59.740753,2.329564
chronos,m4,D3928,2.216456,160.242315,3.759532
chronos,m4,D3929,1.104063,88.479084,1.851667
chronos,m4,D393,0.407099,70.339793,0.699597
chronos,m4,D3930,0.45629,37.56852,0.825294
chronos,m4,D3931,1.214252,85.156984,3.01026
chronos,m4,D3932,1.423433,147.030436,2.59413
chronos,m4,D3933,0.694059,66.620126,1.572896
chronos,m4,D3934,1.742371,131.433384,2.282253
chronos,m4,D3935,1.668524,129.767927,2.315564
chronos,m4,D3936,0.362173,12.119283,0.632495
chronos,m4,D3937,3.243722,300.603547,5.208926
chronos,m4,D3938,3.700676,350.450837,5.921052
chronos,m4,D3939,1.881039,190.58477,2.997356
chronos,m4,D394,0.472995,80.257992,0.789132
chronos,m4,D3940,1.680704,109.490889,3.200407
chronos,m4,D3941,0.814808,80.593835,1.439714
chronos,m4,D3942,0.780518,92.892264,1.776565
chronos,m4,D3943,0.808463,106.130121,1.869044
chronos,m4,D3944,1.106486,66.699368,2.468501
chronos,m4,D3945,0.420824,26.332861,0.868416
chronos,m4,D3946,1.851514,237.001525,4.015019
chronos,m4,D3947,1.294221,149.270982,2.961034
chronos,m4,D3948,0.865619,104.594259,1.961801
chronos,m4,D3949,1.069609,39.227722,1.462225
chronos,m4,D395,0.38376,61.16209,0.639779
chronos,m4,D3950,1.461781,51.529348,1.943524
chronos,m4,D3951,1.081659,151.146045,2.070237
chronos,m4,D3952,1.071687,126.981363,4.373722
chronos,m4,D3953,1.489497,65.761707,2.480548
chronos,m4,D3954,2.185839,222.951552,4.321067
chronos,m4,D3955,1.178727,124.526956,2.403861
chronos,m4,D3956,0.498142,70.059747,1.007601
chronos,m4,D3957,0.471921,26.721783,0.660387
chronos,m4,D3958,0.801488,45.886459,1.166561
chronos,m4,D3959,0.851882,49.331758,1.245339
chronos,m4,D396,0.71017,128.602016,1.456979
chronos,m4,D3960,1.506985,138.22442,2.963588
chronos,m4,D3961,2.801172,193.680371,5.342008
chronos,m4,D3962,0.688694,84.14555,1.518401
chronos,m4,D3963,2.516437,324.101342,5.57611
chronos,m4,D3964,2.997535,374.709596,6.700643
chronos,m4,D3965,0.918516,61.284541,1.902971
chronos,m4,D3966,1.215806,65.71946,2.249679
chronos,m4,D3967,2.639269,322.67028,3.720865
chronos,m4,D3968,2.211825,258.373367,3.204236
chronos,m4,D3969,1.233214,136.368677,2.867954
chronos,m4,D397,0.739522,130.687881,1.455112
chronos,m4,D3970,1.15882,226.358003,3.971979
chronos,m4,D3971,1.062699,211.108116,3.690292
chronos,m4,D3972,0.831488,181.609062,2.962639
chronos,m4,D3973,0.882172,142.36244,3.21126
chronos,m4,D3974,1.217201,198.81305,4.279181
chronos,m4,D3975,0.543284,82.496751,1.667585
chronos,m4,D3976,1.649018,235.768251,4.079173
chronos,m4,D3977,2.214496,300.222535,5.438059
chronos,m4,D3978,0.581089,63.493785,1.136259
chronos,m4,D3979,1.025569,121.50958,2.14864
chronos,m4,D398,0.754203,128.386699,1.505848
chronos,m4,D3980,2.025593,71.445315,3.097997
chronos,m4,D3981,3.749218,380.720965,7.992081
chronos,m4,D3982,0.550461,20.75009,0.855824
chronos,m4,D3983,0.572107,22.320882,0.880611
chronos,m4,D3984,0.861292,101.307478,1.579212
chronos,m4,D3985,1.740149,168.89096,3.531666
chronos,m4,D3986,0.748439,26.515262,1.275068
chronos,m4,D3987,0.458131,60.360623,0.888994
chronos,m4,D3988,1.156132,167.974387,2.434003
chronos,m4,D3989,0.545317,20.927526,1.016272
chronos,m4,D399,0.873073,153.439581,1.73744
chronos,m4,D3990,0.820976,28.894124,1.53057
chronos,m4,D3991,3.375072,334.249416,6.153767
chronos,m4,D3992,0.659183,78.190844,1.49558
chronos,m4,D3993,4.095883,428.569186,8.450148
chronos,m4,D3994,0.982014,44.521653,2.37255
chronos,m4,D3995,0.602073,76.047551,1.36825
chronos,m4,D3996,0.810457,129.360559,1.865223
chronos,m4,D3997,1.080101,173.80219,2.71799
chronos,m4,D3998,2.710411,485.894311,6.898985
chronos,m4,D3999,0.549074,100.619017,1.736859
chronos,m4,D4,0.812339,149.355386,10.812363
chronos,m4,D40,1.800947,178.945773,4.344514
chronos,m4,D400,1.425183,221.402093,2.722578
chronos,m4,D4000,0.748877,155.237639,2.591467
chronos,m4,D4001,0.962192,137.210669,2.36956
chronos,m4,D4002,0.447975,72.087935,1.272137
chronos,m4,D4003,0.467412,131.667498,2.558612
chronos,m4,D4004,0.356626,84.710015,1.870584
chronos,m4,D4005,0.506001,143.715995,2.80593
chronos,m4,D4006,2.188954,232.948769,4.194931
chronos,m4,D4007,1.103519,126.602852,2.517388
chronos,m4,D4008,1.183467,172.974241,3.279747
chronos,m4,D4009,1.0732,164.200371,2.931756
chronos,m4,D401,1.324442,204.972188,2.588798
chronos,m4,D4010,2.305468,520.261893,6.551771
chronos,m4,D4011,1.490729,320.222603,4.140806
chronos,m4,D4012,1.242332,149.781266,2.938657
chronos,m4,D4013,2.157929,537.530697,12.421462
chronos,m4,D4014,1.542245,226.882128,2.936743
chronos,m4,D4015,2.934649,393.981123,9.251038
chronos,m4,D4016,1.602973,396.18572,6.133766
chronos,m4,D4017,0.82348,160.041163,2.790259
chronos,m4,D4018,2.278184,411.364669,8.080999
chronos,m4,D4019,1.881615,344.264411,6.562218
chronos,m4,D402,1.399334,215.032056,2.720423
chronos,m4,D4020,1.724955,308.757692,5.92158
chronos,m4,D4021,1.707143,315.409927,5.974073
chronos,m4,D4022,0.985735,204.003169,3.729443
chronos,m4,D4023,0.41106,31.568287,1.040475
chronos,m4,D4024,0.298382,21.67955,0.745992
chronos,m4,D4025,0.425819,30.007549,1.064409
chronos,m4,D4026,0.719621,45.026324,1.442101
chronos,m4,D4027,0.868233,56.306105,2.144821
chronos,m4,D4028,0.494794,140.282896,3.153164
chronos,m4,D4029,0.806477,241.438309,7.373138
chronos,m4,D403,1.011306,27.650418,1.345832
chronos,m4,D4030,0.311022,85.250959,2.033285
chronos,m4,D4031,1.409838,375.36347,7.358203
chronos,m4,D4032,1.73259,446.631227,8.699249
chronos,m4,D4033,1.16317,194.055565,2.358997
chronos,m4,D4034,3.676295,387.338878,7.63999
chronos,m4,D4035,1.46209,149.099399,2.884075
chronos,m4,D4036,0.330943,22.016066,0.783023
chronos,m4,D4037,0.410273,27.63619,0.986551
chronos,m4,D4038,0.481119,29.284862,0.79029
chronos,m4,D4039,0.52453,29.8653,0.845892
chronos,m4,D404,0.685868,13.122046,1.127262
chronos,m4,D4040,0.402615,23.472785,0.653817
chronos,m4,D4041,1.522338,63.923479,2.760153
chronos,m4,D4042,0.389135,26.114992,0.862851
chronos,m4,D4043,0.488673,96.094929,1.253774
chronos,m4,D4044,1.089965,282.121109,5.519866
chronos,m4,D4045,0.673556,13.060591,0.927186
chronos,m4,D4046,0.478421,9.844972,0.672156
chronos,m4,D4047,0.375896,181.320234,8.160096
chronos,m4,D4048,0.899504,220.295088,5.086136
chronos,m4,D4049,0.912581,211.685987,4.943651
chronos,m4,D405,0.626055,13.047774,1.023127
chronos,m4,D4050,0.560511,74.686107,1.043784
chronos,m4,D4051,2.581619,75.786678,3.464227
chronos,m4,D4052,1.115155,47.620132,1.770443
chronos,m4,D4053,1.182009,42.96766,1.849922
chronos,m4,D4054,1.387497,52.386964,2.199381
chronos,m4,D4055,1.56059,51.266063,2.180624
chronos,m4,D4056,1.067033,54.463833,1.765642
chronos,m4,D4057,0.957873,45.204371,1.567663
chronos,m4,D4058,0.909944,58.518875,1.539538
chronos,m4,D4059,2.344947,120.751868,4.987423
chronos,m4,D406,0.453217,10.064494,0.75786
chronos,m4,D4060,1.351478,46.159262,2.40744
chronos,m4,D4061,0.956325,35.792575,1.736681
chronos,m4,D4062,2.231489,75.384033,3.965178
chronos,m4,D4063,1.847815,73.419908,4.024311
chronos,m4,D4064,1.548302,53.499911,3.545744
chronos,m4,D4065,0.996653,39.329672,2.363406
chronos,m4,D4066,0.641426,26.686878,1.412226
chronos,m4,D4067,0.868797,34.302002,1.940237
chronos,m4,D4068,0.571012,20.651705,1.209636
chronos,m4,D4069,0.541563,20.40157,1.189647
chronos,m4,D407,0.411317,9.354909,0.6783
chronos,m4,D4070,1.979443,96.326846,3.894981
chronos,m4,D4071,1.773927,92.414001,3.623641
chronos,m4,D4072,1.254947,59.614759,2.302152
chronos,m4,D4073,1.336369,54.548777,2.449003
chronos,m4,D4074,0.857548,161.997161,3.0367
chronos,m4,D4075,1.329453,318.389379,2.720379
chronos,m4,D4076,0.643785,41.226166,1.449897
chronos,m4,D4077,1.06455,65.343959,2.37205
chronos,m4,D4078,2.142256,135.21052,4.709068
chronos,m4,D4079,1.615069,97.250909,3.379369
chronos,m4,D408,1.076572,162.363735,1.320849
chronos,m4,D4080,1.041238,66.331782,2.440881
chronos,m4,D4081,0.957906,59.844119,2.208231
chronos,m4,D4082,1.283646,102.414498,3.518533
chronos,m4,D4083,0.506276,37.186361,1.351218
chronos,m4,D4084,0.448229,38.613964,1.256023
chronos,m4,D4085,0.691975,47.938608,1.76387
chronos,m4,D4086,0.94991,62.120805,2.404217
chronos,m4,D4087,2.599568,331.456339,4.78175
chronos,m4,D4088,0.803912,93.023135,1.716369
chronos,m4,D4089,0.867843,76.670511,1.259021
chronos,m4,D409,2.132248,350.928645,4.662416
chronos,m4,D4090,2.339727,283.463057,3.810364
chronos,m4,D4091,1.111519,121.085701,1.73657
chronos,m4,D4092,0.919046,16.026727,1.588228
chronos,m4,D4093,2.600024,327.566346,3.984528
chronos,m4,D4094,2.198834,310.377668,3.325545
chronos,m4,D4095,3.240971,441.349157,5.056358
chronos,m4,D4096,3.441736,494.800117,5.867507
chronos,m4,D4097,0.76708,113.144413,1.200427
chronos,m4,D4098,1.55325,478.238663,10.864828
chronos,m4,D4099,10.95232,40.709671,3.268987
chronos,m4,D41,1.618695,496.64501,7.15153
chronos,m4,D410,2.10599,346.919603,4.627739
chronos,m4,D4100,1.185707,144.933653,1.635188
chronos,m4,D4101,2.053133,261.703897,2.970232
chronos,m4,D4102,1.684953,210.083865,2.383737
chronos,m4,D4103,2.555084,347.051498,4.470065
chronos,m4,D4104,1.539183,231.828963,2.733938
chronos,m4,D4105,1.355502,246.094994,2.850037
chronos,m4,D4106,1.115839,196.214617,2.03281
chronos,m4,D4107,2.213191,312.17403,3.914583
chronos,m4,D4108,3.116809,395.889564,4.993069
chronos,m4,D4109,2.978271,381.085764,4.846805
chronos,m4,D411,2.168386,353.565853,4.799249
chronos,m4,D4110,3.019803,380.51002,4.926898
chronos,m4,D4111,0.549829,42.421261,1.237945
chronos,m4,D4112,0.752228,97.809365,1.775319
chronos,m4,D4113,0.621107,75.524779,1.470167
chronos,m4,D4114,4.081085,484.695007,7.522659
chronos,m4,D4115,1.858156,192.701285,2.90264
chronos,m4,D4116,1.556805,198.155291,3.501753
chronos,m4,D4117,1.823666,223.106599,3.937969
chronos,m4,D4118,0.651178,88.220424,1.388463
chronos,m4,D4119,1.265973,153.953105,2.787825
chronos,m4,D412,1.209949,166.745239,2.035172
chronos,m4,D4120,1.83162,217.100018,3.538626
chronos,m4,D4121,1.87397,135.35967,2.662407
chronos,m4,D4122,1.816745,130.737646,2.55893
chronos,m4,D4123,1.839788,191.061744,2.967597
chronos,m4,D4124,1.028476,170.700802,3.992506
chronos,m4,D4125,0.810228,163.596982,3.187348
chronos,m4,D4126,1.040017,185.586097,4.134329
chronos,m4,D4127,0.944825,154.315639,1.411155
chronos,m4,D4128,2.141318,244.23547,3.301335
chronos,m4,D4129,2.670403,411.341574,3.422805
chronos,m4,D413,1.262242,173.846062,2.146479
chronos,m4,D4130,0.526494,78.680391,1.188579
chronos,m4,D4131,0.529904,25.676136,0.788884
chronos,m4,D4132,1.75871,77.862343,2.996086
chronos,m4,D4133,0.703783,24.305122,1.037899
chronos,m4,D4134,0.60336,159.661587,2.393366
chronos,m4,D4135,0.919894,106.134984,1.610252
chronos,m4,D4136,0.832449,118.852616,1.502101
chronos,m4,D4137,1.41432,47.423147,1.84023
chronos,m4,D4138,0.564782,19.609723,0.786959
chronos,m4,D4139,1.009231,214.249216,2.694762
chronos,m4,D414,1.623834,231.026869,2.782845
chronos,m4,D4140,0.886854,74.554435,1.732646
chronos,m4,D4141,2.870351,164.041136,5.151757
chronos,m4,D4142,7.178854,981.428009,24.614244
chronos,m4,D4143,1.633679,210.768469,3.351244
chronos,m4,D4144,3.9535,304.449413,6.316701
chronos,m4,D4145,1.334393,144.684321,2.362793
chronos,m4,D4146,0.418282,57.979284,0.786494
chronos,m4,D4147,0.75963,128.848044,1.905549
chronos,m4,D4148,1.115817,168.138301,3.776074
chronos,m4,D4149,1.588406,220.332153,3.239045
chronos,m4,D415,2.080801,347.225195,4.63126
chronos,m4,D4150,0.936809,159.530965,2.693933
chronos,m4,D4151,3.277786,317.087786,6.66757
chronos,m4,D4152,2.895752,294.656156,5.937623
chronos,m4,D4153,3.03595,301.721726,5.679402
chronos,m4,D4154,2.735539,266.090401,5.041022
chronos,m4,D4155,1.194601,219.038997,2.264539
chronos,m4,D4156,1.277779,91.126902,1.941659
chronos,m4,D4157,0.904363,68.005963,1.366651
chronos,m4,D4158,0.417644,75.497303,0.888803
chronos,m4,D4159,0.717934,18.87747,0.824808
chronos,m4,D416,1.681023,245.764726,2.3879
chronos,m4,D4160,0.33039,13.282702,1.008948
chronos,m4,D4161,0.562046,110.097019,2.198003
chronos,m4,D4162,1.070418,46.330794,4.257027
chronos,m4,D4163,1.273307,87.561162,2.578442
chronos,m4,D4164,6.693347,789.848443,13.161168
chronos,m4,D4165,4.146535,565.798054,9.285481
chronos,m4,D4166,6.076234,778.238676,12.961168
chronos,m4,D4167,0.527968,74.44383,1.070609
chronos,m4,D4168,0.913447,267.92319,2.214043
chronos,m4,D4169,1.867372,63.054333,4.065839
chronos,m4,D417,1.611476,227.75783,2.289608
chronos,m4,D4170,1.356282,47.831162,2.881001
chronos,m4,D4171,2.590134,415.529576,8.215592
chronos,m4,D4172,0.382013,42.988213,0.907461
chronos,m4,D4173,0.270448,32.178791,0.638136
chronos,m4,D4174,0.508885,59.879273,1.222273
chronos,m4,D4175,2.414613,120.914093,4.914504
chronos,m4,D4176,1.953246,100.944824,3.987582
chronos,m4,D4177,0.710988,84.05817,1.338225
chronos,m4,D4178,1.57808,193.099472,3.299967
chronos,m4,D4179,0.579731,85.305526,1.572401
chronos,m4,D418,1.448326,205.408378,2.044876
chronos,m4,D4180,0.678713,48.571473,2.083869
chronos,m4,D4181,0.556821,39.129608,1.72281
chronos,m4,D4182,0.774501,56.393324,2.409657
chronos,m4,D4183,0.553554,60.90911,1.021406
chronos,m4,D4184,0.407453,74.959582,1.105164
chronos,m4,D4185,0.821032,146.20637,1.689778
chronos,m4,D4186,1.098438,188.577622,2.242561
chronos,m4,D4187,0.767278,31.738138,1.597246
chronos,m4,D4188,0.761558,36.562465,1.57886
chronos,m4,D4189,0.873797,38.916723,1.838403
chronos,m4,D419,1.337862,37.051855,2.639165
chronos,m4,D4190,1.244758,55.332345,1.72824
chronos,m4,D4191,1.31531,54.47645,2.05878
chronos,m4,D4192,0.866719,26.270214,1.774886
chronos,m4,D4193,2.983572,79.274928,6.64942
chronos,m4,D4194,0.689774,122.450923,2.191989
chronos,m4,D4195,1.712741,262.541321,5.33528
chronos,m4,D4196,1.006581,192.522523,2.095488
chronos,m4,D4197,1.434057,89.365556,3.802309
chronos,m4,D4198,0.573422,178.928921,1.235814
chronos,m4,D4199,1.217066,139.175628,2.202516
chronos,m4,D42,1.446345,505.812048,6.698394
chronos,m4,D420,0.598861,57.629152,1.00413
chronos,m4,D4200,1.678345,286.252047,4.371763
chronos,m4,D4201,0.878922,146.938012,2.308052
chronos,m4,D4202,0.944237,38.741605,1.807239
chronos,m4,D4203,1.037555,165.404187,1.798217
chronos,m4,D4204,4.177185,715.430334,9.20085
chronos,m4,D4205,0.639699,36.682297,1.819658
chronos,m4,D4206,0.549654,91.041146,0.919144
chronos,m4,D4207,1.163333,124.901512,3.870133
chronos,m4,D4208,0.99507,121.190602,2.571864
chronos,m4,D4209,0.655897,87.156564,2.328337
chronos,m4,D421,1.677075,26.57567,1.349396
chronos,m4,D4210,0.721368,115.230192,2.994089
chronos,m4,D4211,0.690186,66.524439,1.674715
chronos,m4,D4212,0.190015,35.04684,1.098738
chronos,m4,D4213,0.572217,91.368005,3.768702
chronos,m4,D4214,0.143451,23.438855,0.887436
chronos,m4,D4215,0.693642,117.94619,4.635664
chronos,m4,D4216,0.905185,143.811366,1.69234
chronos,m4,D4217,0.388943,26.045423,0.701715
chronos,m4,D4218,0.251664,18.349614,0.506818
chronos,m4,D4219,1.301011,128.328299,2.26295
chronos,m4,D422,0.979732,34.055658,2.278554
chronos,m4,D4220,0.785231,74.258003,1.542129
chronos,m4,D4221,0.420579,16.460859,0.755082
chronos,m4,D4222,0.038,33.789081,1.232741
chronos,m4,D4223,4.619539,401.360985,11.584846
chronos,m4,D4224,1.272522,152.976018,4.149848
chronos,m4,D4225,0.050038,92.791264,1.759372
chronos,m4,D4226,0.479197,20.635725,1.24686
chronos,m4,D4227,1.048667,363.983409,2.225725
chronos,m4,D423,0.279679,81.873712,1.432178
chronos,m4,D424,2.797449,48.965469,3.067335
chronos,m4,D425,0.845431,29.348402,1.641273
chronos,m4,D426,1.562658,60.621525,4.775374
chronos,m4,D427,1.406502,136.414873,2.909853
chronos,m4,D428,0.370603,9.434618,0.50312
chronos,m4,D429,0.48772,21.784836,1.165525
chronos,m4,D43,0.848588,19.238951,1.400751
chronos,m4,D430,1.941905,49.895655,4.518229
chronos,m4,D431,1.212437,24.949346,1.33345
chronos,m4,D432,0.777938,24.162224,1.230129
chronos,m4,D433,0.583697,73.940719,1.438686
chronos,m4,D434,1.013385,17.147301,0.90135
chronos,m4,D435,0.667515,17.919885,0.912659
chronos,m4,D436,1.011812,25.198677,1.848862
chronos,m4,D437,1.716922,159.609123,2.976425
chronos,m4,D438,2.112881,41.876799,2.378751
chronos,m4,D439,2.295096,54.163287,2.894207
chronos,m4,D44,1.187442,162.740627,1.289466
chronos,m4,D440,0.90706,25.688434,1.911557
chronos,m4,D441,1.235781,117.726133,2.236351
chronos,m4,D442,1.203291,36.324823,2.360563
chronos,m4,D443,0.502164,55.833206,0.90435
chronos,m4,D444,0.744954,103.777505,1.679714
chronos,m4,D445,0.580333,67.458639,1.065825
chronos,m4,D446,0.599217,211.684298,2.037928
chronos,m4,D447,0.970541,408.14062,6.270292
chronos,m4,D448,1.991182,881.736355,9.994268
chronos,m4,D449,5.032,1685.547982,13.689903
chronos,m4,D45,1.827375,32.825198,2.781246
chronos,m4,D450,0.127494,11.41604,1.787608
chronos,m4,D451,0.181102,15.402613,2.606766
chronos,m4,D452,0.606256,83.316553,1.299158
chronos,m4,D453,0.606136,23.291574,1.837609
chronos,m4,D454,2.350041,89.589077,3.197762
chronos,m4,D455,0.823634,19.090997,1.038449
chronos,m4,D456,0.638085,27.667648,0.664053
chronos,m4,D457,5.231983,129.134665,11.56331
chronos,m4,D458,0.196274,43.724926,1.205928
chronos,m4,D459,1.482112,252.901414,2.111455
chronos,m4,D46,2.561642,505.532671,4.435852
chronos,m4,D460,1.931836,305.526147,2.964657
chronos,m4,D461,1.517803,282.387505,2.357713
chronos,m4,D462,0.47324,127.421909,0.746914
chronos,m4,D463,1.026813,214.305792,2.197346
chronos,m4,D464,0.951232,188.926656,2.195137
chronos,m4,D465,0.618676,107.534687,0.688208
chronos,m4,D466,1.091933,205.633938,3.22695
chronos,m4,D467,0.937779,206.619773,2.032013
chronos,m4,D468,1.036234,187.546765,1.399017
chronos,m4,D469,1.519471,277.522409,2.366283
chronos,m4,D47,1.823584,37.17944,3.318312
chronos,m4,D470,0.873646,192.370248,1.487886
chronos,m4,D471,0.643209,171.218097,1.630531
chronos,m4,D472,0.502308,115.951659,1.181342
chronos,m4,D473,0.710815,106.450436,1.759555
chronos,m4,D474,1.496272,331.441949,3.443245
chronos,m4,D475,0.872848,169.410426,2.124872
chronos,m4,D476,1.070086,233.109819,2.199867
chronos,m4,D477,0.575062,143.234599,1.330078
chronos,m4,D478,1.319163,353.406934,2.337995
chronos,m4,D479,1.281811,230.481612,1.742996
chronos,m4,D48,1.336421,228.093191,1.90422
chronos,m4,D480,1.523996,261.171639,2.188359
chronos,m4,D481,1.315321,243.037267,1.877689
chronos,m4,D482,1.517259,724.16577,4.547192
chronos,m4,D483,0.400501,107.728903,1.411065
chronos,m4,D484,1.542446,365.737782,3.860247
chronos,m4,D485,0.549829,107.601233,1.759871
chronos,m4,D486,0.488105,117.599281,1.657951
chronos,m4,D487,0.286026,61.284162,0.653234
chronos,m4,D488,1.274346,250.475088,2.831123
chronos,m4,D489,0.465661,107.967217,1.083196
chronos,m4,D49,1.062428,210.698179,1.644757
chronos,m4,D490,0.481163,131.069712,1.199109
chronos,m4,D491,0.888358,181.945133,3.654541
chronos,m4,D492,0.520973,125.623383,1.434016
chronos,m4,D493,0.644121,142.538578,1.531453
chronos,m4,D494,0.750357,176.101106,2.169322
chronos,m4,D495,0.667263,155.45543,1.921736
chronos,m4,D496,0.830776,226.310222,2.711066
chronos,m4,D497,1.031714,212.300228,2.297962
chronos,m4,D498,0.249775,72.751376,0.86191
chronos,m4,D499,0.379598,91.59101,1.025486
chronos,m4,D5,0.361864,121.485459,1.706413
chronos,m4,D50,1.731038,200.188817,1.633347
chronos,m4,D500,1.018538,271.168911,2.511026
chronos,m4,D501,0.551009,159.327603,1.748002
chronos,m4,D502,0.272861,59.190734,0.728092
chronos,m4,D503,0.994419,218.163705,2.047076
chronos,m4,D504,0.839719,29.684104,2.021691
chronos,m4,D505,1.107632,203.916832,2.221394
chronos,m4,D506,1.244163,277.701095,2.466803
chronos,m4,D507,0.894992,227.532741,2.43369
chronos,m4,D508,1.055245,28.270268,2.0966
chronos,m4,D509,1.022159,26.831344,2.721509
chronos,m4,D51,0.70696,18.116188,1.069397
chronos,m4,D510,1.966647,68.834249,2.418076
chronos,m4,D511,1.525467,31.604132,2.122384
chronos,m4,D512,0.204329,94.084014,1.931294
chronos,m4,D513,0.575522,31.974879,3.043585
chronos,m4,D514,0.808839,39.385068,3.005675
chronos,m4,D515,0.536245,25.919543,2.574066
chronos,m4,D516,1.019596,48.634506,4.366551
chronos,m4,D517,0.680339,355.528842,4.431676
chronos,m4,D518,0.390944,223.075791,1.649777
chronos,m4,D519,1.176028,64.189413,8.412818
chronos,m4,D52,0.696971,75.740021,2.18582
chronos,m4,D520,0.995422,48.68913,4.153066
chronos,m4,D521,0.788269,400.256578,3.578737
chronos,m4,D522,0.500419,309.658166,3.755574
chronos,m4,D523,2.897651,632.552443,3.55559
chronos,m4,D524,1.970872,451.318035,2.362443
chronos,m4,D525,1.662131,456.181262,2.125909
chronos,m4,D526,1.446719,292.428183,1.431096
chronos,m4,D527,2.55536,436.4453,2.93861
chronos,m4,D528,0.225939,61.099624,0.474738
chronos,m4,D529,0.827602,217.695333,1.066377
chronos,m4,D53,1.973868,31.492895,2.69973
chronos,m4,D530,2.011546,438.630058,2.829221
chronos,m4,D531,2.695163,62.801216,2.901385
chronos,m4,D532,3.802155,842.958258,4.440196
chronos,m4,D533,1.821236,450.980494,2.698006
chronos,m4,D534,2.416791,62.259851,3.119564
chronos,m4,D535,4.327129,952.076218,4.997337
chronos,m4,D536,0.214453,56.470752,1.008039
chronos,m4,D537,2.32488,533.027233,3.415646
chronos,m4,D538,2.6257,60.682105,2.866436
chronos,m4,D539,2.556717,60.846697,3.255242
chronos,m4,D54,0.698387,31.977386,0.922898
chronos,m4,D540,0.678577,177.310066,2.579853
chronos,m4,D541,0.969308,23.887534,1.542495
chronos,m4,D542,2.933028,622.268556,3.164896
chronos,m4,D543,2.90621,632.294977,3.179263
chronos,m4,D544,0.582328,36.183361,2.453374
chronos,m4,D545,2.445821,138.899884,9.093607
chronos,m4,D546,1.882757,753.095404,5.033751
chronos,m4,D547,0.484343,205.653959,2.148434
chronos,m4,D548,1.527118,684.987842,5.108682
chronos,m4,D549,0.368993,22.475482,3.498301
chronos,m4,D55,0.111808,6.361786,0.504499
chronos,m4,D550,1.649592,828.289767,5.948174
chronos,m4,D551,1.232868,59.564353,3.441032
chronos,m4,D552,1.73027,75.662355,4.807818
chronos,m4,D553,0.568423,30.13487,2.121258
chronos,m4,D554,1.017174,48.03403,3.55393
chronos,m4,D555,0.943561,23.856345,1.244968
chronos,m4,D556,1.501279,41.270035,1.849972
chronos,m4,D557,0.700368,39.605257,2.007199
chronos,m4,D558,0.766075,41.96535,1.769756
chronos,m4,D559,2.050147,88.648489,3.760423
chronos,m4,D56,2.385318,271.250691,2.402703
chronos,m4,D560,0.905034,98.935708,2.67086
chronos,m4,D561,2.422575,323.552474,6.577197
chronos,m4,D562,1.898155,78.900114,3.331876
chronos,m4,D563,2.272859,206.786433,5.686595
chronos,m4,D564,0.675344,29.638258,1.59226
chronos,m4,D565,0.536117,24.174766,1.546809
chronos,m4,D566,1.076514,51.816458,2.472234
chronos,m4,D567,0.872241,43.64643,1.662149
chronos,m4,D568,1.112719,52.715772,2.031462
chronos,m4,D569,1.402667,58.848216,2.536952
chronos,m4,D57,1.141133,33.047693,1.494861
chronos,m4,D570,0.872791,42.728,1.647826
chronos,m4,D571,0.815758,38.896154,2.094329
chronos,m4,D572,0.281831,94.318257,0.986964
chronos,m4,D573,0.239697,71.763483,0.753033
chronos,m4,D574,0.254056,9.612842,0.932953
chronos,m4,D575,0.356986,101.127776,1.092382
chronos,m4,D576,0.410815,147.533835,1.645988
chronos,m4,D577,0.288558,88.418234,0.980625
chronos,m4,D578,0.372208,115.553627,1.241309
chronos,m4,D579,0.270372,86.249134,1.033555
chronos,m4,D58,1.087746,35.035752,1.770085
chronos,m4,D580,0.162988,56.263093,0.606656
chronos,m4,D581,0.386289,13.207582,1.307444
chronos,m4,D582,0.388769,13.175253,1.209096
chronos,m4,D583,0.408124,11.859684,1.238325
chronos,m4,D584,0.437679,118.732762,1.447597
chronos,m4,D585,0.603599,32.613882,0.624702
chronos,m4,D586,0.918862,53.159809,2.466608
chronos,m4,D587,0.299542,18.051668,1.050691
chronos,m4,D588,0.292632,28.587942,0.218743
chronos,m4,D589,0.332397,27.500639,1.280625
chronos,m4,D59,1.656116,146.528901,2.482026
chronos,m4,D590,0.107268,7.783425,0.834996
chronos,m4,D591,0.545102,28.071971,1.25258
chronos,m4,D592,0.643725,36.606371,2.328939
chronos,m4,D593,1.170036,108.53493,3.680054
chronos,m4,D594,0.264298,154.893669,1.007013
chronos,m4,D595,0.468295,23.917048,1.237214
chronos,m4,D596,0.1393,9.854843,1.119667
chronos,m4,D597,0.260705,153.302646,1.1632
chronos,m4,D598,0.543649,30.383409,2.239088
chronos,m4,D599,0.271733,149.365468,1.059487
chronos,m4,D6,4.442228,201.396618,5.647682
chronos,m4,D60,0.40429,37.695168,0.744234
chronos,m4,D600,0.314839,20.77229,1.1882
chronos,m4,D601,0.277742,16.863293,1.070576
chronos,m4,D602,0.458408,23.469747,1.571809
chronos,m4,D603,0.406863,22.077193,1.636445
chronos,m4,D604,0.208944,15.237028,1.234592
chronos,m4,D605,0.277944,16.604811,1.148782
chronos,m4,D606,0.529874,28.654546,1.867543
chronos,m4,D607,0.575231,32.314589,1.988305
chronos,m4,D608,0.40619,202.989589,1.591874
chronos,m4,D609,0.595238,30.953357,2.004596
chronos,m4,D61,0.229345,57.614698,1.27134
chronos,m4,D610,0.246461,150.468085,1.172114
chronos,m4,D611,0.245868,14.204113,0.991149
chronos,m4,D612,0.127014,13.589982,1.1091
chronos,m4,D613,0.717518,53.495341,4.781989
chronos,m4,D614,0.130068,13.92148,0.952057
chronos,m4,D615,0.09869,11.471971,0.700318
chronos,m4,D616,0.238707,23.016501,1.85483
chronos,m4,D617,0.285024,27.460031,1.843575
chronos,m4,D618,0.24319,22.487165,1.535004
chronos,m4,D619,0.185938,17.319022,1.239836
chronos,m4,D62,2.436634,405.421521,6.686437
chronos,m4,D620,0.23771,25.484667,1.834796
chronos,m4,D621,0.280349,27.671035,1.758568
chronos,m4,D622,0.165056,16.235835,1.287066
chronos,m4,D623,0.186908,16.543221,1.183943
chronos,m4,D624,0.194427,17.87276,1.269412
chronos,m4,D625,0.204939,18.347968,1.33196
chronos,m4,D626,1.468531,140.510975,9.454865
chronos,m4,D627,0.145181,13.885496,1.188339
chronos,m4,D628,0.588368,117.659097,1.133722
chronos,m4,D629,0.526749,116.492414,0.96966
chronos,m4,D63,1.838979,136.525617,2.543682
chronos,m4,D630,0.502948,15.638399,1.035986
chronos,m4,D631,0.333539,91.052639,0.479303
chronos,m4,D632,0.796603,154.014096,1.282383
chronos,m4,D633,0.406198,96.907812,0.611081
chronos,m4,D634,0.706267,26.213145,1.660028
chronos,m4,D635,0.376023,10.795837,0.632295
chronos,m4,D636,0.46248,11.953128,0.801676
chronos,m4,D637,0.496146,13.150005,0.812507
chronos,m4,D638,0.486293,17.264465,1.052994
chronos,m4,D639,0.425229,12.336968,0.894369
chronos,m4,D64,0.841415,59.719929,4.707532
chronos,m4,D640,1.321253,43.731457,2.732316
chronos,m4,D641,0.363246,13.469022,0.916167
chronos,m4,D642,0.489537,18.015806,1.192421
chronos,m4,D643,0.375891,10.607393,0.816245
chronos,m4,D644,0.799132,26.346,1.686377
chronos,m4,D645,0.280103,12.866568,0.651931
chronos,m4,D646,0.297694,11.234386,0.737004
chronos,m4,D647,0.449889,100.489899,0.727153
chronos,m4,D648,0.647304,18.180476,1.003018
chronos,m4,D649,0.129664,5.496036,0.309111
chronos,m4,D65,0.589002,145.101668,3.137217
chronos,m4,D650,0.266696,16.773456,0.637618
chronos,m4,D651,0.540942,16.770663,1.070748
chronos,m4,D652,0.647232,20.899528,1.313072
chronos,m4,D653,0.643924,20.880381,1.30602
chronos,m4,D654,0.526379,18.875678,1.135452
chronos,m4,D655,0.434955,124.217241,0.91864
chronos,m4,D656,0.594264,166.647229,1.132333
chronos,m4,D657,0.543367,15.339496,1.146209
chronos,m4,D658,0.713029,23.409898,1.491234
chronos,m4,D659,0.339954,100.021087,0.679136
chronos,m4,D66,0.22991,22.663757,1.213163
chronos,m4,D660,0.650293,154.415468,1.153972
chronos,m4,D661,0.383639,118.534636,0.648708
chronos,m4,D662,0.542894,111.47621,1.111008
chronos,m4,D663,0.37883,91.450833,0.710218
chronos,m4,D664,0.422565,103.243327,0.719341
chronos,m4,D665,0.482325,116.894003,0.818356
chronos,m4,D666,0.522312,128.232067,1.019136
chronos,m4,D667,0.662043,167.119729,1.370563
chronos,m4,D668,0.528027,129.240283,0.954201
chronos,m4,D669,3.384434,2341.412928,7.973102
chronos,m4,D67,1.655596,196.106207,3.364129
chronos,m4,D670,0.5417,138.413295,0.882826
chronos,m4,D671,0.61972,148.556866,1.122359
chronos,m4,D672,0.577301,69.707901,0.812335
chronos,m4,D673,6.25193,3065.259532,9.118525
chronos,m4,D674,0.5257,116.50018,1.909298
chronos,m4,D675,2.109101,426.761094,5.192064
chronos,m4,D676,0.479929,122.045686,1.234601
chronos,m4,D677,1.682463,311.47009,1.524363
chronos,m4,D678,0.305992,83.104103,1.074639
chronos,m4,D679,1.227423,277.03483,1.415557
chronos,m4,D68,0.812133,123.940344,1.838128
chronos,m4,D680,0.830163,182.34003,3.016155
chronos,m4,D681,0.467104,108.092042,0.503337
chronos,m4,D682,0.828016,179.547668,0.975626
chronos,m4,D683,1.125942,244.093852,2.881395
chronos,m4,D684,0.889467,190.650265,0.788663
chronos,m4,D685,0.408284,108.047308,0.445982
chronos,m4,D686,0.303532,75.53933,1.361034
chronos,m4,D687,0.646333,134.695178,0.555025
chronos,m4,D688,1.631382,324.142197,7.827834
chronos,m4,D689,0.711138,140.832403,0.582749
chronos,m4,D69,0.601478,158.579325,3.128943
chronos,m4,D690,1.212307,241.319234,3.574842
chronos,m4,D691,1.1716,237.479777,4.364213
chronos,m4,D692,1.055433,178.940311,0.894142
chronos,m4,D693,0.631384,101.604078,0.531086
chronos,m4,D694,0.884861,176.674666,0.800082
chronos,m4,D695,1.034382,315.898186,1.572106
chronos,m4,D696,0.560719,92.539693,0.518802
chronos,m4,D697,5.630351,1247.683504,14.338559
chronos,m4,D698,0.98353,187.152856,3.715647
chronos,m4,D699,0.747562,147.682508,0.698676
chronos,m4,D7,4.24606,2637.360612,37.45446
chronos,m4,D70,1.914513,81.333566,1.568977
chronos,m4,D700,0.747119,159.104022,0.741454
chronos,m4,D701,0.538234,159.377371,2.340709
chronos,m4,D702,0.610134,92.175582,0.526674
chronos,m4,D703,0.769773,167.44272,0.632691
chronos,m4,D704,0.748141,163.323831,0.82194
chronos,m4,D705,0.685596,135.27062,2.722092
chronos,m4,D706,0.873341,196.62348,0.825508
chronos,m4,D707,0.778438,145.7187,0.711702
chronos,m4,D708,0.551128,112.735219,1.594815
chronos,m4,D709,1.278264,274.430461,1.300499
chronos,m4,D71,2.452404,95.247114,3.351324
chronos,m4,D710,0.652687,143.7618,0.59955
chronos,m4,D711,0.564928,123.784141,0.468841
chronos,m4,D712,0.724055,171.849913,0.736229
chronos,m4,D713,0.269805,83.322187,0.884083
chronos,m4,D714,0.942269,184.190734,0.826672
chronos,m4,D715,1.340978,293.590701,4.713668
chronos,m4,D716,1.052707,258.817488,2.581676
chronos,m4,D717,0.970694,199.250186,0.918773
chronos,m4,D718,1.584798,290.418354,1.398423
chronos,m4,D719,1.250573,255.459612,1.341947
chronos,m4,D72,1.388571,44.361477,1.835888
chronos,m4,D720,1.922682,343.861425,1.951159
chronos,m4,D721,1.251753,239.55023,1.198206
chronos,m4,D722,1.580262,351.718382,1.761676
chronos,m4,D723,1.580671,327.148284,1.883551
chronos,m4,D724,1.205837,26.544853,1.541592
chronos,m4,D725,1.348287,290.169886,3.194067
chronos,m4,D726,1.908776,314.377622,1.780753
chronos,m4,D727,0.353554,90.224814,1.201735
chronos,m4,D728,1.010247,198.083474,1.261757
chronos,m4,D729,1.251689,240.888962,1.304222
chronos,m4,D73,1.869969,32.946731,3.026596
chronos,m4,D730,1.534539,296.258215,1.71756
chronos,m4,D731,0.234083,53.151057,0.892215
chronos,m4,D732,1.059216,203.464956,0.975841
chronos,m4,D733,0.491331,105.750069,1.438213
chronos,m4,D734,1.568475,292.738218,5.859452
chronos,m4,D735,1.596121,34.166773,1.965635
chronos,m4,D736,1.330802,281.171058,1.71696
chronos,m4,D737,1.416464,287.578698,1.393311
chronos,m4,D738,1.567924,300.345647,1.545486
chronos,m4,D739,0.782686,169.207614,0.890814
chronos,m4,D74,0.598368,26.358294,0.934254
chronos,m4,D740,0.269716,91.254671,1.169565
chronos,m4,D741,0.347283,15.782553,1.648502
chronos,m4,D742,0.25953,96.881789,1.168306
chronos,m4,D743,0.844555,38.718698,4.756805
chronos,m4,D744,0.973666,46.266955,3.520264
chronos,m4,D745,0.438278,20.154269,2.055576
chronos,m4,D746,0.445965,20.951693,1.81117
chronos,m4,D747,0.400382,16.933606,1.315203
chronos,m4,D748,0.207137,11.91617,1.507159
chronos,m4,D749,1.268628,62.468885,3.422239
chronos,m4,D75,1.555851,48.851874,2.728567
chronos,m4,D750,0.38361,18.183188,1.795816
chronos,m4,D751,0.365916,20.081904,1.121708
chronos,m4,D752,0.57018,24.424287,2.135413
chronos,m4,D753,0.751639,30.690588,2.768415
chronos,m4,D754,0.792863,31.656409,3.045703
chronos,m4,D755,0.536877,30.411399,1.947748
chronos,m4,D756,0.619562,25.140445,2.30028
chronos,m4,D757,0.99559,48.214173,2.695386
chronos,m4,D758,1.019161,53.206404,5.866994
chronos,m4,D759,1.168646,122.166378,4.781417
chronos,m4,D76,0.801043,24.608645,1.041245
chronos,m4,D760,0.587424,24.57623,2.5278
chronos,m4,D761,0.508203,42.432965,2.051428
chronos,m4,D762,0.421582,27.050848,2.494734
chronos,m4,D763,0.810228,36.07167,2.712585
chronos,m4,D764,0.569162,24.651728,2.124988
chronos,m4,D765,0.344433,18.93386,1.757879
chronos,m4,D766,0.360443,18.222926,1.561531
chronos,m4,D767,0.572198,24.725455,1.987588
chronos,m4,D768,0.461229,21.481507,1.761513
chronos,m4,D769,0.248481,67.174846,0.553349
chronos,m4,D77,0.575246,18.804383,0.760363
chronos,m4,D770,0.277513,63.340137,0.459963
chronos,m4,D771,0.618845,133.826183,2.147413
chronos,m4,D772,0.240184,70.151141,0.439443
chronos,m4,D773,0.772586,155.916607,1.078955
chronos,m4,D774,0.30417,61.425003,1.053771
chronos,m4,D775,0.573779,148.560035,1.182733
chronos,m4,D776,0.395848,81.315578,0.696799
chronos,m4,D777,1.991285,417.992991,4.418894
chronos,m4,D778,0.350422,88.635211,0.590449
chronos,m4,D779,2.027733,465.692143,6.195928
chronos,m4,D78,0.57189,59.290872,1.616914
chronos,m4,D780,0.270507,69.984597,0.507898
chronos,m4,D781,0.414302,98.196714,0.669026
chronos,m4,D782,0.457416,111.354327,0.918708
chronos,m4,D783,2.102194,495.888202,5.628708
chronos,m4,D784,0.669188,208.831393,1.533396
chronos,m4,D785,0.703864,170.110947,1.470161
chronos,m4,D786,0.523139,196.88751,1.621548
chronos,m4,D787,0.490413,190.319068,1.329143
chronos,m4,D788,0.647874,213.563716,1.367591
chronos,m4,D789,0.384126,104.661503,5.208266
chronos,m4,D79,0.535492,115.390142,0.872628
chronos,m4,D790,0.563097,191.611433,1.357758
chronos,m4,D791,0.400922,131.830976,1.065623
chronos,m4,D792,1.040425,250.251764,1.728542
chronos,m4,D793,1.129879,268.93145,3.90515
chronos,m4,D794,0.957071,232.445046,1.542701
chronos,m4,D795,0.91408,228.083378,5.530445
chronos,m4,D796,0.932768,256.966605,1.785621
chronos,m4,D797,0.513762,149.49171,1.117971
chronos,m4,D798,0.671067,181.927334,4.665716
chronos,m4,D799,0.806935,232.605277,1.851799
chronos,m4,D8,0.935643,21.538543,1.099434
chronos,m4,D80,0.636775,23.514312,0.832814
chronos,m4,D800,0.650065,193.238074,1.468702
chronos,m4,D801,0.949675,252.444842,1.839273
chronos,m4,D802,1.486694,483.812577,2.019415
chronos,m4,D803,0.90136,337.205612,1.594424
chronos,m4,D804,1.171451,405.337764,2.110039
chronos,m4,D805,0.479671,166.79664,2.355697
chronos,m4,D806,1.103697,334.409484,1.558306
chronos,m4,D807,1.441551,429.322231,1.984193
chronos,m4,D808,1.494607,375.469914,1.888536
chronos,m4,D809,0.309088,121.053663,0.788293
chronos,m4,D81,2.446966,57.295575,3.255856
chronos,m4,D810,1.022469,345.316069,1.845758
chronos,m4,D811,1.259784,412.688309,1.807751
chronos,m4,D812,0.258625,88.722429,1.233428
chronos,m4,D813,1.517863,348.233679,2.295848
chronos,m4,D814,1.707579,425.611417,2.171736
chronos,m4,D815,1.236727,329.239927,1.515691
chronos,m4,D816,1.950212,473.499373,2.400797
chronos,m4,D817,1.891379,445.02061,2.150444
chronos,m4,D818,0.700323,209.518524,5.705192
chronos,m4,D819,2.220891,518.091902,2.547968
chronos,m4,D82,1.038849,19.782624,1.619869
chronos,m4,D820,1.521473,372.445025,1.720347
chronos,m4,D821,1.805132,395.91133,2.143549
chronos,m4,D822,1.556987,392.723682,1.949927
chronos,m4,D823,0.613124,202.97634,1.686648
chronos,m4,D824,0.424682,180.383744,3.299527
chronos,m4,D825,0.61036,202.831201,1.423051
chronos,m4,D826,1.127364,305.961497,2.113087
chronos,m4,D827,1.16708,395.365041,3.512155
chronos,m4,D828,0.43146,136.433714,3.79025
chronos,m4,D829,0.589629,212.15553,1.201612
chronos,m4,D83,0.497281,49.356353,1.413546
chronos,m4,D830,0.693874,23.121096,1.855174
chronos,m4,D831,1.013169,251.575139,1.848345
chronos,m4,D832,0.92839,211.141938,1.612341
chronos,m4,D833,0.285175,97.294359,2.503001
chronos,m4,D834,0.893971,237.450184,1.532039
chronos,m4,D835,0.771427,226.550086,1.830274
chronos,m4,D836,0.663912,195.286138,1.324454
chronos,m4,D837,1.416608,453.454708,2.055499
chronos,m4,D838,0.368272,106.850253,2.739961
chronos,m4,D839,1.057886,394.417945,1.767018
chronos,m4,D84,1.307502,36.330455,2.013869
chronos,m4,D840,1.134071,398.302178,1.699793
chronos,m4,D841,1.310983,430.386872,1.956128
chronos,m4,D842,1.306722,301.282493,1.828603
chronos,m4,D843,0.402241,177.47671,1.898955
chronos,m4,D844,0.613857,278.605302,2.748595
chronos,m4,D845,0.502764,220.177911,7.064005
chronos,m4,D846,0.691953,37.399124,2.41457
chronos,m4,D847,0.674873,33.112396,1.852664
chronos,m4,D848,0.676982,31.509244,1.915284
chronos,m4,D849,0.707266,36.100992,4.077718
chronos,m4,D85,0.491842,296.655629,4.355157
chronos,m4,D850,0.953178,45.592842,2.751557
chronos,m4,D851,0.562934,41.529779,2.052184
chronos,m4,D852,0.860207,49.837879,2.978873
chronos,m4,D853,2.077254,90.326883,8.95537
chronos,m4,D854,0.792068,50.763624,2.715209
chronos,m4,D855,0.767626,51.304087,2.66901
chronos,m4,D856,0.760711,45.2224,2.583656
chronos,m4,D857,0.791177,51.173397,2.82646
chronos,m4,D858,0.982559,55.699807,3.639142
chronos,m4,D859,0.76215,43.233198,2.813146
chronos,m4,D86,1.917918,445.043801,5.088993
chronos,m4,D860,0.785,48.967401,2.544558
chronos,m4,D861,0.604135,33.747936,1.919662
chronos,m4,D862,0.641892,40.598095,1.967927
chronos,m4,D863,0.964799,49.701772,3.505861
chronos,m4,D864,0.523459,31.584278,1.689215
chronos,m4,D865,0.46722,30.545954,1.41145
chronos,m4,D866,0.268944,122.436651,2.254337
chronos,m4,D867,0.855859,291.120532,3.766332
chronos,m4,D868,0.496385,237.38201,2.047345
chronos,m4,D869,0.437204,231.752891,2.256538
chronos,m4,D87,0.358964,32.319992,1.161102
chronos,m4,D870,0.208832,86.63649,2.598173
chronos,m4,D871,0.924688,394.77175,3.064426
chronos,m4,D872,0.880273,480.468554,2.309535
chronos,m4,D873,1.593002,733.756857,4.707659
chronos,m4,D874,0.17105,58.351993,5.180415
chronos,m4,D875,0.528833,233.053265,1.904366
chronos,m4,D876,0.583724,27.988261,2.397851
chronos,m4,D877,0.611763,241.442855,2.046739
chronos,m4,D878,0.840652,35.848247,3.384874
chronos,m4,D879,0.545958,207.388986,1.730227
chronos,m4,D88,0.670155,53.636255,2.122972
chronos,m4,D880,0.475983,207.785553,2.256711
chronos,m4,D881,0.35172,150.222959,1.571087
chronos,m4,D882,0.684322,275.729955,2.419296
chronos,m4,D883,0.482715,242.84596,11.218766
chronos,m4,D884,1.284353,487.044034,4.665719
chronos,m4,D885,0.529411,224.526707,2.362602
chronos,m4,D886,0.281847,184.418882,3.183977
chronos,m4,D887,0.348096,165.777807,1.357313
chronos,m4,D888,0.971225,375.697955,3.463321
chronos,m4,D889,0.453543,208.937593,1.982698
chronos,m4,D89,0.567721,47.882835,1.881407
chronos,m4,D890,0.796696,385.586364,1.669315
chronos,m4,D891,0.541072,209.740223,2.107413
chronos,m4,D892,1.058335,369.702499,3.696953
chronos,m4,D893,1.976409,74.141157,3.986605
chronos,m4,D894,0.384143,18.081525,0.905947
chronos,m4,D895,0.750256,27.369498,2.216788
chronos,m4,D896,1.148028,46.22671,3.511085
chronos,m4,D897,0.823094,40.006574,2.350315
chronos,m4,D898,1.550611,80.210362,4.786673
chronos,m4,D899,0.611119,22.743921,1.835502
chronos,m4,D9,0.380269,9.678549,0.459731
chronos,m4,D90,0.391861,30.501459,1.302883
chronos,m4,D900,0.889234,39.197403,3.064974
chronos,m4,D901,1.094212,47.130284,3.865665
chronos,m4,D902,1.446464,67.586844,5.277205
chronos,m4,D903,0.726449,39.286904,1.576898
chronos,m4,D904,1.038355,42.45591,3.228197
chronos,m4,D905,0.779288,34.611953,2.731034
chronos,m4,D906,1.29003,63.09345,5.396033
chronos,m4,D907,0.9039,43.580517,3.529443
chronos,m4,D908,0.734165,24.563901,2.351537
chronos,m4,D909,0.797648,23.596297,2.200817
chronos,m4,D91,0.403787,32.355186,1.339574
chronos,m4,D910,2.003439,77.984539,7.186119
chronos,m4,D911,0.700103,38.265614,3.288672
chronos,m4,D912,1.091225,50.893074,4.150669
chronos,m4,D913,1.320915,374.894277,1.885139
chronos,m4,D914,1.301972,364.811938,1.887766
chronos,m4,D915,0.872828,238.192084,2.050552
chronos,m4,D916,1.087842,278.803386,1.968911
chronos,m4,D917,2.661366,683.200236,9.826019
chronos,m4,D918,1.310493,350.480819,2.639671
chronos,m4,D919,1.36086,418.258443,6.079372
chronos,m4,D92,0.492408,40.002292,1.640505
chronos,m4,D920,1.283336,395.318108,3.133634
chronos,m4,D921,0.897303,260.135617,2.581795
chronos,m4,D922,1.853221,466.704119,3.192869
chronos,m4,D923,1.088212,287.180175,1.940179
chronos,m4,D924,2.179089,517.897462,3.465114
chronos,m4,D925,1.684926,428.674793,3.14747
chronos,m4,D926,1.434084,389.851935,2.53654
chronos,m4,D927,2.465468,726.44124,5.209766
chronos,m4,D928,0.21779,70.535248,0.834825
chronos,m4,D929,1.928234,487.72804,3.375408
chronos,m4,D93,0.588422,50.938595,1.832449
chronos,m4,D930,2.549928,503.329493,3.304532
chronos,m4,D931,1.18151,314.201157,1.906878
chronos,m4,D932,0.788074,268.950928,1.790452
chronos,m4,D933,1.82572,438.409519,2.6157
chronos,m4,D934,1.644382,394.849695,2.498144
chronos,m4,D935,2.803161,567.681937,3.694835
chronos,m4,D936,1.08944,319.166211,1.764115
chronos,m4,D937,1.243966,334.9543,2.307573
chronos,m4,D938,0.341187,85.911874,1.11486
chronos,m4,D939,1.550075,399.999551,2.672087
chronos,m4,D94,0.330295,30.217577,1.095316
chronos,m4,D940,2.164517,564.131938,3.583032
chronos,m4,D941,1.668776,419.789103,2.370091
chronos,m4,D942,0.523216,143.681471,1.224365
chronos,m4,D943,1.144271,37.365318,3.848886
chronos,m4,D944,1.205407,43.849538,3.963542
chronos,m4,D945,0.320553,10.851908,1.246082
chronos,m4,D946,1.059393,35.325589,3.476575
chronos,m4,D947,1.333334,39.899082,3.874792
chronos,m4,D948,0.779674,29.755209,2.816651
chronos,m4,D949,0.884979,36.636642,2.617184
chronos,m4,D95,0.305668,26.315009,1.016043
chronos,m4,D950,1.150903,50.442081,5.055424
chronos,m4,D951,0.561551,28.056842,1.769992
chronos,m4,D952,0.917349,358.257611,2.975887
chronos,m4,D953,0.480578,208.066039,1.889983
chronos,m4,D954,0.466142,183.088574,1.893897
chronos,m4,D955,0.14658,8.122077,1.267325
chronos,m4,D956,0.762362,292.123275,2.344688
chronos,m4,D957,0.352322,135.81657,1.402571
chronos,m4,D958,0.577325,263.784669,4.954759
chronos,m4,D959,0.533865,21.557237,1.917543
chronos,m4,D96,0.395298,30.783437,1.305936
chronos,m4,D960,0.447876,20.048712,2.01716
chronos,m4,D961,0.63229,25.814597,2.315722
chronos,m4,D962,0.807199,321.474265,2.529878
chronos,m4,D963,0.343696,14.033933,1.572186
chronos,m4,D964,0.431009,25.668941,3.11487
chronos,m4,D965,0.70932,269.754996,2.444556
chronos,m4,D966,0.498233,188.558926,1.679915
chronos,m4,D967,0.608942,25.041353,2.108995
chronos,m4,D968,0.467962,18.951294,1.814929
chronos,m4,D969,0.61578,25.303064,2.173003
chronos,m4,D97,0.418478,33.696092,1.391089
chronos,m4,D970,0.307744,20.959989,1.91218
chronos,m4,D971,0.523984,22.093757,2.090364
chronos,m4,D972,0.44011,20.838274,2.447891
chronos,m4,D973,0.963384,321.880146,2.373416
chronos,m4,D974,0.531046,22.580959,1.662188
chronos,m4,D975,0.525169,203.257707,1.530305
chronos,m4,D976,1.14259,389.67699,2.878302
chronos,m4,D977,0.951267,338.598432,2.714575
chronos,m4,D978,0.584523,22.858804,1.737501
chronos,m4,D979,0.461188,18.29173,1.557328
chronos,m4,D98,1.717432,103.319854,5.22804
chronos,m4,D980,1.610768,65.510984,8.235624
chronos,m4,D981,0.644196,26.109746,1.750069
chronos,m4,D982,1.33179,56.382219,4.174928
chronos,m4,D983,0.536878,22.924203,2.222347
chronos,m4,D984,0.371777,17.41182,1.170756
chronos,m4,D985,0.748294,29.310879,2.108564
chronos,m4,D986,0.710291,26.542217,1.141535
chronos,m4,D987,0.315084,13.176382,1.023923
chronos,m4,D988,0.702629,27.9308,1.226153
chronos,m4,D989,0.753989,22.73536,1.40821
chronos,m4,D99,1.719289,512.6686,4.564826
chronos,m4,D990,0.746853,23.702497,1.370257
chronos,m4,D991,0.584814,21.644501,1.036748
chronos,m4,D992,0.710544,25.332554,1.429776
chronos,m4,D993,0.646237,24.578054,1.325113
chronos,m4,D994,0.626724,23.904213,1.390661
chronos,m4,D995,1.152751,35.58422,2.044574
chronos,m4,D996,0.708659,25.086327,1.174613
chronos,m4,D997,0.851287,26.498357,1.483986
chronos,m4,D998,0.556525,21.816707,1.220711
chronos,m4,D999,0.789335,21.544199,1.570562
