dataset,series_id,spectral_entropy,cv,seasonal_autocorr,trend_strength,history_length
traffic,0,2.936177,1.233674,0.797287,5.1e-05,14035
traffic,1,2.349667,1.051407,0.788279,7e-05,14035
traffic,10,1.736896,0.801391,0.790841,0.000313,14035
traffic,100,1.371358,0.808499,0.875087,0.000324,14035
traffic,101,0.821911,0.693193,0.949244,0.001535,14035
traffic,102,0.778152,0.55767,0.900657,0.007688,14035
traffic,103,0.814435,0.523119,0.820179,0.001893,14035
traffic,104,1.543662,0.81823,0.870828,0.001705,14035
traffic,105,1.798804,0.871724,0.850201,0.004394,14035
traffic,106,1.749373,0.859732,0.768004,0.053958,14035
traffic,107,1.667177,0.843484,0.807511,0.000489,14035
traffic,108,1.6506,0.731121,0.623999,0.013559,14035
traffic,109,2.003884,0.982824,0.880311,0.034156,14035
traffic,11,2.189242,0.988739,0.82452,0.00392,14035
traffic,110,1.002645,0.580877,0.79304,0.003366,14035
traffic,111,2.27276,0.925763,0.656473,0.008659,14035
traffic,112,0.815415,0.504274,0.798105,1.6e-05,14035
traffic,113,0.91337,0.544155,0.861469,0.001308,14035
traffic,114,2.465059,1.189319,0.842914,0.005983,14035
traffic,115,1.008919,0.617544,0.889836,0.037261,14035
traffic,116,1.395542,0.718753,0.80163,0.005538,14035
traffic,117,0.926457,0.625589,0.917461,0.005982,14035
traffic,118,0.642506,0.439824,0.781601,0.001822,14035
traffic,119,1.689929,0.797425,0.792371,0.002184,14035
traffic,12,1.89235,0.779639,0.624679,4e-06,14035
traffic,120,1.516688,0.855076,0.855235,0.003281,14035
traffic,121,1.519047,0.718078,0.778741,0.001528,14035
traffic,122,1.197963,0.697034,0.871804,0.000338,14035
traffic,123,1.369213,0.722834,0.86416,0.002947,14035
traffic,124,1.155375,0.677381,0.872578,0.002848,14035
traffic,125,0.925802,0.55702,0.859952,0.006529,14035
traffic,126,1.321123,0.760094,0.829796,0.002924,14035
traffic,127,1.690687,0.766879,0.709198,0.029541,14035
traffic,128,2.375962,1.006551,0.742433,0.002001,14035
traffic,129,0.943561,0.644294,0.88475,0.004242,14035
traffic,13,1.45843,0.855453,0.876406,0.005396,14035
traffic,130,1.475656,0.795287,0.89253,0.000176,14035
traffic,131,2.85597,1.136952,0.681015,0.001561,14035
traffic,132,0.876747,0.557727,0.848838,0.018138,14035
traffic,133,3.39771,1.634401,0.853956,0.001418,14035
traffic,134,2.127694,0.828379,0.633322,0.000819,14035
traffic,135,1.238439,0.727386,0.861874,0.001888,14035
traffic,136,0.962756,0.603237,0.794828,0.0004,14035
traffic,137,1.680256,0.866738,0.891104,0.000739,14035
traffic,138,1.214145,0.689035,0.82152,0.000242,14035
traffic,139,1.864421,1.03026,0.891189,0.001534,14035
traffic,14,1.25602,0.725432,0.847395,0.006413,14035
traffic,140,1.25966,0.651196,0.710636,0.008357,14035
traffic,141,1.516018,0.874746,0.878538,0.000177,14035
traffic,142,1.388861,0.722668,0.735536,0.079697,14035
traffic,143,0.748956,0.471554,0.745552,0.000249,14035
traffic,144,1.470137,0.787318,0.880566,0.001651,14035
traffic,145,1.287709,0.735582,0.86464,0.023653,14035
traffic,146,1.80256,0.861129,0.845103,0.000182,14035
traffic,147,2.57587,1.125568,0.833057,0.000118,14035
traffic,148,1.361583,0.7125,0.823819,0.000178,14035
traffic,149,1.493855,0.842639,0.896095,0.004228,14035
traffic,15,1.001573,0.547209,0.729366,0.002361,14035
traffic,150,1.914382,0.828586,0.690353,0.005644,14035
traffic,151,1.420483,0.723576,0.852432,9.3e-05,14035
traffic,152,1.602401,0.83888,0.822363,4.5e-05,14035
traffic,153,1.627996,0.720198,0.68024,0.000249,14035
traffic,154,1.992758,0.998515,0.844252,0.002671,14035
traffic,155,0.920174,0.615301,0.847717,0.001194,14035
traffic,156,1.781589,0.826933,0.76098,0.05971,14035
traffic,157,1.016119,0.568756,0.771133,0.02048,14035
traffic,158,1.821596,0.862879,0.865512,8.4e-05,14035
traffic,159,0.95275,0.648208,0.886496,0.008053,14035
traffic,16,1.224091,0.647536,0.832712,0.017529,14035
traffic,160,2.148063,0.98343,0.843212,0.001909,14035
traffic,161,1.728431,0.818965,0.713359,1e-05,14035
traffic,162,1.570348,0.812788,0.82741,0.002296,14035
traffic,163,1.066734,0.609028,0.84342,0.02866,14035
traffic,164,1.464686,0.698633,0.755809,0.064978,14035
traffic,165,0.840481,0.57723,0.913842,0.007353,14035
traffic,166,1.868437,0.969252,0.90394,0.000562,14035
traffic,167,0.888758,0.522289,0.757499,0.003649,14035
traffic,168,1.805175,0.778848,0.548167,0.011921,14035
traffic,169,1.713262,0.816477,0.865022,0.000315,14035
traffic,17,1.610453,0.796268,0.824507,0.000289,14035
traffic,170,1.804074,0.776127,0.569936,0.001758,14035
traffic,171,2.004722,0.898635,0.740772,0.012849,14035
traffic,172,1.814248,0.95183,0.842342,0.00077,14035
traffic,173,0.825361,0.682469,0.947547,0.002389,14035
traffic,174,1.422643,0.735759,0.817922,0.073605,14035
traffic,175,1.604367,0.806469,0.833565,0.000326,14035
traffic,176,0.930947,0.67921,0.92219,0.001366,14035
traffic,177,1.537556,0.739934,0.754482,0.00431,14035
traffic,178,1.549295,0.766858,0.837978,0.000234,14035
traffic,179,0.752217,0.510746,0.784307,0.015674,14035
traffic,18,1.065481,0.690584,0.831675,0.00349,14035
traffic,180,2.37374,1.131843,0.832635,0.000823,14035
traffic,181,0.764708,0.552586,0.916995,0.000338,14035
traffic,182,2.028781,0.852149,0.75393,0.000293,14035
traffic,183,0.820222,0.507809,0.781701,0.001657,14035
traffic,184,0.741341,0.595816,0.913153,0.001117,14035
traffic,185,1.956456,0.921681,0.845506,0.000483,14035
traffic,186,1.015158,0.665384,0.927418,0.000227,14035
traffic,187,2.599183,1.313755,0.906058,0.003742,14035
traffic,188,2.701938,1.066849,0.683344,6.1e-05,14035
traffic,189,2.365381,1.038825,0.797789,0.000281,14035
traffic,19,2.863414,1.2319,0.776667,0.002294,14035
traffic,190,0.946283,0.630158,0.907242,0.001404,14035
traffic,191,1.508203,0.739276,0.830609,0.0,14035
traffic,192,1.975654,0.979731,0.884983,0.000637,14035
traffic,193,2.2112,0.994495,0.729677,0.014232,14035
traffic,194,1.374664,0.800868,0.891937,0.008567,14035
traffic,195,2.13977,1.036319,0.866045,0.002073,14035
traffic,196,1.649215,0.752954,0.725536,0.023338,14035
traffic,197,1.799242,0.922011,0.757869,8.6e-05,14035
traffic,198,2.25039,0.991408,0.766154,0.023508,14035
traffic,199,0.859333,0.606772,0.908149,0.032633,14035
traffic,2,1.421068,0.777502,0.782425,0.000954,14035
traffic,20,1.041332,0.651915,0.939615,0.000786,14035
traffic,200,2.051656,1.096006,0.877381,4.1e-05,14035
traffic,201,1.754297,0.967909,0.897552,0.003258,14035
traffic,202,1.030341,0.685743,0.903048,0.00033,14035
traffic,203,1.679193,0.858665,0.825868,0.001183,14035
traffic,204,1.318474,0.718274,0.814843,0.004004,14035
traffic,205,1.087983,0.663054,0.84518,0.000375,14035
traffic,206,1.555163,0.797258,0.777513,0.002538,14035
traffic,207,0.994288,0.629364,0.824797,0.027266,14035
traffic,208,1.511047,0.761481,0.776344,0.006142,14035
traffic,209,1.461665,0.840595,0.873969,0.001195,14035
traffic,21,1.911384,0.90472,0.812195,0.003696,14035
traffic,210,1.262643,0.700662,0.871267,0.003843,14035
traffic,211,1.49951,0.805538,0.875926,0.000274,14035
traffic,212,1.250752,0.711368,0.894361,0.001611,14035
traffic,213,1.372744,0.806444,0.890144,0.000386,14035
traffic,214,0.767032,0.436267,0.58378,0.001467,14035
traffic,215,2.555413,0.943765,0.361895,0.006964,14035
traffic,216,1.809888,0.887504,0.858548,0.003009,14035
traffic,217,2.247781,1.024476,0.829455,0.015062,14035
traffic,218,1.011332,0.556602,0.78378,0.024885,14035
traffic,219,1.202082,0.655641,0.821388,0.011212,14035
traffic,22,1.482357,0.894338,0.880645,0.00325,14035
traffic,220,2.839933,1.234946,0.777887,0.008246,14035
traffic,221,1.558687,0.745409,0.811121,0.000224,14035
traffic,222,1.426751,0.740769,0.813824,0.00123,14035
traffic,223,1.082414,0.565356,0.722521,0.000575,14035
traffic,224,1.486124,0.690513,0.7463,0.002596,14035
traffic,225,2.916703,1.297458,0.830352,0.00433,14035
traffic,226,2.760993,1.015015,0.539191,0.001741,14035
traffic,227,2.235759,0.963946,0.675093,0.000469,14035
traffic,228,2.848222,1.224677,0.786982,0.000171,14035
traffic,229,1.567014,0.713597,0.662343,0.01019,14035
traffic,23,1.300709,0.734349,0.808637,0.003331,14035
traffic,230,2.106157,1.077633,0.834211,0.002384,14035
traffic,231,1.403428,0.737557,0.76317,0.005653,14035
traffic,232,1.162267,0.651441,0.868236,0.025169,14035
traffic,233,2.529857,1.067188,0.714028,0.034667,14035
traffic,234,0.92139,0.530034,0.789326,0.000177,14035
traffic,235,1.739337,0.821155,0.689234,2.2e-05,14035
traffic,236,1.903766,0.969898,0.898759,0.011781,14035
traffic,237,0.977158,0.549632,0.819369,0.003243,14035
traffic,238,1.876369,0.893175,0.802343,4.1e-05,14035
traffic,239,1.206203,0.759906,0.896275,0.00525,14035
traffic,24,2.512286,1.137856,0.757352,0.006515,14035
traffic,240,1.054806,0.648337,0.897154,0.000968,14035
traffic,241,2.557211,1.092936,0.799179,0.002039,14035
traffic,242,1.101142,0.716272,0.917826,0.005286,14035
traffic,243,1.369776,0.725238,0.843125,0.007081,14035
traffic,244,3.416501,1.236718,0.446613,0.004946,14035
traffic,245,1.950539,0.915107,0.829365,0.001697,14035
traffic,246,2.722562,1.264591,0.837519,0.000351,14035
traffic,247,1.18234,0.673087,0.812194,0.007566,14035
traffic,248,1.835698,0.766172,0.655253,0.093216,14035
traffic,249,1.534563,0.850648,0.864435,0.001763,14035
traffic,25,1.583733,0.767811,0.805165,0.004514,14035
traffic,250,1.446571,0.815662,0.866096,0.004643,14035
traffic,251,1.705223,0.779957,0.796404,0.000721,14035
traffic,252,1.473437,0.835657,0.864864,0.00159,14035
traffic,253,1.263863,0.672569,0.834899,0.000961,14035
traffic,254,1.083493,0.653534,0.8667,0.021077,14035
traffic,255,1.028553,0.646544,0.910942,0.001894,14035
traffic,256,1.026364,0.714372,0.884875,0.001231,14035
traffic,257,1.003203,0.608507,0.900504,0.003202,14035
traffic,258,1.144507,0.594769,0.639266,0.076443,14035
traffic,259,1.977008,0.948143,0.846148,0.001218,14035
traffic,26,1.425373,0.77468,0.893441,0.000302,14035
traffic,260,1.426136,0.759125,0.798989,0.00207,14035
traffic,261,1.175282,0.718938,0.92219,0.00225,14035
traffic,262,1.897385,0.964772,0.895724,0.000325,14035
traffic,263,2.658492,1.116636,0.809435,0.001893,14035
traffic,264,1.763818,0.832896,0.787523,0.003485,14035
traffic,265,1.015911,0.62651,0.900439,0.003268,14035
traffic,266,1.467413,0.777607,0.797862,0.008604,14035
traffic,267,0.714207,0.596554,0.993242,1.5e-05,14035
traffic,268,1.565205,0.785322,0.839397,6e-05,14035
traffic,269,3.024029,1.121876,0.454444,0.001033,14035
traffic,27,2.405089,1.08396,0.779958,0.016545,14035
traffic,270,1.420675,0.691171,0.763596,0.043565,14035
traffic,271,1.43164,0.743396,0.858425,0.001098,14035
traffic,272,1.007732,0.731818,0.94206,0.001497,14035
traffic,273,1.994284,0.929907,0.830247,0.006536,14035
traffic,274,1.937442,1.065799,0.898917,0.000297,14035
traffic,275,1.893216,0.91239,0.866439,0.001518,14035
traffic,276,1.791166,0.834035,0.802013,0.017142,14035
traffic,277,2.588685,1.317466,0.850239,0.004645,14035
traffic,278,1.855997,1.078293,0.931183,0.000381,14035
traffic,279,1.926652,0.898756,0.832661,0.0025,14035
traffic,28,0.766493,0.479043,0.722588,0.000603,14035
traffic,280,0.832982,0.650369,0.927572,0.011887,14035
traffic,281,1.06784,0.618983,0.84919,0.014817,14035
traffic,282,4.648153,1.623852,0.457723,0.000218,14035
traffic,283,1.401366,0.727739,0.812998,5.5e-05,14035
traffic,284,1.702315,0.804443,0.751002,0.000274,14035
traffic,285,1.253438,0.690121,0.795597,0.057793,14035
traffic,286,1.571823,0.736483,0.704473,0.067295,14035
traffic,287,1.595772,0.767406,0.74981,0.004011,14035
traffic,288,2.546183,1.061028,0.662715,0.00958,14035
traffic,289,1.174417,0.719427,0.880634,0.004396,14035
traffic,29,1.260936,0.667355,0.823928,0.008659,14035
traffic,290,1.001756,0.674511,0.908479,5.7e-05,14035
traffic,291,1.769537,0.960705,0.853845,0.00456,14035
traffic,292,1.992891,0.976787,0.871623,0.000414,14035
traffic,293,0.760543,0.537398,0.887248,0.002617,14035
traffic,294,2.595533,1.135625,0.830214,0.001769,14035
traffic,295,1.596376,0.720887,0.662091,0.026376,14035
traffic,296,1.397725,0.830735,0.8985,0.057639,14035
traffic,297,2.086512,0.929902,0.727078,2.6e-05,14035
traffic,298,2.308343,0.833283,0.327095,0.001093,14035
traffic,299,1.300012,0.652565,0.772795,0.005612,14035
traffic,3,1.198795,0.621078,0.745851,0.000845,14035
traffic,30,1.494159,0.874984,0.91029,0.002167,14035
traffic,300,1.117303,0.679011,0.901677,0.000145,14035
traffic,301,1.918608,0.903441,0.683054,0.01219,14035
traffic,302,0.724577,0.569057,0.923612,0.000202,14035
traffic,303,0.988349,0.572192,0.828209,0.005985,14035
traffic,304,2.228823,1.002942,0.788089,0.003089,14035
traffic,305,2.201032,0.835575,0.547654,0.001885,14035
traffic,306,2.290065,1.098508,0.84087,0.00129,14035
traffic,307,1.088022,0.665574,0.896932,0.013586,14035
traffic,308,2.325423,1.075504,0.835556,0.006008,14035
traffic,309,0.767186,0.577865,0.919288,0.007525,14035
traffic,31,1.720565,0.819858,0.763692,0.001247,14035
traffic,310,2.223338,1.01197,0.727408,0.000953,14035
traffic,311,1.385523,0.686804,0.802622,0.002491,14035
traffic,312,1.291028,0.741925,0.838072,4.4e-05,14035
traffic,313,0.98802,0.635895,0.851609,0.004731,14035
traffic,314,2.065037,0.934982,0.790418,2.7e-05,14035
traffic,315,2.925426,1.190415,0.748918,0.000108,14035
traffic,316,1.422029,0.700596,0.761904,0.006102,14035
traffic,317,1.303162,0.689837,0.71471,0.041902,14035
traffic,318,1.520865,0.754709,0.79727,0.015564,14035
traffic,319,1.800774,0.983968,0.893465,0.000324,14035
traffic,32,1.241796,0.777441,0.895211,0.000474,14035
traffic,320,1.583359,0.883915,0.872776,0.003405,14035
traffic,321,1.056412,0.612668,0.769203,0.0003,14035
traffic,322,2.398478,1.041782,0.841384,0.000175,14035
traffic,323,2.1264,0.908577,0.650513,0.004226,14035
traffic,324,1.765974,0.827446,0.772867,0.002957,14035
traffic,325,1.350014,0.794937,0.872151,0.005551,14035
traffic,326,1.098825,0.591885,0.786224,0.001479,14035
traffic,327,0.87867,0.598464,0.935229,0.020929,14035
traffic,328,2.162049,1.08403,0.842113,9.3e-05,14035
traffic,329,1.297053,0.700055,0.791465,0.00027,14035
traffic,33,1.430858,0.718494,0.765245,9e-05,14035
traffic,330,1.586129,0.75147,0.734477,0.006047,14035
traffic,331,2.910852,1.161834,0.683846,0.000357,14035
traffic,332,3.119043,1.380803,0.851467,0.003301,14035
traffic,333,1.256778,0.765499,0.882593,0.013575,14035
traffic,334,1.32904,0.750322,0.792279,0.003721,14035
traffic,335,1.64125,0.896854,0.859357,1.7e-05,14035
traffic,336,0.771518,0.504473,0.84765,0.070709,14035
traffic,337,1.209223,0.742534,0.842893,0.00113,14035
traffic,338,1.498907,0.741117,0.827653,0.001134,14035
traffic,339,1.737252,1.025408,0.914004,0.001848,14035
traffic,34,1.175701,0.658648,0.770485,0.004053,14035
traffic,340,0.918717,0.632045,0.903687,0.001239,14035
traffic,341,0.892985,0.555125,0.800945,0.002866,14035
traffic,342,1.731959,0.909674,0.864406,0.001129,14035
traffic,343,1.490837,0.845646,0.924503,0.001272,14035
traffic,344,1.599689,0.820062,0.894914,0.000257,14035
traffic,345,1.135548,0.723288,0.939329,0.000544,14035
traffic,346,1.493183,0.780693,0.819416,0.001419,14035
traffic,347,1.22001,0.712626,0.819649,0.000199,14035
traffic,348,1.044536,0.680464,0.897996,0.02327,14035
traffic,349,1.830297,0.930441,0.853523,0.001127,14035
traffic,35,0.725539,0.529298,0.877814,0.008642,14035
traffic,350,1.539531,0.81996,0.83294,1.3e-05,14035
traffic,351,2.396375,1.08972,0.769478,0.035205,14035
traffic,352,2.043678,0.92136,0.78097,0.016575,14035
traffic,353,3.268275,1.215671,0.648736,0.037192,14035
traffic,354,4.099825,1.530698,0.64219,0.001718,14035
traffic,355,1.520898,0.747288,0.819874,1e-06,14035
traffic,356,1.404174,0.75911,0.814939,0.044097,14035
traffic,357,1.187297,0.724306,0.856412,0.000331,14035
traffic,358,0.681165,0.570222,0.952835,0.002933,14035
traffic,359,1.339533,0.706614,0.812309,0.004095,14035
traffic,36,0.992089,0.679008,0.917354,4e-06,14035
traffic,360,0.892428,0.559213,0.834002,0.00356,14035
traffic,361,1.998169,0.928182,0.816381,0.001107,14035
traffic,362,1.265267,0.822746,0.923858,5e-06,14035
traffic,363,1.902041,0.893992,0.842745,0.00045,14035
traffic,364,1.790014,0.875094,0.839661,0.025715,14035
traffic,365,1.135689,0.736248,0.921719,0.062829,14035
traffic,366,1.456938,0.744962,0.807895,0.014032,14035
traffic,367,1.038388,0.559764,0.775375,0.008577,14035
traffic,368,1.816733,0.919585,0.747139,4e-06,14035
traffic,369,2.474984,1.158825,0.835757,0.00323,14035
traffic,37,1.026813,0.594172,0.764474,0.012669,14035
traffic,370,1.234538,0.612513,0.630759,0.001269,14035
traffic,371,0.789245,0.470142,0.667947,0.063,14035
traffic,372,1.279375,0.760294,0.898773,0.000531,14035
traffic,373,2.746822,1.372586,0.883786,0.000212,14035
traffic,374,1.793302,1.042877,0.914244,0.003663,14035
traffic,375,2.120697,1.057245,0.877141,9.1e-05,14035
traffic,376,1.454604,0.731828,0.815163,0.000964,14035
traffic,377,1.001493,0.593949,0.850943,0.034784,14035
traffic,378,1.585598,0.781856,0.850766,0.000345,14035
traffic,379,2.289108,0.959083,0.747527,0.004173,14035
traffic,38,0.640661,0.407403,0.638693,0.018041,14035
traffic,380,1.735328,0.771059,0.6399,0.0017,14035
traffic,381,1.050657,0.644818,0.872884,0.000195,14035
traffic,382,1.900826,0.814292,0.742714,0.001783,14035
traffic,383,1.257071,0.683811,0.791247,0.001639,14035
traffic,384,3.477189,1.624344,0.788233,0.003618,14035
traffic,385,1.227779,0.670347,0.774768,0.0097,14035
traffic,386,1.374674,0.738331,0.843689,0.00043,14035
traffic,387,1.901263,0.997402,0.891807,0.001417,14035
traffic,388,1.474381,0.778169,0.778236,0.051738,14035
traffic,389,3.405494,1.477252,0.77361,3.2e-05,14035
traffic,39,0.795615,0.607324,0.992144,4e-06,14035
traffic,390,1.561871,0.721835,0.750433,7.3e-05,14035
traffic,391,2.780024,1.100838,0.631937,0.0005,14035
traffic,392,1.112397,0.665708,0.803178,0.000875,14035
traffic,393,3.35158,1.502557,0.798191,9.3e-05,14035
traffic,394,2.457899,1.24273,0.874416,0.000851,14035
traffic,395,2.484574,1.337829,0.897758,0.000889,14035
traffic,396,0.931657,0.529519,0.765249,0.00563,14035
traffic,397,2.159543,1.001595,0.769619,0.00339,14035
traffic,398,1.836621,0.962756,0.876374,0.001289,14035
traffic,399,1.631219,0.794555,0.81035,0.00791,14035
traffic,4,2.671303,1.329956,0.884455,0.000118,14035
traffic,40,1.357329,0.738552,0.879541,1e-06,14035
traffic,400,2.206299,0.826903,0.500784,0.00026,14035
traffic,401,1.57936,0.757901,0.787565,0.006244,14035
traffic,402,2.641921,1.233037,0.831749,8.3e-05,14035
traffic,403,2.580512,1.197414,0.817246,0.0,14035
traffic,404,1.648632,0.892424,0.875026,0.002423,14035
traffic,405,1.290001,0.726416,0.803144,0.001954,14035
traffic,406,1.956931,0.939021,0.726729,0.006697,14035
traffic,407,2.055464,0.976678,0.790727,3.9e-05,14035
traffic,408,1.308902,0.722488,0.850435,0.000424,14035
traffic,409,1.222053,0.812607,0.942664,0.000734,14035
traffic,41,2.173449,1.181696,0.884336,0.001043,14035
traffic,410,1.445937,0.790824,0.898106,0.000939,14035
traffic,411,0.839061,0.621434,0.957128,0.000836,14035
traffic,412,1.880904,0.893019,0.804869,0.001626,14035
traffic,413,2.554401,1.205416,0.87513,0.000366,14035
traffic,414,0.673167,0.498238,0.887914,0.000303,14035
traffic,415,0.548975,0.436346,0.892192,0.01542,14035
traffic,416,1.420943,0.822425,0.890488,0.008318,14035
traffic,417,1.183055,0.729212,0.836012,0.000616,14035
traffic,418,2.245278,1.105024,0.877854,0.013462,14035
traffic,419,0.706977,0.527,0.917519,0.003928,14035
traffic,42,0.813383,0.610704,0.963041,0.000733,14035
traffic,420,1.642547,0.902882,0.881782,0.001254,14035
traffic,421,1.693718,0.835807,0.768787,0.000653,14035
traffic,422,1.336885,0.783341,0.901532,5.4e-05,14035
traffic,423,2.538621,1.06538,0.727175,0.005358,14035
traffic,424,2.546265,1.213637,0.847995,3.6e-05,14035
traffic,425,1.59907,0.789795,0.822708,0.025746,14035
traffic,426,1.638986,0.697466,0.540359,0.001394,14035
traffic,427,1.342472,0.767913,0.853139,0.003577,14035
traffic,428,1.324888,0.672522,0.822222,0.000507,14035
traffic,429,1.359736,0.764569,0.85329,0.004851,14035
traffic,43,1.946176,0.949811,0.838974,0.002219,14035
traffic,430,3.406579,1.660011,0.817392,0.002699,14035
traffic,431,1.69516,0.814762,0.826702,0.000209,14035
traffic,432,1.487102,0.796025,0.817512,0.001586,14035
traffic,433,1.673674,0.800148,0.800249,0.061483,14035
traffic,434,1.211275,0.690494,0.868014,0.004002,14035
traffic,435,1.580478,0.754013,0.779192,0.000156,14035
traffic,436,2.237275,1.063996,0.860731,0.001459,14035
traffic,437,1.698385,0.776237,0.725439,0.002475,14035
traffic,438,1.08505,0.654932,0.845006,0.000747,14035
traffic,439,1.338408,0.643751,0.678281,0.009319,14035
traffic,44,1.260623,0.701285,0.812534,0.028349,14035
traffic,440,0.773784,0.653853,0.947783,0.0,14035
traffic,441,0.969253,0.718962,0.947411,0.002203,14035
traffic,442,1.821252,0.962292,0.924175,0.000133,14035
traffic,443,1.891155,0.926407,0.858284,0.001831,14035
traffic,444,2.273913,1.265906,0.896884,0.000777,14035
traffic,445,1.873357,0.943919,0.869524,0.241771,14035
traffic,446,1.657123,0.838655,0.843556,0.070293,14035
traffic,447,2.446318,1.085286,0.778252,0.000719,14035
traffic,448,1.521652,0.804606,0.868153,0.135965,14035
traffic,449,2.06912,0.848865,0.577058,0.014383,14035
traffic,45,3.125082,1.181736,0.640789,2e-06,14035
traffic,450,0.729742,0.554153,0.904254,0.001325,14035
traffic,451,0.780794,0.500318,0.81277,0.001009,14035
traffic,452,1.388824,0.819801,0.887513,0.044042,14035
traffic,453,1.44329,0.743027,0.742188,0.000161,14035
traffic,454,1.597321,0.827515,0.866973,0.005702,14035
traffic,455,1.870339,1.044403,0.927816,0.000995,14035
traffic,456,1.956594,0.923983,0.827754,5.4e-05,14035
traffic,457,1.321777,0.719153,0.803212,0.023535,14035
traffic,458,1.534253,0.879564,0.894073,0.006916,14035
traffic,459,1.65709,0.903966,0.865228,0.001551,14035
traffic,46,1.945938,1.024086,0.916328,0.055248,14035
traffic,460,3.319899,1.323882,0.659919,0.000419,14035
traffic,461,1.824462,0.931271,0.891209,0.000432,14035
traffic,462,1.094923,0.638565,0.888804,0.001324,14035
traffic,463,1.592202,0.879777,0.888896,0.001849,14035
traffic,464,1.64789,0.802166,0.805443,0.000103,14035
traffic,465,1.410949,0.7427,0.85432,0.024153,14035
traffic,466,1.3813,0.713999,0.830121,0.004933,14035
traffic,467,1.814877,0.835224,0.747399,0.000195,14035
traffic,468,1.32649,0.793635,0.8751,0.000699,14035
traffic,469,2.011062,0.903088,0.745795,0.004841,14035
traffic,47,2.021344,0.925236,0.822172,0.000236,14035
traffic,470,2.829545,1.431224,0.864688,0.00206,14035
traffic,471,0.99867,0.611414,0.858363,0.002559,14035
traffic,472,0.926569,0.585483,0.883617,0.000567,14035
traffic,473,1.386167,0.809206,0.867035,0.000742,14035
traffic,474,1.591217,0.827431,0.872548,4.2e-05,14035
traffic,475,2.123959,0.946695,0.710514,0.001013,14035
traffic,476,1.223548,0.640097,0.708556,0.011033,14035
traffic,477,1.660265,0.732473,0.634793,0.051107,14035
traffic,478,0.894936,0.558203,0.867082,0.005375,14035
traffic,479,1.011881,0.664475,0.888949,0.001359,14035
traffic,48,1.149271,0.619308,0.785898,0.00401,14035
traffic,480,1.74256,0.771779,0.736126,0.000302,14035
traffic,481,1.416155,0.689428,0.781645,5.5e-05,14035
traffic,482,0.720458,0.568777,0.917864,0.003286,14035
traffic,483,1.548153,0.879644,0.908382,0.003573,14035
traffic,484,0.972023,0.651136,0.916827,0.000592,14035
traffic,485,1.582729,0.807017,0.789479,0.000449,14035
traffic,486,1.13975,0.633307,0.810813,0.018646,14035
traffic,487,0.87897,0.61785,0.937623,0.001373,14035
traffic,488,0.938624,0.654795,0.947784,0.007989,14035
traffic,489,1.919264,0.97265,0.860147,0.001005,14035
traffic,49,0.842212,0.59388,0.878931,0.001931,14035
traffic,490,1.878143,0.844112,0.700433,0.003369,14035
traffic,491,1.23609,0.700474,0.813069,0.000833,14035
traffic,492,0.503817,0.392868,0.811794,0.003549,14035
traffic,493,1.412834,0.744602,0.803131,0.002336,14035
traffic,494,2.146755,1.043782,0.853071,0.000542,14035
traffic,495,1.255515,0.669394,0.718738,0.018016,14035
traffic,496,1.130939,0.69905,0.921196,0.10111,14035
traffic,497,1.839489,0.98205,0.840545,0.005368,14035
traffic,498,0.953994,0.632685,0.913747,0.001027,14035
traffic,499,1.23485,0.745805,0.850545,7.5e-05,14035
traffic,5,2.263199,1.159963,0.888242,0.002139,14035
traffic,50,1.567434,0.698472,0.551422,0.000299,14035
traffic,500,1.667959,0.712154,0.681188,0.009231,14035
traffic,501,1.406073,0.751253,0.827688,0.019353,14035
traffic,502,0.697859,0.588278,0.945256,0.000508,14035
traffic,503,2.507171,0.972509,0.597761,3.4e-05,14035
traffic,504,0.728522,0.48744,0.813993,7.1e-05,14035
traffic,505,1.582776,0.694853,0.60824,0.016956,14035
traffic,506,1.088124,0.634593,0.802761,0.00109,14035
traffic,507,0.982056,0.599288,0.830318,0.020642,14035
traffic,508,2.212564,1.071918,0.789183,0.005135,14035
traffic,509,0.979938,0.592194,0.841569,0.000252,14035
traffic,51,1.671894,0.78558,0.667255,0.000973,14035
traffic,510,1.04784,0.627225,0.832718,0.003504,14035
traffic,511,1.002974,0.599992,0.839867,0.002905,14035
traffic,512,2.078195,0.86492,0.755544,0.032656,14035
traffic,513,2.20583,1.160966,0.894113,0.000796,14035
traffic,514,2.917655,1.259197,0.786945,7.6e-05,14035
traffic,515,0.712831,0.450805,0.683736,0.00611,14035
traffic,516,1.802118,0.820779,0.739357,0.015574,14035
traffic,517,1.611695,0.835784,0.753951,0.001332,14035
traffic,518,1.966219,0.899388,0.816952,0.000183,14035
traffic,519,1.848025,0.838897,0.801774,0.000623,14035
traffic,52,1.784015,0.880006,0.874562,0.00447,14035
traffic,520,0.82795,0.481497,0.758661,0.000763,14035
traffic,521,0.917362,0.584387,0.858965,0.005545,14035
traffic,522,0.693792,0.469775,0.8329,0.004123,14035
traffic,523,1.472043,0.843159,0.851716,0.001485,14035
traffic,524,6.261357,2.716836,0.256142,0.000689,14035
traffic,525,1.738962,1.039886,0.91879,0.000672,14035
traffic,526,1.586511,0.72323,0.729971,0.000541,14035
traffic,527,1.943898,0.886354,0.746691,7.2e-05,14035
traffic,528,1.768255,0.815027,0.794405,0.000186,14035
traffic,529,2.361595,1.009545,0.709131,0.000925,14035
traffic,53,2.292174,0.908848,0.627684,0.018271,14035
traffic,530,1.222659,0.686483,0.721599,0.001128,14035
traffic,531,1.184507,0.658432,0.840657,0.001703,14035
traffic,532,1.326081,0.729725,0.772722,0.005219,14035
traffic,533,1.49819,0.820212,0.851904,0.004265,14035
traffic,534,1.429084,0.727101,0.824855,8e-06,14035
traffic,535,1.464398,0.817866,0.853738,0.002545,14035
traffic,536,1.406045,0.65646,0.69741,0.000208,14035
traffic,537,1.981573,0.880011,0.66721,0.001632,14035
traffic,538,1.986073,0.95198,0.860958,0.000777,14035
traffic,539,1.232719,0.625976,0.772862,0.002771,14035
traffic,54,1.051552,0.604096,0.789982,0.002002,14035
traffic,540,2.019476,0.95991,0.835912,4.2e-05,14035
traffic,541,0.932046,0.523341,0.753401,0.000979,14035
traffic,542,1.53783,0.702453,0.763679,0.000824,14035
traffic,543,1.046788,0.610011,0.869286,0.005016,14035
traffic,544,2.935025,1.305019,0.811239,0.009942,14035
traffic,545,2.21996,0.909726,0.768011,0.027812,14035
traffic,546,1.552738,0.764395,0.801097,0.000266,14035
traffic,547,1.953229,0.958687,0.864858,0.001345,14035
traffic,548,1.016829,0.610691,0.737518,0.000942,14035
traffic,549,2.064099,1.091679,0.899546,0.000663,14035
traffic,55,1.396253,0.75666,0.786254,0.00206,14035
traffic,550,1.124391,0.693352,0.909365,0.009078,14035
traffic,551,2.012992,0.816245,0.616262,0.000159,14035
traffic,552,2.813164,1.369287,0.860159,0.012765,14035
traffic,553,1.953238,0.870565,0.743344,0.003836,14035
traffic,554,2.109434,0.9032,0.709651,0.007867,14035
traffic,555,2.215542,1.064986,0.827555,0.252892,14035
traffic,556,1.121917,0.697262,0.886211,0.038659,14035
traffic,557,1.332336,0.67976,0.850964,0.000218,14035
traffic,558,0.98534,0.641316,0.903862,2.3e-05,14035
traffic,559,1.516204,0.760134,0.834198,0.000219,14035
traffic,56,1.719772,0.678897,0.323922,0.000315,14035
traffic,560,1.586522,0.848815,0.892095,0.000421,14035
traffic,561,1.330586,0.790911,0.88864,0.001202,14035
traffic,562,1.275321,0.765607,0.93369,0.000882,14035
traffic,563,0.888535,0.635603,0.951799,0.001533,14035
traffic,564,1.764644,0.829974,0.733296,0.012597,14035
traffic,565,1.402325,0.739369,0.830299,0.114347,14035
traffic,566,0.994818,0.562205,0.81922,1e-06,14035
traffic,567,1.317321,0.728665,0.915469,0.103021,14035
traffic,568,2.112442,0.977747,0.840209,0.000752,14035
traffic,569,1.753763,0.819152,0.767317,0.006433,14035
traffic,57,1.393093,0.722846,0.837316,0.007039,14035
traffic,570,0.820043,0.576162,0.91418,0.005949,14035
traffic,571,2.333169,0.905748,0.562694,0.110431,14035
traffic,572,1.24479,0.794609,0.920462,0.001905,14035
traffic,573,0.786741,0.470829,0.707962,0.002826,14035
traffic,574,0.899878,0.576193,0.863929,8.5e-05,14035
traffic,575,1.31283,0.718734,0.784512,0.001431,14035
traffic,576,1.095913,0.645981,0.885619,0.001961,14035
traffic,577,1.084608,0.589289,0.792461,0.001826,14035
traffic,578,2.600789,1.111231,0.704915,0.000974,14035
traffic,579,1.12385,0.622822,0.732108,0.004316,14035
traffic,58,1.634111,0.838578,0.816042,0.001033,14035
traffic,580,2.703094,1.177455,0.766407,0.011697,14035
traffic,581,1.799219,0.874038,0.803378,0.000182,14035
traffic,582,1.212169,0.691807,0.849293,0.006798,14035
traffic,583,1.069067,0.653654,0.893454,5.1e-05,14035
traffic,584,0.947435,0.570739,0.845054,0.002699,14035
traffic,585,1.090779,0.672106,0.912724,0.001029,14035
traffic,586,2.847613,1.171239,0.725852,0.001904,14035
traffic,587,1.529012,0.749666,0.679971,0.000468,14035
traffic,588,1.573349,0.890007,0.893926,0.000532,14035
traffic,589,1.538953,0.782459,0.835295,0.000447,14035
traffic,59,0.750638,0.593832,0.936971,0.00279,14035
traffic,590,1.119491,0.668478,0.907279,6.4e-05,14035
traffic,591,1.403927,0.699795,0.79442,0.001089,14035
traffic,592,1.135793,0.61894,0.79947,0.002185,14035
traffic,593,0.793764,0.502529,0.779894,0.028843,14035
traffic,594,1.81347,0.982027,0.890997,0.000226,14035
traffic,595,1.987339,0.881459,0.803081,0.001463,14035
traffic,596,0.854202,0.598167,0.85811,0.030308,14035
traffic,597,1.77239,0.836176,0.796809,0.003543,14035
traffic,598,0.992326,0.576351,0.811788,0.001412,14035
traffic,599,1.278426,0.682687,0.741749,1.7e-05,14035
traffic,6,1.822343,0.963127,0.900509,0.001163,14035
traffic,60,1.033116,0.65044,0.847323,0.007484,14035
traffic,600,1.361169,0.729951,0.715857,0.001657,14035
traffic,601,1.216011,0.678188,0.883354,0.008927,14035
traffic,602,1.434394,0.727879,0.753561,0.003169,14035
traffic,603,1.207864,0.690052,0.923576,0.189112,14035
traffic,604,1.088466,0.593879,0.797487,0.010206,14035
traffic,605,1.005857,0.602173,0.806994,0.00011,14035
traffic,606,1.217798,0.706891,0.914101,0.013085,14035
traffic,607,1.696414,0.875031,0.709874,0.102542,14035
traffic,608,1.424062,0.710927,0.787854,0.001505,14035
traffic,609,1.403018,0.744371,0.875163,0.003319,14035
traffic,61,2.290539,1.044212,0.85081,0.000122,14035
traffic,610,0.93938,0.611141,0.890728,0.001486,14035
traffic,611,1.266203,0.67606,0.850059,0.002396,14035
traffic,612,2.242638,1.006027,0.856212,0.003284,14035
traffic,613,1.294457,0.691555,0.835219,0.059546,14035
traffic,614,1.401394,0.72178,0.738424,0.000216,14035
traffic,615,1.285892,0.743792,0.820377,0.006152,14035
traffic,616,1.01179,0.662145,0.924637,0.000317,14035
traffic,617,3.191858,1.340242,0.716987,0.000258,14035
traffic,618,1.405836,0.745494,0.851183,0.00083,14035
traffic,619,1.802991,0.897473,0.780776,0.002004,14035
traffic,62,1.714402,0.825954,0.772185,0.022485,14035
traffic,620,1.641295,0.794297,0.799975,5.2e-05,14035
traffic,621,2.198716,0.994195,0.726162,0.000461,14035
traffic,622,1.446447,0.70395,0.771308,0.000668,14035
traffic,623,1.924745,0.812271,0.710192,0.0009,14035
traffic,624,1.513076,0.791016,0.86483,5e-06,14035
traffic,625,0.793089,0.553684,0.90598,0.001611,14035
traffic,626,1.524075,0.786582,0.771121,6.3e-05,14035
traffic,627,2.412469,1.132477,0.87629,0.001548,14035
traffic,628,1.369141,0.796761,0.865035,0.0055,14035
traffic,629,1.488611,0.706311,0.742077,0.016958,14035
traffic,63,1.400425,0.771328,0.890093,0.003674,14035
traffic,630,1.564088,0.766369,0.797421,0.001169,14035
traffic,631,1.419111,0.745335,0.773308,0.001083,14035
traffic,632,3.421011,1.392204,0.667996,6e-06,14035
traffic,633,0.958714,0.616005,0.907274,0.004587,14035
traffic,634,1.664724,0.953811,0.921119,0.002177,14035
traffic,635,1.970875,0.991191,0.843559,0.003271,14035
traffic,636,0.754854,0.508006,0.802445,0.035775,14035
traffic,637,1.957145,1.012976,0.879483,0.000241,14035
traffic,638,1.480139,0.844868,0.856521,0.00484,14035
traffic,639,2.219686,0.968839,0.768419,0.007091,14035
traffic,64,2.046118,1.004484,0.873546,0.002075,14035
traffic,640,1.268144,0.675211,0.804536,0.003679,14035
traffic,641,1.874668,0.99196,0.850646,0.001196,14035
traffic,642,2.254584,1.009815,0.846081,0.10253,14035
traffic,643,1.156515,0.659247,0.773076,0.001576,14035
traffic,644,1.812093,0.926292,0.866585,0.003545,14035
traffic,645,1.793615,0.786698,0.74091,0.001032,14035
traffic,646,0.882351,0.622275,0.899859,0.0,14035
traffic,647,2.062358,0.86022,0.76121,0.011437,14035
traffic,648,1.180348,0.730233,0.867171,0.001142,14035
traffic,649,0.971748,0.623372,0.839293,0.000485,14035
traffic,65,1.189629,0.743685,0.875682,0.000857,14035
traffic,650,2.316211,0.971767,0.843251,0.008309,14035
traffic,651,1.367673,0.70901,0.815967,0.000795,14035
traffic,652,1.486413,0.756402,0.737603,0.000147,14035
traffic,653,1.59405,0.755866,0.863084,0.000152,14035
traffic,654,1.516757,0.758195,0.808618,0.001713,14035
traffic,655,1.42612,0.728587,0.695942,0.001749,14035
traffic,656,1.85179,0.804919,0.538784,0.001084,14035
traffic,657,1.323104,0.674855,0.809692,0.023519,14035
traffic,658,1.182321,0.679456,0.878637,0.001917,14035
traffic,659,1.256742,0.702803,0.876055,0.004245,14035
traffic,66,1.277045,0.719055,0.866562,0.012079,14035
traffic,660,1.500893,0.734227,0.795136,0.001038,14035
traffic,661,1.506013,0.796664,0.864119,0.000952,14035
traffic,662,1.135561,0.707151,0.89466,0.173808,14035
traffic,663,0.800484,0.606952,0.984874,4.7e-05,14035
traffic,664,1.208598,0.753591,0.918097,0.08067,14035
traffic,665,1.495863,0.790488,0.856813,0.0415,14035
traffic,666,1.109274,0.642583,0.878933,0.0032,14035
traffic,667,1.99554,1.023187,0.851259,0.002526,14035
traffic,668,1.368606,0.704114,0.768331,0.001082,14035
traffic,669,0.990459,0.690315,0.946484,0.083359,14035
traffic,67,2.393694,1.075668,0.784477,0.000232,14035
traffic,670,1.38902,0.701911,0.796239,0.000232,14035
traffic,671,1.212485,0.722859,0.877819,0.022463,14035
traffic,672,2.635369,1.195169,0.773397,0.0,14035
traffic,673,1.252604,0.759246,0.877515,0.00213,14035
traffic,674,1.417145,0.725594,0.820702,0.002581,14035
traffic,675,0.936273,0.657297,0.903593,0.009804,14035
traffic,676,0.569362,0.485134,0.913179,0.001952,14035
traffic,677,1.381833,0.724227,0.784792,0.000561,14035
traffic,678,0.969799,0.617339,0.836933,0.000167,14035
traffic,679,1.014889,0.714734,0.908431,0.001452,14035
traffic,68,0.79319,0.595408,0.951866,0.012921,14035
traffic,680,1.681269,0.770963,0.733972,0.004336,14035
traffic,681,1.057439,0.644919,0.826908,0.002154,14035
traffic,682,1.070524,0.635741,0.798196,0.001182,14035
traffic,683,0.820125,0.501928,0.840311,0.003268,14035
traffic,684,1.63376,0.833671,0.851662,0.004185,14035
traffic,685,1.398183,0.820359,0.889938,0.004424,14035
traffic,686,1.546677,0.785045,0.82869,0.003696,14035
traffic,687,1.761043,0.882103,0.869203,0.000649,14035
traffic,688,2.201218,0.905974,0.639448,9e-06,14035
traffic,689,1.187978,0.654561,0.7738,8e-06,14035
traffic,69,2.999667,1.193328,0.74305,0.002999,14035
traffic,690,1.687259,0.883377,0.840579,2.2e-05,14035
traffic,691,1.1247,0.632484,0.787918,0.000612,14035
traffic,692,0.912139,0.626032,0.910517,0.001794,14035
traffic,693,4.179313,1.635981,0.580491,5.7e-05,14035
traffic,694,1.026475,0.637404,0.878744,0.024859,14035
traffic,695,1.20008,0.629189,0.729789,0.078879,14035
traffic,696,1.523055,0.759185,0.773734,0.087271,14035
traffic,697,1.25976,0.66685,0.799903,0.039898,14035
traffic,698,1.689222,0.938051,0.896605,0.004889,14035
traffic,699,1.093095,0.692023,0.864796,0.058813,14035
traffic,7,1.570632,0.901976,0.892559,0.000202,14035
traffic,70,1.043207,0.585688,0.862846,0.002326,14035
traffic,700,1.14985,0.637896,0.787188,0.007687,14035
traffic,701,2.967237,1.356919,0.776015,0.001079,14035
traffic,702,0.98471,0.554179,0.806546,0.002912,14035
traffic,703,1.40259,0.780968,0.91037,0.001867,14035
traffic,704,1.778776,0.928979,0.870773,0.007548,14035
traffic,705,1.392019,0.779582,0.893308,0.002366,14035
traffic,706,1.705113,0.842013,0.809183,0.000996,14035
traffic,707,1.842875,0.988734,0.861708,0.009218,14035
traffic,708,0.846386,0.588494,0.865845,0.002605,14035
traffic,709,1.856284,0.938161,0.856282,0.009699,14035
traffic,71,1.733375,0.904598,0.908491,0.000529,14035
traffic,710,1.767505,0.869047,0.817464,0.000224,14035
traffic,711,2.344505,0.969738,0.641891,0.004342,14035
traffic,712,1.845749,0.923832,0.874517,0.000735,14035
traffic,713,2.032202,0.815885,0.416773,5e-05,14035
traffic,714,1.208075,0.775586,0.882122,0.006101,14035
traffic,715,1.618149,0.79739,0.789385,0.001598,14035
traffic,716,1.356761,0.87586,0.856942,0.00345,14035
traffic,717,1.330255,0.65084,0.693923,0.008988,14035
traffic,718,1.914874,0.899954,0.604761,0.005785,14035
traffic,719,0.68729,0.542682,0.930602,0.002002,14035
traffic,72,0.788196,0.600811,0.894661,0.001746,14035
traffic,720,1.971659,0.832385,0.484992,0.001145,14035
traffic,721,0.822781,0.671126,0.945716,0.002036,14035
traffic,722,3.209732,1.107474,0.396914,0.000412,14035
traffic,723,1.266429,0.639868,0.589041,0.009215,14035
traffic,724,1.82548,0.834988,0.815585,0.125446,14035
traffic,725,1.227307,0.580754,0.528828,0.033354,14035
traffic,726,1.57276,0.693241,0.563554,0.037453,14035
traffic,727,1.832431,0.738387,0.503092,0.000443,14035
traffic,728,2.369902,0.96492,0.662928,0.000637,14035
traffic,729,1.147029,0.640941,0.844766,0.002857,14035
traffic,73,1.733649,0.8566,0.831813,0.006647,14035
traffic,730,0.69884,0.55385,0.923548,0.003729,14035
traffic,731,0.969218,0.661452,0.935663,0.000915,14035
traffic,732,1.889956,0.954243,0.846376,0.000575,14035
traffic,733,0.759471,0.606638,0.983561,0.021782,14035
traffic,734,1.710022,0.840427,0.858576,0.00076,14035
traffic,735,0.603871,0.480356,0.865945,0.00183,14035
traffic,736,2.060286,0.905636,0.740029,0.003487,14035
traffic,737,2.500142,0.90965,0.352761,8.2e-05,14035
traffic,738,1.247991,0.717088,0.88309,0.003735,14035
traffic,739,1.563102,0.742996,0.767061,0.000157,14035
traffic,74,3.120701,1.428133,0.82612,0.000253,14035
traffic,740,1.153036,0.728997,0.865184,0.000214,14035
traffic,741,0.730946,0.493289,0.783196,0.002816,14035
traffic,742,1.849744,0.80887,0.755131,0.011959,14035
traffic,743,1.986796,0.852979,0.736863,0.06311,14035
traffic,744,1.132016,0.710486,0.846476,0.001949,14035
traffic,745,1.474341,0.701257,0.744337,0.004059,14035
traffic,746,1.499461,0.716333,0.724152,0.006814,14035
traffic,747,2.289698,1.026108,0.740355,0.002101,14035
traffic,748,1.981391,0.813162,0.598764,0.025869,14035
traffic,749,1.816376,0.90377,0.842612,0.002953,14035
traffic,75,1.495277,0.77654,0.872597,0.000102,14035
traffic,750,1.112629,0.653554,0.836313,0.000395,14035
traffic,751,1.126653,0.78721,0.932776,0.004288,14035
traffic,752,0.886894,0.683205,0.9539,0.001093,14035
traffic,753,0.998155,0.675577,0.920365,0.000835,14035
traffic,754,2.098623,1.104669,0.85656,0.002054,14035
traffic,755,0.913493,0.555712,0.844604,0.007375,14035
traffic,756,0.966225,0.63072,0.893562,0.001569,14035
traffic,757,1.226219,0.720647,0.901468,0.000273,14035
traffic,758,1.44209,0.869331,0.917172,0.000847,14035
traffic,759,0.939019,0.638602,0.872845,0.000108,14035
traffic,76,1.784508,0.963358,0.868571,0.00069,14035
traffic,760,2.507921,1.093933,0.831077,0.004178,14035
traffic,761,1.71512,0.77328,0.694247,0.00215,14035
traffic,762,1.244215,0.602833,0.621643,0.011471,14035
traffic,763,2.283361,1.015573,0.828359,0.001438,14035
traffic,764,0.781868,0.59169,0.921368,0.004504,14035
traffic,765,0.838551,0.614283,0.912752,0.004827,14035
traffic,766,2.43538,0.978554,0.70988,3.1e-05,14035
traffic,767,0.973344,0.604797,0.835173,0.000149,14035
traffic,768,1.950053,1.013349,0.861939,1.3e-05,14035
traffic,769,1.675638,0.814079,0.762801,0.00042,14035
traffic,77,1.658082,0.996493,0.933566,0.001108,14035
traffic,770,1.782354,0.843629,0.755066,0.000486,14035
traffic,771,1.396521,0.687193,0.686841,0.00098,14035
traffic,772,1.921475,0.841964,0.673366,0.00348,14035
traffic,773,2.511622,1.024951,0.743046,0.000179,14035
traffic,774,3.71888,1.539803,0.682035,0.001114,14035
traffic,775,1.205705,0.679795,0.862165,0.02624,14035
traffic,776,1.220841,0.746881,0.897352,0.014631,14035
traffic,777,1.111703,0.647013,0.886232,0.105556,14035
traffic,778,0.943199,0.624047,0.8739,0.002086,14035
traffic,779,1.487069,0.755143,0.8613,0.001475,14035
traffic,78,1.352191,0.735991,0.818931,5.2e-05,14035
traffic,780,1.183507,0.663336,0.778955,0.000353,14035
traffic,781,1.084399,0.626495,0.800094,0.000635,14035
traffic,782,1.028655,0.631559,0.841052,5e-06,14035
traffic,783,1.442649,0.700048,0.766378,0.008631,14035
traffic,784,1.184793,0.649982,0.780029,0.000179,14035
traffic,785,1.852676,0.831785,0.715915,7.9e-05,14035
traffic,786,1.535444,0.747556,0.728208,0.000194,14035
traffic,787,1.064919,0.583775,0.743884,0.006616,14035
traffic,788,0.824476,0.557851,0.833722,0.029449,14035
traffic,789,1.837007,0.941113,0.8109,0.006101,14035
traffic,79,0.991926,0.592834,0.785903,0.001819,14035
traffic,790,2.322535,0.869784,0.357251,0.066913,14035
traffic,791,1.941873,0.989282,0.850235,0.0,14035
traffic,792,0.917075,0.574267,0.831857,0.000114,14035
traffic,793,1.731588,0.84959,0.777758,0.000761,14035
traffic,794,1.59857,0.79224,0.833265,0.003104,14035
traffic,795,1.680038,0.751302,0.743844,0.041096,14035
traffic,796,2.342418,0.83915,0.402789,0.01266,14035
traffic,797,2.256011,1.001288,0.798914,0.000352,14035
traffic,798,2.269568,0.994433,0.711306,0.0012,14035
traffic,799,0.766639,0.585043,0.897368,0.012775,14035
traffic,8,0.892079,0.654791,0.918946,0.001824,14035
traffic,80,0.575222,0.410803,0.864532,0.019316,14035
traffic,800,1.808698,0.794649,0.785263,0.001595,14035
traffic,801,1.698037,0.933167,0.885679,0.000346,14035
traffic,802,1.150655,0.69237,0.917336,0.00138,14035
traffic,803,2.158126,0.904752,0.675442,0.000223,14035
traffic,804,1.306663,0.726508,0.816839,0.000103,14035
traffic,805,0.864505,0.628356,0.949117,0.001323,14035
traffic,806,1.031623,0.673173,0.869251,0.000657,14035
traffic,807,1.766355,0.770689,0.595402,0.007447,14035
traffic,808,1.935962,0.976452,0.849776,0.000628,14035
traffic,809,1.272957,0.720861,0.870534,0.000145,14035
traffic,81,1.520665,0.842945,0.870703,0.004023,14035
traffic,810,1.668593,0.791138,0.744196,0.002268,14035
traffic,811,1.095401,0.615542,0.794533,0.009935,14035
traffic,812,1.056717,0.618839,0.803433,0.0,14035
traffic,813,2.050535,0.96053,0.771839,0.001116,14035
traffic,814,2.089617,0.970567,0.818717,0.001366,14035
traffic,815,1.156766,0.604746,0.823112,0.002134,14035
traffic,816,1.165036,0.695443,0.86233,0.002191,14035
traffic,817,1.002907,0.559536,0.782945,0.048588,14035
traffic,818,0.741613,0.514682,0.898695,0.000974,14035
traffic,819,2.128505,1.064622,0.884827,0.0,14035
traffic,82,1.019058,0.608686,0.866439,0.001588,14035
traffic,820,1.246885,0.644916,0.73199,0.001611,14035
traffic,821,0.822051,0.594026,0.944389,0.001249,14035
traffic,822,1.976288,0.979865,0.746448,0.044374,14035
traffic,823,1.0099,0.615521,0.787647,0.005524,14035
traffic,824,1.409131,0.696748,0.744283,2.8e-05,14035
traffic,825,2.556693,1.045148,0.768537,0.001779,14035
traffic,826,1.148508,0.7002,0.837179,0.009159,14035
traffic,827,1.613071,0.817905,0.854264,2.4e-05,14035
traffic,828,1.512284,0.777474,0.872824,0.001405,14035
traffic,829,1.388122,0.742305,0.841886,0.000201,14035
traffic,83,0.959393,0.661711,0.883716,0.007829,14035
traffic,830,1.621085,0.773879,0.781412,0.009869,14035
traffic,831,0.459572,0.38151,0.830734,0.017865,14035
traffic,832,0.690306,0.445628,0.736326,0.003196,14035
traffic,833,2.238286,0.999943,0.780368,0.085182,14035
traffic,834,1.277789,0.688285,0.80026,0.088966,14035
traffic,835,0.908095,0.618397,0.945706,0.012492,14035
traffic,836,1.831949,0.856616,0.789095,0.022285,14035
traffic,837,1.916184,0.941496,0.807037,0.006205,14035
traffic,838,1.144088,0.697106,0.934073,0.005212,14035
traffic,839,1.396401,0.787682,0.798181,0.001117,14035
traffic,84,1.886787,0.927329,0.872387,0.004357,14035
traffic,840,4.079001,1.55744,0.718625,0.009856,14035
traffic,841,0.644358,0.538034,0.949522,0.000656,14035
traffic,842,0.685984,0.587713,0.947942,0.001117,14035
traffic,843,1.443717,0.706898,0.722165,0.001527,14035
traffic,844,0.755999,0.603648,0.919945,0.00277,14035
traffic,845,2.826322,1.24183,0.824122,0.001967,14035
traffic,846,1.835352,0.953891,0.889064,0.000163,14035
traffic,847,1.576877,0.952551,0.932598,7.6e-05,14035
traffic,848,1.564774,0.798382,0.722212,2.3e-05,14035
traffic,849,1.862188,0.96268,0.881335,0.000233,14035
traffic,85,1.103423,0.620081,0.800247,0.000488,14035
traffic,850,1.618599,0.701407,0.578834,0.001389,14035
traffic,851,2.770237,1.235169,0.755563,0.021313,14035
traffic,852,1.046958,0.729319,0.975947,0.105671,14035
traffic,853,0.840098,0.629635,0.967598,0.015742,14035
traffic,854,1.519579,0.770753,0.765876,0.000229,14035
traffic,855,1.159862,0.588836,0.680419,0.004099,14035
traffic,856,0.958879,0.628156,0.878458,3e-06,14035
traffic,857,0.921229,0.642257,0.931149,0.016533,14035
traffic,858,0.539558,0.425389,0.829211,0.072092,14035
traffic,859,0.758345,0.525568,0.829221,0.010862,14035
traffic,86,1.551537,0.85167,0.88097,0.005643,14035
traffic,860,0.981082,0.602318,0.837991,0.061057,14035
traffic,87,1.301887,0.683985,0.717501,0.00448,14035
traffic,88,0.853709,0.584021,0.898564,0.00226,14035
traffic,89,2.196317,1.034247,0.852641,0.001251,14035
traffic,9,3.230965,1.28631,0.6862,0.00029,14035
traffic,90,1.188607,0.662876,0.863264,0.006367,14035
traffic,91,1.738468,0.817578,0.795065,0.009904,14035
traffic,92,0.906158,0.642766,0.917709,0.00084,14035
traffic,93,1.143199,0.643497,0.833192,0.005653,14035
traffic,94,2.257566,1.138389,0.896743,6.5e-05,14035
traffic,95,1.799365,0.964492,0.902224,0.005264,14035
traffic,96,1.968393,0.943592,0.848595,0.001604,14035
traffic,97,3.257933,1.684739,0.851286,7.5e-05,14035
traffic,98,2.122361,1.071863,0.883923,0.000428,14035
traffic,99,0.845538,0.601801,0.893074,0.001748,14035
traffic,OT,0.706873,0.597053,0.96023,0.015576,14035
m4,D1,0.149368,0.221481,0.998367,0.972881,1006
m4,D10,0.027196,0.077588,0.917724,0.497033,674
m4,D100,0.462987,0.473335,0.964243,0.452689,1006
m4,D1000,0.08169,0.142801,0.977281,0.7358,1052
m4,D1001,0.04035,0.094264,0.947949,0.590585,1052
m4,D1002,0.047562,0.10315,0.874822,0.003393,1052
m4,D1003,0.072662,0.133167,0.973872,0.703155,1052
m4,D1004,0.269629,0.319322,0.991922,0.213421,4075
m4,D1005,0.047433,0.103699,0.95621,0.523583,1052
m4,D1006,0.078291,0.138568,0.977175,0.735202,1052
m4,D1007,0.315627,0.348521,0.993103,0.357746,4075
m4,D1008,0.26289,0.313297,0.991119,0.165031,4075
m4,D1009,0.212994,0.263158,0.991981,0.357837,4075
m4,D101,0.144673,0.215002,0.990589,0.937952,1006
m4,D1010,0.294693,0.307783,0.993237,0.676594,4075
m4,D1011,0.277826,0.307144,0.994397,0.621742,4075
m4,D1012,0.11471,0.177465,0.973765,0.001781,4075
m4,D1013,0.140242,0.209953,0.988227,0.104777,4075
m4,D1014,0.375306,0.35885,0.994904,0.754889,4075
m4,D1015,0.235262,0.288424,0.993772,0.380505,4075
m4,D1016,0.186114,0.25297,0.992069,0.203976,4075
m4,D1017,0.162838,0.23488,0.989917,0.356078,4075
m4,D1018,0.209864,0.261009,0.992431,0.476657,4075
m4,D1019,0.188579,0.266367,0.992364,0.187889,4075
m4,D102,0.112039,0.184181,0.987174,0.913944,1006
m4,D1020,0.280725,0.308063,0.9787,0.20533,4075
m4,D1021,0.092333,0.15813,0.981808,0.008622,3060
m4,D1022,0.125205,0.191157,0.978784,0.054689,3060
m4,D1023,0.352077,0.363042,0.997729,0.820383,3700
m4,D1024,0.372246,0.386692,0.987342,0.430603,3951
m4,D1025,0.303876,0.314929,0.976471,0.00681,3317
m4,D1026,0.215108,0.269099,0.980722,0.283514,2440
m4,D1027,0.218972,0.26209,0.97415,0.219989,2440
m4,D1028,0.185215,0.235533,0.970023,0.069833,2440
m4,D1029,0.114478,0.177371,0.969396,0.004297,2440
m4,D103,0.093759,0.177508,0.977145,0.433189,1006
m4,D1030,0.260048,0.308075,0.984326,0.419931,2440
m4,D1031,0.124722,0.188018,0.973855,0.077725,2440
m4,D1032,0.221115,0.283923,0.984217,0.197249,2440
m4,D1033,0.208788,0.276619,0.984033,0.313768,2440
m4,D1034,0.192398,0.255735,0.98198,0.243244,2440
m4,D1035,0.196494,0.257308,0.980627,0.194823,2440
m4,D1036,0.170975,0.232286,0.977384,0.055966,2440
m4,D1037,0.165499,0.228897,0.979004,0.425635,2440
m4,D1038,0.18655,0.245599,0.97891,0.157088,2440
m4,D1039,0.250368,0.275747,0.983894,0.303077,3319
m4,D104,0.181897,0.245611,0.993952,0.869441,1006
m4,D1040,0.303852,0.309876,0.974569,0.037906,3319
m4,D1041,0.225373,0.258834,0.980589,0.117376,3319
m4,D1042,0.285354,0.293578,0.967261,0.023636,3319
m4,D1043,0.254449,0.277237,0.971779,0.009476,3319
m4,D1044,0.31507,0.333926,0.9814,0.3414,3317
m4,D1045,0.318894,0.328444,0.985014,0.095448,3319
m4,D1046,0.257758,0.287863,0.979748,0.040295,3319
m4,D1047,0.308764,0.324569,0.978681,0.008883,3319
m4,D1048,0.257524,0.281542,0.975295,0.28536,3319
m4,D1049,0.24346,0.273966,0.977877,0.004535,3319
m4,D105,0.175815,0.238993,0.994184,0.895174,1006
m4,D1050,0.239878,0.269098,0.978423,0.029888,3319
m4,D1051,0.244248,0.274343,0.973883,0.013898,3319
m4,D1052,0.026935,0.076107,0.964735,0.698152,921
m4,D1053,0.370892,0.386656,0.998169,0.972954,3949
m4,D1054,0.028593,0.081712,0.908705,0.26802,921
m4,D1055,0.095895,0.166951,0.988839,0.89057,921
m4,D1056,0.037853,0.0953,0.964467,0.380852,921
m4,D1057,0.058891,0.123276,0.980768,0.760968,921
m4,D1058,0.037636,0.095198,0.971651,0.738824,921
m4,D1059,0.013437,0.050994,0.918894,0.352832,921
m4,D106,0.062814,0.130895,0.965684,0.644751,1006
m4,D1060,0.068268,0.136218,0.983002,0.83937,921
m4,D1061,0.040273,0.099199,0.969175,0.58338,921
m4,D1062,0.025922,0.074447,0.962466,0.692797,921
m4,D1063,0.057996,0.122608,0.983345,0.860324,921
m4,D1064,0.059033,0.123363,0.985788,0.778657,921
m4,D1065,0.409848,0.409616,0.997308,0.854572,3951
m4,D1066,0.012859,0.049716,0.91316,0.333201,921
m4,D1067,0.040088,0.098795,0.977234,0.612512,921
m4,D1068,0.193137,0.25263,0.995869,0.923011,3949
m4,D1069,0.212722,0.26737,0.994016,0.72515,3951
m4,D107,0.078656,0.15026,0.973686,0.726874,1006
m4,D1070,0.513757,0.47833,0.998297,0.9409,3951
m4,D1071,0.424563,0.427625,0.997952,0.921008,3951
m4,D1072,0.406542,0.41055,0.98876,0.068276,3951
m4,D1073,0.303081,0.336353,0.996786,0.932492,3951
m4,D1074,0.219436,0.279144,0.990015,0.052272,3951
m4,D1075,0.158944,0.225305,0.993527,0.74573,3951
m4,D1076,0.362345,0.37833,0.988201,0.148023,3951
m4,D1077,0.195043,0.255192,0.995585,0.843193,3951
m4,D1078,0.338782,0.3699,0.989608,0.27023,3066
m4,D1079,0.252085,0.298633,0.986519,0.366955,3064
m4,D108,0.035684,0.09321,0.9694,0.502927,921
m4,D1080,0.130611,0.19569,0.972755,0.126574,3066
m4,D1081,0.396751,0.417861,0.991328,0.259773,3066
m4,D1082,0.164696,0.233153,0.9801,0.34239,3066
m4,D1083,0.458175,0.473855,0.993491,0.642818,3064
m4,D1084,0.550881,0.544369,0.994134,0.558494,3066
m4,D1085,0.286716,0.351589,0.989901,0.637245,3066
m4,D1086,0.216096,0.281785,0.988497,0.426966,3066
m4,D1087,0.20272,0.267591,0.987144,0.235266,3066
m4,D1088,0.364336,0.409003,0.992332,0.507159,3066
m4,D1089,0.247921,0.311339,0.989969,0.39487,3066
m4,D109,0.030341,0.084963,0.963011,0.425067,921
m4,D1090,0.235921,0.30752,0.990968,0.337228,3066
m4,D1091,0.390564,0.435766,0.994088,0.621836,3066
m4,D1092,0.17008,0.237238,0.984567,0.250662,3066
m4,D1093,0.436039,0.482886,0.995545,0.656515,3066
m4,D1094,0.287539,0.355503,0.992867,0.472728,3066
m4,D1095,0.298682,0.335753,0.995145,0.791546,4195
m4,D1096,0.200312,0.259616,0.988444,0.126092,4197
m4,D1097,0.32507,0.359775,0.991201,0.023648,4197
m4,D1098,0.269127,0.315361,0.994206,0.76079,4197
m4,D1099,0.231378,0.285147,0.98872,0.100858,4197
m4,D11,0.201182,0.260453,0.99,0.889584,1006
m4,D110,0.037639,0.09609,0.971237,0.525715,921
m4,D1100,0.176218,0.238941,0.990736,0.171828,4197
m4,D1101,0.310415,0.350909,0.990056,0.12919,4197
m4,D1102,0.142055,0.206457,0.986328,0.39997,4197
m4,D1103,0.421615,0.395624,0.982483,0.00606,4197
m4,D1104,0.199606,0.260835,0.992122,0.543304,4197
m4,D1105,0.272421,0.321759,0.992449,0.421254,4197
m4,D1106,0.286898,0.340587,0.995585,0.577105,4197
m4,D1107,0.250275,0.310651,0.993601,0.002783,4197
m4,D1108,0.334076,0.367552,0.994417,0.552715,4197
m4,D1109,0.242069,0.307209,0.994468,0.00054,4197
m4,D111,0.14272,0.224681,0.986804,0.336957,1006
m4,D1110,0.352638,0.375721,0.996509,0.778767,4197
m4,D1111,0.158481,0.221775,0.988861,0.478052,4195
m4,D1112,0.213025,0.281183,0.994033,0.414256,4197
m4,D1113,0.276324,0.329913,0.992665,0.087312,4197
m4,D1114,0.293846,0.337705,0.993444,0.481111,4197
m4,D1115,0.209639,0.268915,0.987241,0.021045,4197
m4,D1116,0.178074,0.239394,0.988688,0.174112,4197
m4,D1117,0.405079,0.411972,0.997084,0.801904,4197
m4,D1118,0.216059,0.273061,0.993357,0.634928,4197
m4,D1119,0.174521,0.23918,0.991667,0.280087,4197
m4,D112,0.179172,0.255054,0.989866,0.414643,1006
m4,D1120,0.256828,0.317627,0.995786,0.469962,4197
m4,D1121,0.158301,0.226516,0.990926,0.23632,4197
m4,D1122,0.312324,0.357421,0.993183,0.684311,4197
m4,D1123,0.267774,0.322619,0.99312,0.03745,4197
m4,D1124,0.258372,0.313017,0.992111,0.560971,4197
m4,D1125,0.22118,0.2881,0.994863,0.375137,4197
m4,D1126,0.163262,0.230549,0.991008,0.000153,4197
m4,D1127,0.252142,0.300137,0.990848,0.256446,4197
m4,D1128,0.335539,0.365521,0.993157,0.067777,4195
m4,D1129,0.210604,0.272958,0.991574,0.08402,4197
m4,D113,0.169403,0.247198,0.989202,0.397078,1006
m4,D1130,0.228846,0.289118,0.992254,0.160165,4197
m4,D1131,0.417811,0.429271,0.993979,0.0566,4197
m4,D1132,0.363617,0.3878,0.992843,0.020081,4197
m4,D1133,0.283114,0.318992,0.983609,0.205182,4197
m4,D1134,0.361472,0.395849,0.993917,0.023573,4197
m4,D1135,0.222226,0.281336,0.987024,0.131593,4197
m4,D1136,0.227547,0.293159,0.990743,0.000612,4197
m4,D1137,0.220233,0.283407,0.9919,0.045705,4197
m4,D1138,0.241788,0.301259,0.992527,0.176535,4197
m4,D1139,0.360153,0.387107,0.99296,0.089293,4197
m4,D114,0.420877,0.45366,0.980908,0.466198,1006
m4,D1140,0.294798,0.352868,0.99512,0.177085,4197
m4,D1141,0.257826,0.304752,0.991765,0.278689,4197
m4,D1142,0.236945,0.300757,0.992412,0.06521,4197
m4,D1143,0.383736,0.389721,0.989106,0.360993,4197
m4,D1144,0.335986,0.361998,0.988885,0.40966,4197
m4,D1145,0.416458,0.428344,0.99402,0.045964,4197
m4,D1146,0.387913,0.394161,0.988777,0.000884,4195
m4,D1147,0.288868,0.323408,0.99272,0.432502,4197
m4,D1148,0.240172,0.299402,0.992943,0.001842,4197
m4,D1149,0.254109,0.316004,0.993443,0.084761,4197
m4,D115,0.407611,0.428987,0.978277,0.385831,1006
m4,D1150,0.214475,0.276449,0.991936,0.102215,4197
m4,D1151,0.265312,0.302105,0.987357,0.148474,4197
m4,D1152,0.22833,0.293532,0.990934,0.000196,4197
m4,D1153,0.223252,0.285758,0.988797,0.224645,4197
m4,D1154,0.232099,0.303061,0.993724,0.006969,4197
m4,D1155,0.290431,0.349686,0.995133,0.159504,4197
m4,D1156,0.464518,0.439035,0.989034,0.227566,3194
m4,D1157,0.395261,0.391452,0.988204,0.30897,3194
m4,D1158,0.573836,0.528934,0.991768,0.390323,3194
m4,D1159,0.42626,0.402077,0.989952,0.008912,4196
m4,D116,0.401668,0.436606,0.980212,0.42944,1006
m4,D1160,0.372888,0.373396,0.987263,0.26153,3194
m4,D1161,0.487613,0.458024,0.989735,0.270223,3194
m4,D1162,0.425496,0.403181,0.987984,3e-06,4196
m4,D1163,0.275182,0.307773,0.985461,0.201797,3194
m4,D1164,0.232971,0.273785,0.976994,0.101016,3194
m4,D1165,0.303772,0.338071,0.986513,0.372967,3194
m4,D1166,0.245375,0.285075,0.982263,0.140433,3194
m4,D1167,0.483252,0.439073,0.990227,0.005632,4197
m4,D1168,0.29403,0.324324,0.986996,0.256853,3194
m4,D1169,0.301227,0.331414,0.988268,0.204348,3194
m4,D117,0.070126,0.147594,0.973237,0.096633,1006
m4,D1170,0.32024,0.348288,0.989185,0.262929,3194
m4,D1171,0.399402,0.415669,0.991886,0.427075,3194
m4,D1172,0.478785,0.458672,0.990845,0.438721,3194
m4,D1173,0.47921,0.435522,0.990079,0.0,4197
m4,D1174,0.325449,0.362072,0.99088,0.291422,3194
m4,D1175,0.516527,0.467505,0.991251,0.079632,4197
m4,D1176,0.427273,0.452878,0.99366,0.48844,3194
m4,D1177,0.302995,0.321703,0.981169,0.015647,4197
m4,D1178,0.291184,0.309874,0.987326,0.001033,4197
m4,D1179,0.444371,0.424017,0.990826,0.041356,4196
m4,D118,0.433097,0.40816,0.95495,0.255064,1006
m4,D1180,0.298701,0.313606,0.986588,0.051369,4197
m4,D1181,0.319214,0.336091,0.988965,0.11715,4197
m4,D1182,0.291972,0.313904,0.984632,0.350227,4197
m4,D1183,0.330304,0.349272,0.990489,0.147506,4197
m4,D1184,0.300748,0.31969,0.988924,0.008413,4197
m4,D1185,0.313114,0.338214,0.990939,0.0497,4197
m4,D1186,0.356098,0.377237,0.992497,0.227499,4197
m4,D1187,0.034423,0.092434,0.952804,0.602349,688
m4,D1188,0.022079,0.071286,0.922599,0.343499,688
m4,D1189,0.384167,0.407248,0.997086,0.811468,4197
m4,D119,0.433036,0.408124,0.954946,0.255051,1006
m4,D1190,0.297592,0.336196,0.993819,0.460784,4197
m4,D1191,0.250266,0.303583,0.996899,0.767497,4197
m4,D1192,0.146506,0.219127,0.991479,0.022928,4197
m4,D1193,0.172271,0.238086,0.993629,0.54323,4197
m4,D1194,0.203066,0.264899,0.993405,0.535874,4197
m4,D1195,0.547687,0.512974,0.987025,0.111535,4197
m4,D1196,0.556926,0.501288,0.985012,0.187983,4197
m4,D1197,0.653155,0.578755,0.997959,0.916755,4197
m4,D1198,0.569239,0.509803,0.985063,0.089308,4197
m4,D1199,0.482457,0.449594,0.985283,0.309438,4197
m4,D12,0.158983,0.231453,0.987744,0.464716,1006
m4,D120,0.11569,0.199008,0.981028,0.302112,1006
m4,D1200,0.584221,0.544099,0.988095,0.436727,4197
m4,D1201,0.576591,0.536949,0.996228,0.872363,4197
m4,D1202,0.566991,0.524365,0.997603,0.922554,4197
m4,D1203,0.453735,0.432267,0.995116,0.818374,4197
m4,D1204,0.448054,0.442112,0.996746,0.887357,4197
m4,D1205,0.610049,0.507517,0.98328,0.367552,4197
m4,D1206,0.637663,0.56864,0.997896,0.914867,4197
m4,D1207,0.555613,0.51548,0.988074,0.01576,4197
m4,D1208,0.536626,0.493827,0.997934,0.944095,4197
m4,D1209,0.368147,0.379213,0.997105,0.901099,4197
m4,D121,0.10285,0.18459,0.977637,0.219275,1006
m4,D1210,0.482006,0.455423,0.986604,0.133514,4197
m4,D1211,0.497281,0.467113,0.998049,0.939779,4197
m4,D1212,0.553467,0.50519,0.998019,0.945304,4197
m4,D1213,0.535985,0.501884,0.99738,0.89102,4197
m4,D1214,0.426356,0.417926,0.986334,0.25683,4197
m4,D1215,0.613496,0.540767,0.98544,0.005859,4197
m4,D1216,0.493375,0.460506,0.995872,0.844825,4197
m4,D1217,0.677306,0.599114,0.998193,0.918615,4197
m4,D1218,0.487343,0.478015,0.997118,0.820206,4197
m4,D1219,0.550375,0.50392,0.998453,0.954253,4197
m4,D122,0.112214,0.195219,0.98022,0.281877,1006
m4,D1220,0.603128,0.539283,0.987116,0.648614,4197
m4,D1221,0.692944,0.609426,0.998244,0.920511,4197
m4,D1222,0.574662,0.531402,0.997783,0.89559,4197
m4,D1223,0.596643,0.547164,0.997917,0.928745,4197
m4,D1224,0.597102,0.52948,0.985368,0.001532,4197
m4,D1225,0.612349,0.556842,0.988226,0.706818,4197
m4,D1226,0.49133,0.474324,0.997327,0.899606,4197
m4,D1227,0.474953,0.452851,0.986975,0.278916,4197
m4,D1228,0.532591,0.491984,0.998384,0.952379,4197
m4,D1229,0.584633,0.528345,0.998313,0.953425,4197
m4,D123,0.063866,0.128587,0.956909,0.003955,1006
m4,D1230,0.301472,0.343785,0.996048,0.795013,4197
m4,D1231,0.407819,0.422626,0.989585,0.163982,4197
m4,D1232,0.355624,0.391445,0.99075,0.428544,4197
m4,D1233,0.364112,0.396935,0.990584,0.407409,4197
m4,D1234,0.274758,0.319161,0.996485,0.822699,4197
m4,D1235,0.327816,0.35443,0.993881,0.627409,4197
m4,D1236,0.27108,0.329261,0.99501,0.369363,4197
m4,D1237,0.244176,0.291067,0.99066,0.2325,4197
m4,D1238,0.290334,0.33575,0.995862,0.778095,4197
m4,D1239,0.37431,0.400434,0.989824,0.000102,4197
m4,D124,0.066393,0.133826,0.96156,0.212253,1006
m4,D1240,0.250497,0.312746,0.990885,0.281886,4197
m4,D1241,0.295429,0.310697,0.986005,0.197019,4197
m4,D1242,0.336515,0.377029,0.990685,0.163082,4197
m4,D1243,0.218809,0.279815,0.990286,0.063555,4197
m4,D1244,0.328607,0.371759,0.990838,0.007177,4197
m4,D1245,0.256028,0.318159,0.992132,0.352447,4197
m4,D1246,0.134545,0.208826,0.993018,0.220663,4197
m4,D1247,0.356176,0.373584,0.994553,0.68739,4197
m4,D1248,0.152347,0.221407,0.99243,0.428871,4197
m4,D1249,0.256793,0.300101,0.987635,0.012332,4197
m4,D125,0.194242,0.277247,0.991539,0.853436,1006
m4,D1250,0.322964,0.359787,0.996411,0.817994,4197
m4,D1251,0.335063,0.368293,0.996568,0.831876,4197
m4,D1252,0.262168,0.312188,0.997069,0.787086,4197
m4,D1253,0.419121,0.430703,0.9974,0.839803,4197
m4,D1254,0.345986,0.366536,0.994337,0.666951,4197
m4,D1255,0.274874,0.329865,0.990434,0.003311,4197
m4,D1256,0.346993,0.344891,0.984592,0.302671,4197
m4,D1257,0.519944,0.520444,0.99393,0.096607,4197
m4,D1258,0.526635,0.521705,0.995407,0.359827,4197
m4,D1259,0.517567,0.478993,0.991792,0.221358,4197
m4,D126,0.066705,0.150604,0.982224,0.00034,1006
m4,D1260,0.542334,0.534967,0.994501,0.234366,4197
m4,D1261,0.503001,0.47178,0.991129,0.073615,4197
m4,D1262,0.538768,0.532708,0.994436,0.219498,4197
m4,D1263,0.478941,0.492322,0.994685,0.201701,4197
m4,D1264,0.368329,0.403922,0.994449,0.06656,4197
m4,D1265,0.521343,0.481229,0.991899,0.240215,4197
m4,D1266,0.408722,0.425909,0.995254,0.260037,4197
m4,D1267,0.533549,0.525775,0.995485,0.376841,4197
m4,D1268,0.414159,0.435577,0.993558,0.139851,4197
m4,D1269,0.431602,0.439567,0.994662,0.305099,4197
m4,D127,0.087172,0.1556,0.983865,0.604739,1006
m4,D1270,0.388903,0.414335,0.993722,0.11825,4197
m4,D1271,0.456216,0.463583,0.994494,0.317506,4197
m4,D1272,0.438504,0.443703,0.994779,0.326721,4197
m4,D1273,0.402512,0.422317,0.995156,0.238238,4197
m4,D1274,0.70148,0.66502,0.996216,0.874008,4195
m4,D1275,0.463545,0.454606,0.992091,0.801128,3698
m4,D1276,0.534839,0.541797,0.994663,0.81367,3698
m4,D1277,0.744769,0.67048,0.996638,0.925834,4197
m4,D1278,0.60368,0.564332,0.99444,0.86973,3698
m4,D1279,0.654557,0.614557,0.99562,0.882314,3698
m4,D128,0.169735,0.21617,0.852223,0.029071,741
m4,D1280,0.551633,0.555107,0.994854,0.82525,3698
m4,D1281,0.582927,0.548155,0.994182,0.863085,3698
m4,D1282,0.684553,0.651189,0.996105,0.867131,4195
m4,D1283,0.440699,0.464723,0.99319,0.724468,3698
m4,D1284,0.635362,0.600909,0.995484,0.875927,3698
m4,D1285,0.5253,0.521259,0.994455,0.823333,3698
m4,D1286,0.416304,0.426103,0.993677,0.862826,3698
m4,D1287,0.4847,0.490215,0.993809,0.799341,3698
m4,D1288,0.596034,0.576163,0.995136,0.860038,3698
m4,D1289,0.595376,0.568489,0.995515,0.908425,3698
m4,D129,0.181157,0.226339,0.790062,0.093768,741
m4,D1290,0.568994,0.540589,0.995678,0.914438,3698
m4,D1291,0.448242,0.458236,0.993776,0.858896,3698
m4,D1292,0.615446,0.590889,0.995307,0.867259,3698
m4,D1293,0.546365,0.523794,0.995467,0.909897,3698
m4,D1294,0.573676,0.552398,0.995326,0.903753,3698
m4,D1295,0.749848,0.667997,0.995821,0.901143,4197
m4,D1296,0.605385,0.554352,0.994457,0.862727,4197
m4,D1297,0.728775,0.651193,0.995665,0.898364,4197
m4,D1298,0.587212,0.571159,0.995286,0.809357,4195
m4,D1299,0.798218,0.721495,0.99665,0.901124,4197
m4,D13,0.204136,0.265175,0.989114,0.600853,1006
m4,D130,0.572552,0.52717,0.977907,0.450783,1211
m4,D1300,0.778747,0.706932,0.996565,0.898357,4197
m4,D1301,0.759749,0.691406,0.996421,0.892228,4197
m4,D1302,0.711473,0.640085,0.996806,0.932374,4197
m4,D1303,0.722685,0.653432,0.996523,0.92456,4197
m4,D1304,0.739784,0.675565,0.996313,0.888835,4197
m4,D1305,0.665493,0.621659,0.995937,0.869775,4197
m4,D1306,0.622231,0.582754,0.995486,0.853932,4197
m4,D1307,0.549905,0.518683,0.99564,0.906078,4197
m4,D1308,0.592436,0.553736,0.995616,0.902451,4197
m4,D1309,0.687953,0.62227,0.996679,0.931086,4197
m4,D131,0.380191,0.369551,0.974579,0.855128,1023
m4,D1310,0.380588,0.4154,0.989879,0.000454,4195
m4,D1311,0.383539,0.417919,0.989992,0.002834,4195
m4,D1312,0.391728,0.426923,0.990113,0.000103,4197
m4,D1313,0.364237,0.388906,0.987128,0.033989,4197
m4,D1314,0.348779,0.387395,0.989894,0.013845,4197
m4,D1315,0.38333,0.408007,0.988158,0.154646,4197
m4,D1316,0.363093,0.387395,0.98704,0.022105,4197
m4,D1317,0.389415,0.424718,0.990016,0.001681,4197
m4,D1318,0.343836,0.382901,0.989667,0.00687,4197
m4,D1319,0.271922,0.32553,0.9872,0.025591,4197
m4,D132,0.794829,0.679944,0.973847,0.917854,319
m4,D1320,0.299981,0.342281,0.98776,0.015033,4197
m4,D1321,0.264964,0.328646,0.988257,0.082474,4197
m4,D1322,0.321988,0.362138,0.988429,0.024426,4197
m4,D1323,0.271884,0.325489,0.987168,0.042198,4197
m4,D1324,0.360838,0.379742,0.9869,0.005676,4197
m4,D1325,0.306559,0.345221,0.9877,0.153231,4197
m4,D1326,0.287666,0.329813,0.987021,0.108337,4197
m4,D1327,0.361059,0.380706,0.986957,0.012802,4197
m4,D1328,0.370526,0.406389,0.989413,0.035955,4195
m4,D1329,0.287565,0.338732,0.987847,0.223512,4197
m4,D133,0.535917,0.526122,0.911796,0.813966,169
m4,D1330,0.298008,0.355627,0.989528,0.325687,4197
m4,D1331,0.374575,0.396717,0.987861,0.115754,4197
m4,D1332,0.341725,0.378762,0.989713,0.039709,4197
m4,D1333,0.267218,0.330566,0.988344,0.109298,4197
m4,D1334,0.335751,0.373679,0.98945,0.026932,4197
m4,D1335,0.289905,0.333317,0.987534,7.3e-05,4197
m4,D1336,0.307569,0.34886,0.987925,0.007306,4197
m4,D1337,0.287415,0.331027,0.987348,0.001362,4197
m4,D1338,0.262085,0.314418,0.986712,0.004489,4197
m4,D1339,0.260693,0.313548,0.986619,0.013355,4197
m4,D134,0.316538,0.406093,0.837341,0.044805,136
m4,D1340,0.269298,0.322462,0.98708,0.16981,4197
m4,D1341,0.279062,0.339118,0.988957,0.269004,4197
m4,D1342,0.255172,0.3164,0.987797,0.040112,4197
m4,D1343,0.255946,0.317579,0.987845,0.061381,4197
m4,D1344,0.390846,0.400002,0.99307,0.761695,3066
m4,D1345,0.382519,0.394359,0.992869,0.751196,3066
m4,D1346,0.04615,0.099057,0.880025,0.004328,1187
m4,D1347,0.060774,0.126292,0.941916,0.027518,1187
m4,D1348,0.04752,0.102945,0.888546,0.078805,1187
m4,D1349,0.046162,0.099326,0.88063,0.010086,1187
m4,D135,0.993275,0.699244,0.589957,0.631605,140
m4,D1350,0.066178,0.131709,0.947037,0.097082,1187
m4,D1351,0.038062,0.088819,0.897331,0.274861,1187
m4,D1352,0.036739,0.087021,0.892853,0.244994,1187
m4,D1353,0.444479,0.434538,0.992647,0.729497,3066
m4,D1354,0.031656,0.080179,0.85391,0.012948,1187
m4,D1355,0.034853,0.084733,0.869705,0.111549,1187
m4,D1356,0.067461,0.133046,0.948172,0.112911,1187
m4,D1357,0.035755,0.086028,0.873719,0.136661,1187
m4,D1358,0.040539,0.09143,0.902162,0.23557,1187
m4,D1359,0.031213,0.079406,0.870299,0.090965,1187
m4,D136,0.388369,0.398202,0.637853,0.367873,110
m4,D1360,0.03927,0.089799,0.89837,0.20756,1187
m4,D1361,0.034103,0.083047,0.880072,0.069789,1187
m4,D1362,0.062737,0.130977,0.943029,0.266971,1187
m4,D1363,0.055978,0.120127,0.932856,0.13762,1187
m4,D1364,0.510294,0.468397,0.995231,0.876035,3066
m4,D1365,0.445983,0.42818,0.994332,0.843716,3066
m4,D1366,0.398476,0.401177,0.991365,0.675979,3066
m4,D1367,0.389291,0.403287,0.993764,0.840804,3066
m4,D1368,0.392581,0.400928,0.99443,0.847737,3066
m4,D1369,0.450898,0.44474,0.994831,0.876492,3066
m4,D137,0.816076,0.655131,0.711803,0.590968,158
m4,D1370,0.457684,0.444835,0.995466,0.877883,3066
m4,D1371,0.415703,0.413524,0.995028,0.841932,3066
m4,D1372,0.44699,0.437693,0.99532,0.874045,3066
m4,D1373,0.440755,0.437978,0.994679,0.871842,3066
m4,D1374,0.426564,0.420908,0.995195,0.846669,3066
m4,D1375,0.360688,0.375533,0.993994,0.810031,3066
m4,D1376,0.536341,0.534079,0.994187,0.195214,4197
m4,D1377,0.517827,0.481047,0.991528,0.210849,4197
m4,D1378,0.51453,0.479013,0.991425,0.193441,4197
m4,D1379,0.522921,0.523559,0.99523,0.344481,4197
m4,D138,0.555925,0.504653,0.890177,0.537649,258
m4,D1380,0.539515,0.536226,0.99425,0.208936,4197
m4,D1381,0.520718,0.522997,0.993687,0.079273,4197
m4,D1382,0.504008,0.473919,0.990811,0.056065,4197
m4,D1383,0.454502,0.465488,0.994277,0.302841,4197
m4,D1384,0.516741,0.519749,0.995152,0.328155,4197
m4,D1385,0.448577,0.46152,0.994167,0.283774,4197
m4,D1386,0.474296,0.492273,0.994422,0.172894,4197
m4,D1387,0.429437,0.441391,0.994426,0.289057,4197
m4,D1388,0.423253,0.437557,0.994311,0.268605,4197
m4,D1389,0.411441,0.4356,0.993225,0.112678,4197
m4,D139,0.300637,0.325336,0.802633,0.70594,189
m4,D1390,0.401217,0.424372,0.994913,0.222934,4197
m4,D1391,0.385958,0.41488,0.993382,0.091119,4197
m4,D1392,0.395723,0.421076,0.994817,0.202757,4197
m4,D1393,0.367221,0.405435,0.994133,0.045535,4197
m4,D1394,0.395766,0.422905,0.99146,0.463528,3066
m4,D1395,0.378278,0.408174,0.99099,0.435305,3066
m4,D1396,0.196079,0.25412,0.986396,0.670379,1808
m4,D1397,0.319876,0.345793,0.991985,0.794933,1808
m4,D1398,0.426723,0.43898,0.996079,0.798929,1808
m4,D1399,0.311675,0.357784,0.994518,0.742187,1808
m4,D14,0.291581,0.321427,0.997796,0.859488,1006
m4,D140,0.887293,0.538162,0.083412,0.048978,130
m4,D1400,0.216383,0.269886,0.987776,0.704434,1808
m4,D1401,0.232595,0.285989,0.99387,0.724459,1808
m4,D1402,0.255538,0.309313,0.99343,0.761153,1808
m4,D1403,0.224713,0.283266,0.992859,0.714082,1808
m4,D1404,0.247271,0.300328,0.993565,0.740761,1808
m4,D1405,0.344903,0.367372,0.996058,0.796792,1808
m4,D1406,0.36001,0.381974,0.995723,0.805344,1808
m4,D1407,0.390933,0.407645,0.995864,0.830019,1808
m4,D1408,0.278501,0.326475,0.994022,0.781613,1808
m4,D1409,0.539999,0.518489,0.992553,0.628329,3066
m4,D141,0.013321,0.052297,0.925098,0.002404,802
m4,D1410,0.210373,0.269064,0.993139,0.694985,1808
m4,D1411,0.380633,0.402586,0.994617,0.827498,1808
m4,D1412,0.496109,0.482234,0.995927,0.851358,1808
m4,D1413,0.405514,0.409209,0.989384,0.5039,3066
m4,D1414,0.485159,0.497006,0.993249,0.579891,3066
m4,D1415,0.427638,0.427155,0.990063,0.530441,3066
m4,D1416,0.269354,0.340988,0.990269,0.290871,3066
m4,D1417,0.281727,0.354025,0.990815,0.330403,3066
m4,D1418,0.356055,0.385487,0.994222,0.816595,1808
m4,D1419,0.352798,0.421238,0.992888,0.501264,3066
m4,D142,0.018429,0.062838,0.946083,0.254365,701
m4,D1420,0.28389,0.342922,0.990914,0.476967,3066
m4,D1421,0.267795,0.328217,0.990236,0.458043,3066
m4,D1422,0.397807,0.443406,0.993864,0.643807,3066
m4,D1423,0.29853,0.366209,0.992517,0.582781,3066
m4,D1424,0.37868,0.423569,0.993409,0.644348,3066
m4,D1425,0.302007,0.359461,0.991569,0.511984,3066
m4,D1426,0.417593,0.472048,0.9949,0.711549,3066
m4,D1427,0.285248,0.343834,0.990936,0.496434,3066
m4,D1428,0.359438,0.376703,0.996474,0.84619,4195
m4,D1429,0.348463,0.368962,0.996328,0.837512,4195
m4,D143,0.016054,0.057415,0.936995,0.156009,802
m4,D1430,0.340475,0.366168,0.99446,0.632962,4197
m4,D1431,0.329717,0.358693,0.994238,0.618636,4197
m4,D1432,0.386219,0.39004,0.996744,0.915681,4197
m4,D1433,0.399152,0.398624,0.996873,0.918297,4197
m4,D1434,0.237572,0.293011,0.991371,0.412728,4197
m4,D1435,0.314223,0.343909,0.995654,0.835793,4197
m4,D1436,0.193126,0.249879,0.991854,0.69692,4197
m4,D1437,0.302026,0.33504,0.995433,0.828397,4197
m4,D1438,0.2629,0.304297,0.99473,0.865104,4197
m4,D1439,0.167464,0.23039,0.992279,0.674588,4197
m4,D144,0.019842,0.065581,0.922709,0.405196,674
m4,D1440,0.280633,0.318218,0.995994,0.813426,4197
m4,D1441,0.243043,0.296708,0.995785,0.708646,4197
m4,D1442,0.231377,0.28791,0.995526,0.694079,4197
m4,D1443,0.134491,0.208694,0.991339,0.449688,4197
m4,D1444,0.222171,0.274209,0.993115,0.619508,4197
m4,D1445,0.308018,0.339035,0.995554,0.793483,4197
m4,D1446,0.385858,0.396189,0.995297,0.692556,4197
m4,D1447,0.317901,0.346161,0.995731,0.804076,4197
m4,D1448,0.373779,0.387929,0.995104,0.680447,4197
m4,D1449,0.449833,0.434538,0.997389,0.928192,4197
m4,D145,0.101971,0.172136,0.990273,0.923268,1429
m4,D1450,0.253795,0.299335,0.994359,0.700047,4195
m4,D1451,0.270352,0.315531,0.992628,0.508006,4197
m4,D1452,0.435865,0.42542,0.997286,0.926373,4197
m4,D1453,0.363454,0.380299,0.996451,0.86227,4197
m4,D1454,0.306049,0.337493,0.995771,0.89167,4197
m4,D1455,0.231282,0.281621,0.993644,0.762636,4197
m4,D1456,0.345118,0.364622,0.997013,0.852098,4197
m4,D1457,0.278061,0.322232,0.996527,0.758079,4197
m4,D1458,0.206723,0.262515,0.994218,0.751476,4197
m4,D1459,0.1664,0.23542,0.99342,0.57951,4197
m4,D146,0.761196,0.698655,0.993983,0.17428,4315
m4,D1460,0.330987,0.354777,0.996851,0.846663,4197
m4,D1461,0.248724,0.282215,0.989734,0.542484,3194
m4,D1462,0.196054,0.246203,0.990105,0.633329,3194
m4,D1463,0.489675,0.474236,0.997333,0.855084,4195
m4,D1464,0.507974,0.487726,0.997505,0.869811,4195
m4,D1465,0.179439,0.226697,0.982462,0.183578,3194
m4,D1466,0.303908,0.321581,0.99464,0.845212,3194
m4,D1467,0.130887,0.189867,0.981101,0.24436,3194
m4,D1468,0.283798,0.30684,0.994041,0.827513,3194
m4,D1469,0.192813,0.23791,0.989258,0.673619,3194
m4,D147,0.755882,0.695145,0.993679,0.030038,4315
m4,D1470,0.218348,0.263309,0.993212,0.796236,3194
m4,D1471,0.247807,0.287652,0.99301,0.809944,3194
m4,D1472,0.149391,0.204977,0.985088,0.563989,3194
m4,D1473,0.237629,0.278866,0.994052,0.820173,3194
m4,D1474,0.135497,0.19328,0.986017,0.565672,3194
m4,D1475,0.528286,0.485244,0.996571,0.85117,4197
m4,D1476,0.229367,0.272638,0.992137,0.785772,3194
m4,D1477,0.202357,0.24895,0.99274,0.737902,3194
m4,D1478,0.397928,0.406256,0.99611,0.731745,4195
m4,D1479,0.184532,0.234065,0.991654,0.699353,3194
m4,D148,0.363639,0.398959,0.9953,0.867461,4315
m4,D1480,0.579692,0.529705,0.997983,0.927331,4197
m4,D1481,0.602456,0.545438,0.998105,0.931713,4197
m4,D1482,0.113984,0.172469,0.983108,0.362025,3194
m4,D1483,0.506744,0.469942,0.99632,0.836588,4197
m4,D1484,0.458188,0.445951,0.997045,0.879251,4197
m4,D1485,0.522931,0.492791,0.997606,0.927158,4197
m4,D1486,0.499703,0.475989,0.997428,0.921384,4197
m4,D1487,0.378701,0.387564,0.996002,0.853622,4197
m4,D1488,0.45543,0.43845,0.997792,0.928706,4197
m4,D1489,0.353942,0.364415,0.996356,0.87841,4197
m4,D149,0.511364,0.554315,0.995344,0.392064,4315
m4,D1490,0.507792,0.47403,0.998012,0.945128,4197
m4,D1491,0.483032,0.456535,0.997837,0.940587,4197
m4,D1492,0.430506,0.420979,0.997584,0.920314,4197
m4,D1493,0.304303,0.330713,0.995824,0.821157,4197
m4,D1494,0.376569,0.3684,0.988571,0.334714,3319
m4,D1495,0.362781,0.360724,0.987878,0.261434,3319
m4,D1496,0.161347,0.208364,0.968111,0.329488,2187
m4,D1497,0.178318,0.221486,0.972069,0.424777,2187
m4,D1498,0.16198,0.210039,0.971841,0.02057,2187
m4,D1499,0.18378,0.229437,0.979558,0.159709,2187
m4,D15,0.441194,0.39912,0.978412,0.354229,1006
m4,D150,0.046354,0.105478,0.970646,0.634413,954
m4,D1500,0.164335,0.213076,0.972205,0.000713,2187
m4,D1501,0.175611,0.222923,0.978124,0.087682,2187
m4,D1502,0.187555,0.241519,0.979666,0.07444,2187
m4,D1503,0.136768,0.189464,0.958152,0.002178,2187
m4,D1504,0.154042,0.206944,0.975516,0.170056,2187
m4,D1505,0.161899,0.218685,0.976485,0.039728,2187
m4,D1506,0.164142,0.214893,0.977448,0.263704,2187
m4,D1507,0.156559,0.207246,0.978884,0.375587,2187
m4,D1508,0.350527,0.339663,0.984513,0.319762,3319
m4,D1509,0.140268,0.195149,0.97592,0.270676,2187
m4,D151,0.046073,0.104911,0.970411,0.682226,954
m4,D1510,0.131288,0.189783,0.972175,0.025428,2187
m4,D1511,0.125292,0.18077,0.97396,0.286905,2187
m4,D1512,0.325247,0.327682,0.981479,0.011146,3319
m4,D1513,0.142399,0.194376,0.977635,0.39764,2187
m4,D1514,0.214233,0.268932,0.980508,0.195379,2187
m4,D1515,0.382067,0.368715,0.990703,0.550731,3319
m4,D1516,0.371622,0.351918,0.985797,0.40408,3319
m4,D1517,0.111561,0.171912,0.969176,0.044876,2187
m4,D1518,0.33849,0.347879,0.988078,0.149814,3319
m4,D1519,0.450598,0.40956,0.992179,0.564231,3319
m4,D152,0.486545,0.49205,0.994304,0.328015,4315
m4,D1520,0.423172,0.393874,0.991455,0.501527,3319
m4,D1521,0.355983,0.352975,0.989755,0.476515,3319
m4,D1522,0.361292,0.350817,0.990618,0.574473,3319
m4,D1523,0.292107,0.305309,0.988519,0.431561,3319
m4,D1524,0.238074,0.274607,0.984214,0.024722,3319
m4,D1525,0.289342,0.312874,0.985807,0.089121,3319
m4,D1526,0.259762,0.290322,0.98442,0.07733,3319
m4,D1527,0.319108,0.321705,0.989801,0.520753,3319
m4,D1528,0.332816,0.33352,0.989453,0.496818,3319
m4,D1529,0.572582,0.499322,0.990721,0.224347,4197
m4,D153,0.587698,0.547573,0.995628,0.715099,4315
m4,D1530,0.576799,0.533908,0.993402,0.254297,4197
m4,D1531,0.571213,0.530266,0.993272,0.23379,4197
m4,D1532,0.558216,0.520538,0.99362,0.251159,4195
m4,D1533,0.564184,0.524216,0.993747,0.273051,4195
m4,D1534,0.57843,0.503133,0.990918,0.24848,4197
m4,D1535,0.554136,0.488292,0.989841,0.098816,4197
m4,D1536,0.549803,0.518298,0.992651,0.122637,4197
m4,D1537,0.553942,0.517445,0.994364,0.423355,4197
m4,D1538,0.436759,0.431773,0.991666,0.188037,4197
m4,D1539,0.54323,0.510978,0.994196,0.400311,4197
m4,D154,0.343563,0.354607,0.989886,0.03246,4315
m4,D1540,0.492126,0.466697,0.993166,0.376367,4197
m4,D1541,0.49225,0.482029,0.99324,0.256942,4197
m4,D1542,0.481863,0.459979,0.992932,0.34918,4197
m4,D1543,0.473574,0.449316,0.993304,0.356856,4197
m4,D1544,0.454043,0.439058,0.993698,0.278356,4197
m4,D1545,0.462973,0.442703,0.99306,0.328069,4197
m4,D1546,0.40704,0.411783,0.992447,0.097798,4197
m4,D1547,0.44454,0.433185,0.993486,0.249713,4197
m4,D1548,0.417217,0.416003,0.991767,0.161686,4197
m4,D1549,0.487258,0.476299,0.993648,0.274615,4197
m4,D155,0.490073,0.440393,0.995655,0.554269,4315
m4,D1550,0.553749,0.486672,0.991061,0.24391,4197
m4,D1551,0.560079,0.490556,0.99126,0.26987,4197
m4,D1552,0.534284,0.507799,0.993007,0.133584,4195
m4,D1553,0.532204,0.474735,0.990173,0.109691,4197
m4,D1554,0.542345,0.506918,0.994575,0.420082,4197
m4,D1555,0.485064,0.460087,0.993561,0.399184,4197
m4,D1556,0.465992,0.44143,0.993721,0.383597,4197
m4,D1557,0.553805,0.513603,0.994738,0.443687,4197
m4,D1558,0.425777,0.42363,0.992093,0.2045,4197
m4,D1559,0.405236,0.406483,0.992191,0.178531,4197
m4,D156,0.749838,0.578363,0.985719,0.579413,4315
m4,D1560,0.474228,0.453215,0.993334,0.370958,4197
m4,D1561,0.454503,0.43465,0.993478,0.352311,4197
m4,D1562,0.39123,0.400233,0.992841,0.111274,4197
m4,D1563,0.442368,0.428942,0.994087,0.303862,4197
m4,D1564,0.432301,0.422931,0.993879,0.273361,4197
m4,D1565,0.30422,0.339105,0.994079,0.377438,4195
m4,D1566,0.304771,0.352772,0.993048,0.162567,4197
m4,D1567,0.153856,0.224684,0.98896,0.048407,4197
m4,D1568,0.289491,0.329224,0.993675,0.274623,4195
m4,D1569,0.315239,0.361421,0.99341,0.251165,4197
m4,D157,0.975193,0.822695,0.998607,0.833146,4315
m4,D1570,0.293395,0.325707,0.994814,0.720766,4197
m4,D1571,0.256385,0.300367,0.993895,0.631291,4197
m4,D1572,0.326085,0.359066,0.993154,0.017696,4197
m4,D1573,0.222791,0.282865,0.99398,0.536442,4197
m4,D1574,0.194739,0.261661,0.992982,0.408769,4197
m4,D1575,0.192618,0.262915,0.993007,0.319274,4197
m4,D1576,0.218436,0.281874,0.993919,0.448546,4197
m4,D1577,0.29961,0.335611,0.993928,0.375992,4197
m4,D1578,0.309346,0.356263,0.993201,0.164778,4197
m4,D1579,0.298865,0.329527,0.994969,0.719169,4197
m4,D158,0.258437,0.298322,0.985551,0.281497,4315
m4,D1580,0.180159,0.263731,0.993658,0.148732,4197
m4,D1581,0.284809,0.325572,0.993503,0.271469,4197
m4,D1582,0.194222,0.275742,0.994196,0.266328,4197
m4,D1583,0.31966,0.364719,0.993545,0.252091,4197
m4,D1584,0.175742,0.244893,0.991818,0.041441,4197
m4,D1585,0.271849,0.32051,0.993116,0.000606,4197
m4,D1586,0.211254,0.279071,0.994234,0.121384,4197
m4,D1587,0.275113,0.323217,0.993268,4.7e-05,4195
m4,D1588,0.158169,0.228743,0.989442,0.05936,4197
m4,D1589,0.184643,0.267891,0.993922,0.155979,4197
m4,D159,0.236527,0.267001,0.977994,0.048258,4315
m4,D1590,0.262027,0.304521,0.994103,0.631327,4197
m4,D1591,0.328927,0.361568,0.993271,0.013741,4197
m4,D1592,0.227302,0.286506,0.994187,0.536535,4197
m4,D1593,0.177281,0.246657,0.99202,0.030588,4197
m4,D1594,0.197714,0.267218,0.993287,0.324609,4197
m4,D1595,0.166119,0.233288,0.9912,0.010842,4197
m4,D1596,0.223596,0.286026,0.994142,0.450969,4197
m4,D1597,0.199132,0.279987,0.994432,0.271936,4197
m4,D1598,0.235087,0.290024,0.994419,0.699733,4195
m4,D1599,0.254618,0.30602,0.994972,0.738208,4195
m4,D16,0.680487,0.57458,0.988821,0.840211,1006
m4,D160,0.509509,0.490458,0.997062,0.344789,4411
m4,D1600,0.171079,0.23819,0.987941,0.055107,4197
m4,D1601,0.239643,0.29686,0.992092,0.410682,4197
m4,D1602,0.274613,0.325551,0.996486,0.881221,4197
m4,D1603,0.122325,0.191742,0.989824,0.646519,4197
m4,D1604,0.982602,0.803749,0.997747,0.862027,1040
m4,D1605,0.21128,0.260713,0.992404,0.603159,4315
m4,D1606,0.367036,0.376337,0.98496,0.188845,4315
m4,D1607,1.034441,0.771543,0.998429,0.818757,4315
m4,D1608,1.036274,0.771999,0.998431,0.819195,4315
m4,D1609,0.565431,0.472728,0.977399,0.293053,4315
m4,D161,0.699493,0.590813,0.998398,0.724292,4411
m4,D1610,0.830158,0.729269,0.991688,0.20206,4398
m4,D1611,0.841749,0.731339,0.990808,0.411567,4398
m4,D1612,0.889659,0.780371,0.998359,0.773998,4440
m4,D1613,0.989162,0.857874,0.998538,0.769777,4440
m4,D1614,0.819681,0.610938,0.983124,0.08052,4316
m4,D1615,0.938252,0.809325,0.990835,0.139762,4315
m4,D1616,0.026422,0.087138,0.964602,0.473405,229
m4,D1617,0.006507,0.037272,0.860767,0.03822,221
m4,D1618,0.018073,0.063896,0.905712,0.710162,266
m4,D1619,0.012331,0.049994,0.883397,0.563889,276
m4,D162,0.999541,0.710335,0.978686,0.584501,4411
m4,D1620,0.049604,0.123466,0.9645,0.762215,249
m4,D1621,0.179227,0.265376,0.967541,0.686866,384
m4,D1622,0.042474,0.102317,0.906923,0.01709,523
m4,D1623,0.068675,0.148404,0.942815,0.029032,463
m4,D1624,0.013085,0.052971,0.849662,0.522891,232
m4,D1625,0.028664,0.084403,0.942123,0.116975,251
m4,D1626,0.05781,0.124876,0.959463,0.835141,278
m4,D1627,0.057864,0.125638,0.949077,0.646652,396
m4,D1628,0.022749,0.076303,0.891939,0.005612,331
m4,D1629,0.024797,0.074335,0.90937,0.645944,277
m4,D163,0.688002,0.584782,0.996767,0.500517,4411
m4,D1630,0.050998,0.124557,0.973832,0.492349,594
m4,D1631,0.083276,0.15891,0.988051,0.797314,887
m4,D1632,0.036232,0.09522,0.973846,0.797658,678
m4,D1633,0.038306,0.101952,0.953796,0.332902,641
m4,D1634,0.065118,0.144088,0.978721,0.071843,1245
m4,D1635,1.6871,1.367358,0.984551,0.632032,423
m4,D1636,0.076974,0.15343,0.95787,0.647558,283
m4,D1637,0.070968,0.145658,0.950504,0.638571,283
m4,D1638,0.054298,0.117233,0.958295,0.876437,236
m4,D1639,0.014221,0.057484,0.922833,0.58339,321
m4,D164,0.713983,0.605868,0.991858,0.097186,4411
m4,D1640,0.005411,0.031932,0.818782,0.091461,362
m4,D1641,0.010229,0.046718,0.896715,0.551057,282
m4,D1642,0.025399,0.077491,0.84126,0.794798,168
m4,D1643,0.107959,0.196148,0.93511,0.009537,236
m4,D1644,0.181921,0.262263,0.978909,0.86929,434
m4,D1645,0.038262,0.094141,0.969521,0.824971,354
m4,D1646,0.017656,0.063859,0.84409,0.188496,361
m4,D1647,0.260091,0.3313,0.961551,0.483098,354
m4,D1648,0.199827,0.259418,0.978985,0.96184,346
m4,D1649,0.031279,0.088568,0.948382,0.576541,503
m4,D165,0.731552,0.617882,0.992113,0.068624,4411
m4,D1650,0.573475,0.485277,0.955772,0.013365,999
m4,D1651,0.101595,0.179841,0.906394,0.377672,361
m4,D1652,0.011447,0.051615,0.880205,0.765022,125
m4,D1653,0.115371,0.189003,0.949102,0.709576,306
m4,D1654,0.057885,0.137178,0.93996,0.648721,224
m4,D1655,0.086233,0.163012,0.960533,0.631899,333
m4,D1656,0.082695,0.159181,0.96083,0.627345,333
m4,D1657,0.240176,0.316359,0.976572,0.26909,1245
m4,D1658,0.066284,0.131342,0.973493,0.731297,206
m4,D1659,0.04694,0.108468,0.91749,0.530295,269
m4,D166,1.277118,1.065355,0.964819,0.71773,98
m4,D1660,0.002792,0.021994,0.735033,0.376916,274
m4,D1661,0.016465,0.056735,0.720347,0.338809,445
m4,D1662,0.134635,0.200675,0.933189,0.89568,334
m4,D1663,0.011723,0.04787,0.767147,0.001934,239
m4,D1664,0.026331,0.078828,0.894865,0.762036,189
m4,D1665,0.038568,0.103638,0.895005,0.481298,239
m4,D1666,0.030799,0.084684,0.937691,0.779596,342
m4,D1667,0.009164,0.043156,0.808446,0.739669,152
m4,D1668,0.026332,0.08086,0.937688,0.022402,567
m4,D1669,0.026321,0.077089,0.938796,0.851103,314
m4,D167,1.838027,1.392146,0.936644,0.499531,119
m4,D1670,0.066809,0.132905,0.94208,0.505496,585
m4,D1671,0.015059,0.057871,0.893843,0.031485,277
m4,D1672,0.017866,0.062794,0.80921,0.002975,279
m4,D1673,0.019054,0.067168,0.759763,0.045105,148
m4,D1674,0.004292,0.02757,0.567855,0.173215,227
m4,D1675,0.03612,0.094153,0.876138,0.041853,307
m4,D1676,0.014162,0.056277,0.885451,0.393494,302
m4,D1677,0.077345,0.152604,0.935356,0.314581,490
m4,D1678,0.047606,0.117031,0.975871,0.809824,281
m4,D1679,0.008714,0.042851,0.881587,0.025942,491
m4,D168,0.006016,0.034393,0.814329,0.482929,144
m4,D1680,0.007746,0.037795,0.799537,0.376323,235
m4,D1681,0.184582,0.257158,0.975287,0.722942,467
m4,D1682,0.023005,0.071218,0.89398,0.733037,222
m4,D1683,0.035963,0.096847,0.956221,0.843622,262
m4,D1684,0.036671,0.097651,0.955186,0.849711,262
m4,D1685,0.141665,0.229276,0.987179,0.794423,735
m4,D1686,0.119784,0.188305,0.963589,0.106236,1266
m4,D1687,0.060921,0.140989,0.971093,0.561196,572
m4,D1688,0.00794,0.039532,0.78181,0.444155,112
m4,D1689,0.086621,0.152675,0.97716,0.736938,700
m4,D169,0.002734,0.021674,0.544067,0.108399,115
m4,D1690,0.006184,0.035307,0.819899,0.214583,208
m4,D1691,0.011142,0.047604,0.82982,0.010633,434
m4,D1692,0.063234,0.130422,0.807177,0.007996,239
m4,D1693,0.03152,0.087787,0.949955,0.907951,235
m4,D1694,0.036318,0.090846,0.913909,0.533988,927
m4,D1695,0.012674,0.048727,0.783458,0.32942,826
m4,D1696,0.194722,0.253037,0.889161,0.81712,153
m4,D1697,0.014237,0.055013,0.775165,0.254083,303
m4,D1698,0.004505,0.02804,0.405486,0.105707,183
m4,D1699,0.031244,0.090237,0.909187,0.565319,281
m4,D17,0.099183,0.176538,0.981199,0.575992,1006
m4,D170,0.03093,0.084616,0.947873,0.090995,682
m4,D1700,0.027305,0.084629,0.889944,0.289721,282
m4,D1701,0.201525,0.250498,0.980359,0.464005,1746
m4,D1702,0.014796,0.05583,0.781375,0.323569,269
m4,D1703,0.057076,0.125302,0.95058,0.597085,733
m4,D1704,0.084844,0.163457,0.980414,0.789592,560
m4,D1705,0.022585,0.072736,0.864599,0.445893,300
m4,D1706,0.024259,0.076036,0.869525,0.473641,300
m4,D1707,2.706949,1.668099,0.908149,0.107333,1316
m4,D1708,0.040431,0.106284,0.910742,0.006371,491
m4,D1709,0.189615,0.263573,0.95478,0.24788,343
m4,D171,0.030979,0.084753,0.949916,0.102068,682
m4,D1710,0.036511,0.101769,0.935912,0.052366,281
m4,D1711,0.112725,0.184815,0.953386,0.946772,176
m4,D1712,0.118336,0.190988,0.956858,0.950774,176
m4,D1713,0.180234,0.264417,0.974702,0.00641,631
m4,D1714,0.035333,0.099416,0.963656,0.860247,231
m4,D1715,0.291055,0.330454,0.989076,0.862602,631
m4,D1716,0.491946,0.509236,0.997009,0.865759,1727
m4,D1717,0.013947,0.056542,0.930523,0.757828,234
m4,D1718,0.467918,0.481095,0.988508,0.760401,1980
m4,D1719,0.033171,0.09661,0.968456,0.391623,357
m4,D172,0.030919,0.084609,0.947794,0.080162,682
m4,D1720,0.196065,0.295522,0.974026,0.160216,411
m4,D1721,0.667883,0.663969,0.972775,0.643269,630
m4,D1722,0.039379,0.100786,0.938516,0.751704,291
m4,D1723,0.039395,0.098307,0.87584,0.099577,274
m4,D1724,0.025715,0.073855,0.767978,0.08945,470
m4,D1725,0.003614,0.025735,0.818274,0.706364,154
m4,D1726,0.055626,0.128292,0.984212,0.769139,1231
m4,D1727,0.016823,0.065729,0.889264,0.553013,168
m4,D1728,0.016075,0.05889,0.806327,0.152176,188
m4,D1729,0.022114,0.068791,0.851727,0.04322,260
m4,D173,0.030941,0.08465,0.949055,0.091201,682
m4,D1730,0.13807,0.209026,0.988759,0.276906,961
m4,D1731,0.030988,0.085681,0.921321,0.699997,369
m4,D1732,0.15857,0.232737,0.984889,0.874412,294
m4,D1733,0.011814,0.050831,0.809883,0.064637,204
m4,D1734,0.071853,0.135001,0.97208,0.839524,566
m4,D1735,0.052528,0.119607,0.98013,0.902198,165
m4,D1736,0.11176,0.179455,0.983691,0.768835,587
m4,D1737,0.022615,0.072799,0.940501,0.08857,736
m4,D1738,0.023226,0.073216,0.93611,0.059675,736
m4,D1739,0.045506,0.108451,0.940046,0.598551,587
m4,D174,0.003255,0.024041,0.740125,0.049802,292
m4,D1740,0.022098,0.068803,0.843281,0.557813,241
m4,D1741,0.015084,0.056675,0.850987,0.022371,355
m4,D1742,0.011584,0.050802,0.862621,0.715847,158
m4,D1743,0.011007,0.049303,0.864019,0.705164,158
m4,D1744,0.034699,0.090566,0.911959,0.21817,584
m4,D1745,0.036694,0.089124,0.915949,0.139191,592
m4,D1746,0.038382,0.091517,0.92135,0.163651,592
m4,D1747,0.025052,0.080489,0.840562,0.333625,186
m4,D1748,0.008353,0.039599,0.750272,0.052376,357
m4,D1749,0.01547,0.059794,0.87472,0.214173,349
m4,D175,0.003389,0.024067,0.709058,0.000828,904
m4,D1750,0.086785,0.156922,0.970125,0.899996,346
m4,D1751,0.018095,0.063495,0.920719,0.701518,307
m4,D1752,0.200796,0.279296,0.945499,0.633985,355
m4,D1753,0.005989,0.032684,0.70011,0.068399,362
m4,D1754,0.046144,0.116014,0.968729,0.765876,385
m4,D1755,0.01531,0.059462,0.904944,0.374224,263
m4,D1756,0.015554,0.059926,0.911425,0.415432,263
m4,D1757,0.008998,0.042097,0.799482,0.128951,215
m4,D1758,0.039723,0.105272,0.973592,0.790601,615
m4,D1759,0.056241,0.123627,0.921356,0.752887,249
m4,D176,0.100363,0.176551,0.990367,0.784915,681
m4,D1760,0.037027,0.095651,0.902235,0.436849,461
m4,D1761,0.007821,0.039289,0.733954,0.286048,191
m4,D1762,0.034458,0.092837,0.955882,0.68703,649
m4,D1763,0.161516,0.239555,0.990345,0.92325,475
m4,D1764,0.01012,0.045984,0.832347,0.011528,346
m4,D1765,0.022959,0.077325,0.922076,0.690637,158
m4,D1766,0.015709,0.061095,0.907474,0.320937,337
m4,D1767,0.006655,0.035651,0.781943,0.015766,323
m4,D1768,0.019017,0.065419,0.902102,0.839019,198
m4,D1769,0.029968,0.081982,0.932421,0.652941,264
m4,D177,0.09657,0.172387,0.989628,0.782692,681
m4,D1770,0.03104,0.083655,0.937222,0.66496,264
m4,D1771,0.009765,0.045587,0.848025,0.05487,283
m4,D1772,0.00536,0.031621,0.78804,0.004391,491
m4,D1773,0.004077,0.026974,0.627689,0.14964,245
m4,D1774,0.008955,0.042309,0.738296,0.193254,247
m4,D1775,0.005678,0.031974,0.779199,0.027157,466
m4,D1776,0.0142,0.056297,0.847536,0.179379,300
m4,D1777,0.011714,0.05199,0.925675,0.447348,320
m4,D1778,0.008515,0.041101,0.803423,0.000452,315
m4,D1779,0.028123,0.085095,0.950351,0.382794,365
m4,D178,0.098562,0.174559,0.99005,0.784809,681
m4,D1780,0.030675,0.091502,0.954854,0.385612,361
m4,D1781,0.005223,0.031266,0.806723,0.010471,361
m4,D1782,0.14056,0.197099,0.931738,0.415359,352
m4,D1783,0.048651,0.118222,0.926467,0.15124,352
m4,D1784,0.016884,0.060904,0.887566,0.552305,301
m4,D1785,0.070464,0.14126,0.887978,0.567919,262
m4,D1786,0.009105,0.042236,0.847512,0.002405,416
m4,D1787,0.005397,0.030818,0.541207,0.031431,263
m4,D1788,0.020364,0.068507,0.919421,0.735197,310
m4,D1789,0.03899,0.097875,0.882563,0.027353,365
m4,D179,0.045494,0.108795,0.960576,0.804447,673
m4,D1790,0.021567,0.072196,0.902917,0.614019,297
m4,D1791,0.026383,0.079112,0.938267,0.50599,279
m4,D1792,0.126691,0.213299,0.964442,0.812016,319
m4,D1793,0.006668,0.036318,0.811435,0.000418,267
m4,D1794,0.012234,0.054673,0.89729,0.000584,165
m4,D1795,0.058611,0.124605,0.965605,0.906475,327
m4,D1796,0.198506,0.268776,0.983167,0.808308,346
m4,D1797,0.029626,0.082503,0.885095,0.760817,198
m4,D1798,0.111848,0.188094,0.947322,0.827443,282
m4,D1799,0.011529,0.046518,0.625843,0.000516,306
m4,D18,0.118481,0.201271,0.981175,0.081746,1006
m4,D180,0.044391,0.107599,0.963961,0.810794,673
m4,D1800,0.037367,0.098257,0.886733,0.481607,309
m4,D1801,0.04519,0.106318,0.92493,0.808419,240
m4,D1802,0.020067,0.069672,0.921841,0.679278,227
m4,D1803,0.027364,0.077095,0.945343,0.668648,353
m4,D1804,0.028263,0.078963,0.750441,0.079489,300
m4,D1805,0.02812,0.078859,0.753204,0.079693,300
m4,D1806,0.037425,0.093235,0.863842,0.539268,231
m4,D1807,0.014743,0.057438,0.830433,0.394156,272
m4,D1808,0.063222,0.132592,0.896357,0.688559,229
m4,D1809,0.039153,0.102243,0.95655,0.846909,291
m4,D181,0.04622,0.109825,0.962529,0.806159,673
m4,D1810,0.004615,0.029567,0.857384,0.720745,223
m4,D1811,0.018632,0.062457,0.750989,0.064093,354
m4,D1812,0.068086,0.126344,0.908222,0.447389,313
m4,D1813,0.0369,0.100958,0.950143,0.777875,279
m4,D1814,0.024859,0.077673,0.93041,0.867731,226
m4,D1815,0.199728,0.260493,0.904948,0.261999,372
m4,D1816,0.028943,0.0866,0.894171,0.024613,319
m4,D1817,0.029655,0.088042,0.898419,0.018887,319
m4,D1818,0.019149,0.065429,0.82462,0.423602,232
m4,D1819,0.110295,0.188592,0.982785,0.940389,320
m4,D182,0.045358,0.108749,0.962856,0.809441,673
m4,D1820,0.044698,0.110174,0.902402,0.0005,306
m4,D1821,0.0251,0.076865,0.837641,0.121195,278
m4,D1822,0.057645,0.131886,0.927561,0.47949,272
m4,D1823,0.01719,0.060088,0.800043,0.114842,239
m4,D1824,0.013125,0.052015,0.681473,0.058979,243
m4,D1825,0.014452,0.056493,0.877704,0.068576,280
m4,D1826,0.014908,0.058656,0.828887,0.190538,227
m4,D1827,0.069878,0.142777,0.977956,0.900087,315
m4,D1828,0.013382,0.055572,0.875699,0.644288,211
m4,D1829,0.00747,0.039436,0.778504,0.005192,251
m4,D183,0.1055,0.182753,0.989699,0.873621,681
m4,D1830,0.066871,0.135328,0.978685,0.93423,256
m4,D1831,0.068254,0.136938,0.977907,0.934893,256
m4,D1832,0.174462,0.24002,0.973502,0.900377,357
m4,D1833,1.648835,1.666172,0.973807,0.036484,671
m4,D1834,0.077833,0.144371,0.95901,0.721321,324
m4,D1835,0.011457,0.049911,0.935782,0.595411,343
m4,D1836,0.017124,0.059477,0.74928,0.018091,258
m4,D1837,0.007748,0.038315,0.625577,0.067002,314
m4,D1838,0.017788,0.063981,0.852507,0.216921,229
m4,D1839,0.054257,0.124614,0.901868,0.377256,343
m4,D184,0.107294,0.18486,0.990344,0.874143,681
m4,D1840,0.032501,0.089665,0.860207,0.007559,302
m4,D1841,0.020757,0.072219,0.937897,0.606959,232
m4,D1842,0.00308,0.024488,0.687954,0.154484,121
m4,D1843,0.009769,0.045021,0.889959,0.173331,237
m4,D1844,0.003991,0.028395,0.801203,0.622741,111
m4,D1845,0.164075,0.225777,0.942513,0.758867,302
m4,D1846,0.164966,0.226956,0.947365,0.763551,302
m4,D1847,0.008515,0.041073,0.751802,0.029835,281
m4,D1848,0.109348,0.171088,0.975656,0.366807,252
m4,D1849,0.017879,0.061956,0.93433,0.675844,291
m4,D185,0.103714,0.180706,0.989564,0.874887,681
m4,D1850,0.094523,0.175492,0.958098,0.457108,467
m4,D1851,0.021934,0.070814,0.932425,0.340052,306
m4,D1852,0.002649,0.021225,0.562219,0.186502,238
m4,D1853,0.030337,0.080337,0.8142,0.42043,352
m4,D1854,0.102904,0.182773,0.976779,0.887773,354
m4,D1855,0.010099,0.045394,0.822905,0.655329,213
m4,D1856,0.049437,0.116623,0.874771,0.271263,313
m4,D1857,0.158898,0.240619,0.970024,0.873585,305
m4,D1858,0.014503,0.054949,0.696395,0.043482,270
m4,D1859,0.036679,0.098946,0.955515,0.532929,301
m4,D186,0.105601,0.182889,0.990036,0.875285,681
m4,D1860,0.013289,0.053422,0.930838,0.793782,311
m4,D1861,0.074171,0.140082,0.960866,0.842205,323
m4,D1862,0.0368,0.094127,0.845784,0.387508,271
m4,D1863,0.030833,0.08405,0.697975,0.006769,242
m4,D1864,0.076428,0.154715,0.965418,0.61151,342
m4,D1865,0.022466,0.072933,0.874944,0.026007,279
m4,D1866,0.023052,0.071834,0.942725,0.714392,462
m4,D1867,0.055151,0.131189,0.904278,0.006554,247
m4,D1868,0.053755,0.127286,0.931614,0.604275,242
m4,D1869,0.03123,0.089313,0.878632,0.694412,195
m4,D187,0.03656,0.096765,0.977794,0.472482,680
m4,D1870,0.019842,0.069498,0.925943,0.863013,238
m4,D1871,0.145336,0.233181,0.934171,0.753918,228
m4,D1872,0.083424,0.155857,0.85423,0.075494,221
m4,D1873,0.010269,0.046839,0.776359,0.039224,200
m4,D1874,0.048879,0.115103,0.88737,0.036721,334
m4,D1875,0.014072,0.055831,0.824552,0.217738,242
m4,D1876,0.038679,0.10145,0.809969,0.302747,216
m4,D1877,0.021677,0.071358,0.847693,0.626451,182
m4,D1878,0.036825,0.098716,0.92276,0.618439,224
m4,D1879,0.055385,0.119042,0.929378,0.483429,346
m4,D188,0.035155,0.094736,0.977257,0.450043,680
m4,D1880,0.032681,0.08875,0.817904,0.156004,260
m4,D1881,1.337851,1.373468,0.978324,0.079162,697
m4,D1882,0.225335,0.308964,0.97288,0.781752,330
m4,D1883,0.221299,0.30424,0.944971,0.743482,274
m4,D1884,0.077504,0.148818,0.638416,0.552256,103
m4,D1885,0.079572,0.153506,0.952087,0.661107,226
m4,D1886,0.146971,0.200937,0.981895,0.663201,289
m4,D1887,0.036387,0.094092,0.977962,0.952382,248
m4,D1888,0.009208,0.043787,0.879159,0.359273,227
m4,D1889,0.052176,0.119432,0.854848,0.278026,227
m4,D189,0.036069,0.095995,0.977598,0.462008,680
m4,D1890,0.010778,0.05044,0.948451,0.617749,300
m4,D1891,0.028265,0.079681,0.721047,0.169836,225
m4,D1892,0.005827,0.032999,0.829133,0.066117,230
m4,D1893,0.012271,0.050842,0.341416,0.17111,99
m4,D1894,0.041417,0.110433,0.925581,0.350911,186
m4,D1895,0.004363,0.028095,0.67289,0.001845,280
m4,D1896,0.02228,0.066427,0.628872,0.044371,475
m4,D1897,0.021832,0.065514,0.617674,0.024122,475
m4,D1898,0.001725,0.01588,0.389355,0.000336,633
m4,D1899,0.051002,0.110867,0.942987,0.602681,906
m4,D19,0.376591,0.352821,0.993047,0.758423,1006
m4,D190,0.103547,0.180362,0.990216,0.89292,681
m4,D1900,0.121229,0.179889,0.977412,0.63584,742
m4,D1901,0.027804,0.080688,0.923437,0.783697,295
m4,D1902,0.019587,0.070705,0.913868,0.277971,231
m4,D1903,0.532578,0.516517,0.97959,0.734004,919
m4,D1904,0.054065,0.125419,0.945819,0.505126,354
m4,D1905,0.041221,0.097645,0.75939,0.001293,323
m4,D1906,0.346391,0.408974,0.935732,0.006707,305
m4,D1907,0.007376,0.035977,0.636044,0.003801,352
m4,D1908,0.182564,0.245735,0.984401,0.919537,373
m4,D1909,0.206346,0.276835,0.991891,0.966812,475
m4,D191,0.101989,0.178519,0.990081,0.894648,681
m4,D1910,0.033115,0.085831,0.795812,0.00275,444
m4,D1911,0.054132,0.121233,0.888821,0.299167,325
m4,D1912,0.009799,0.045475,0.785138,0.677629,108
m4,D1913,0.094871,0.167721,0.978685,0.903794,341
m4,D1914,0.029939,0.084931,0.945644,0.710673,316
m4,D1915,0.017268,0.060401,0.803887,0.026453,446
m4,D1916,0.02251,0.077515,0.871207,0.016497,168
m4,D1917,0.011625,0.052188,0.843428,0.115287,135
m4,D1918,0.01395,0.056228,0.926245,0.662958,153
m4,D1919,0.014078,0.056348,0.894548,0.594783,253
m4,D192,0.103564,0.180454,0.990495,0.894894,681
m4,D1920,0.014708,0.057417,0.901834,0.627487,239
m4,D1921,0.048379,0.118306,0.925356,0.02105,237
m4,D1922,0.041766,0.106371,0.902556,0.380967,238
m4,D1923,0.034951,0.093999,0.881627,0.332902,239
m4,D1924,0.039375,0.104654,0.889377,0.091924,238
m4,D1925,0.060756,0.12483,0.95639,0.856993,239
m4,D1926,0.095522,0.166448,0.982827,0.812964,492
m4,D1927,0.241585,0.29778,0.988515,0.942822,494
m4,D1928,0.026919,0.077509,0.761363,0.00643,280
m4,D1929,0.009292,0.042685,0.856994,0.719281,230
m4,D193,0.031088,0.09364,0.968478,0.436469,491
m4,D1930,0.066447,0.138234,0.973289,0.774689,196
m4,D1931,0.00935,0.043703,0.890044,0.389068,229
m4,D1932,0.002949,0.022713,0.765814,0.42525,231
m4,D1933,0.009834,0.046119,0.878651,0.128294,229
m4,D1934,0.002496,0.019937,0.589624,0.000863,715
m4,D1935,0.02908,0.084779,0.880145,0.578601,336
m4,D1936,0.020197,0.066464,0.826053,0.000687,232
m4,D1937,0.036846,0.098277,0.923918,0.867563,225
m4,D1938,0.064986,0.129933,0.940869,0.85584,301
m4,D1939,0.041389,0.104348,0.927444,0.100313,272
m4,D194,0.012129,0.04967,0.947012,0.574003,302
m4,D1940,0.028863,0.082572,0.843291,0.034344,276
m4,D1941,0.03165,0.086581,0.82654,0.207788,269
m4,D1942,0.033709,0.088814,0.887902,0.389331,347
m4,D1943,0.033995,0.093077,0.85117,0.04838,237
m4,D1944,0.13404,0.208564,0.971736,0.951127,296
m4,D1945,0.03016,0.082656,0.843568,0.570497,245
m4,D1946,0.045086,0.103414,0.813338,0.002224,281
m4,D1947,0.099009,0.179084,0.955772,0.857538,239
m4,D1948,0.036047,0.091377,0.903791,0.391811,324
m4,D1949,0.05965,0.122169,0.886697,0.373591,469
m4,D195,0.011092,0.04719,0.944192,0.564019,302
m4,D1950,0.033899,0.093185,0.939512,0.593815,295
m4,D1951,0.078344,0.149618,0.962131,0.56056,326
m4,D1952,0.89963,0.875251,0.987435,0.831336,1059
m4,D1953,0.152893,0.234615,0.986198,0.67209,736
m4,D1954,0.013936,0.05585,0.859307,0.244614,268
m4,D1955,0.024737,0.078222,0.873124,0.637169,197
m4,D1956,0.023128,0.072574,0.901623,0.689662,444
m4,D1957,0.166756,0.25003,0.985366,0.833495,611
m4,D1958,0.105663,0.17754,0.980211,0.925639,274
m4,D1959,0.029989,0.086509,0.96121,0.903784,280
m4,D196,0.011649,0.04854,0.945455,0.569876,302
m4,D1960,0.012285,0.049739,0.700429,0.271237,272
m4,D1961,0.036907,0.098474,0.938145,0.437469,332
m4,D1962,0.08373,0.146505,0.965158,0.511196,594
m4,D1963,0.121965,0.196725,0.97674,0.799553,331
m4,D1964,0.014161,0.053319,0.827226,0.110037,483
m4,D1965,0.067249,0.133726,0.782853,0.005816,226
m4,D1966,0.099264,0.178247,0.945633,0.764831,217
m4,D1967,0.013517,0.055838,0.852688,0.011792,251
m4,D1968,0.107914,0.189267,0.95146,0.776579,300
m4,D1969,0.013028,0.052045,0.860706,0.729335,303
m4,D197,0.019916,0.06935,0.943573,0.368432,737
m4,D1970,0.006427,0.034015,0.667905,0.130194,318
m4,D1971,0.027574,0.0763,0.887324,0.009141,1083
m4,D1972,0.034875,0.096313,0.948011,0.770648,321
m4,D1973,0.018557,0.064825,0.907287,0.398751,311
m4,D1974,0.011086,0.049537,0.872445,0.379484,274
m4,D1975,0.012084,0.050842,0.887083,0.785799,294
m4,D1976,0.038932,0.09462,0.926451,0.798357,272
m4,D1977,0.006722,0.035642,0.83265,0.531318,277
m4,D1978,0.074869,0.136445,0.962446,0.109518,1726
m4,D1979,0.010759,0.049785,0.94601,0.704893,343
m4,D198,0.019823,0.069239,0.946029,0.366475,737
m4,D1980,0.005674,0.033886,0.861899,0.027986,460
m4,D1981,0.012445,0.050361,0.821403,0.007526,365
m4,D1982,0.021365,0.067472,0.57882,0.09763,245
m4,D1983,0.074202,0.146495,0.967282,0.87877,292
m4,D1984,0.264359,0.286029,0.993588,0.620452,1666
m4,D1985,0.011816,0.050381,0.827019,0.101038,291
m4,D1986,0.010906,0.047553,0.894661,0.152767,360
m4,D1987,0.331295,0.373831,0.978474,0.947098,349
m4,D1988,0.014594,0.056354,0.862989,0.018724,427
m4,D1989,0.043146,0.110588,0.955636,0.796812,260
m4,D199,0.019865,0.06927,0.945647,0.370646,737
m4,D1990,0.182998,0.27079,0.986418,0.820264,267
m4,D1991,0.030394,0.088514,0.930286,0.00668,475
m4,D1992,0.160336,0.214664,0.776778,0.582056,173
m4,D1993,0.012363,0.05059,0.893403,0.311823,367
m4,D1994,0.134289,0.202291,0.98828,0.723539,794
m4,D1995,0.052962,0.119479,0.941541,0.680886,302
m4,D1996,0.017876,0.0631,0.910989,0.064541,531
m4,D1997,0.060443,0.126306,0.974697,0.558091,664
m4,D1998,0.127996,0.17235,0.693208,0.183149,480
m4,D1999,0.015667,0.058959,0.812252,0.31783,225
m4,D2,0.037719,0.104013,0.981739,0.605803,1006
m4,D20,0.118748,0.205949,0.980437,0.021521,1006
m4,D200,0.019825,0.069196,0.945803,0.369743,737
m4,D2000,0.026945,0.081401,0.84501,0.232927,235
m4,D2001,0.02737,0.082041,0.842527,0.214694,235
m4,D2002,0.03395,0.085483,0.927595,0.426296,351
m4,D2003,0.023921,0.075556,0.943326,0.703571,353
m4,D2004,0.093376,0.167371,0.986799,0.804712,427
m4,D2005,0.014968,0.057873,0.827046,0.022572,233
m4,D2006,0.028089,0.08521,0.917313,0.52647,231
m4,D2007,0.006512,0.0359,0.716222,0.109426,183
m4,D2008,0.004503,0.030089,0.814738,0.13848,143
m4,D2009,0.005808,0.033121,0.837309,0.494152,472
m4,D201,0.008038,0.040562,0.903248,0.818779,206
m4,D2010,0.00935,0.042227,0.807995,0.167924,453
m4,D2011,0.044001,0.093671,0.764987,0.468984,280
m4,D2012,0.037995,0.099097,0.931622,0.761733,199
m4,D2013,0.041724,0.105331,0.968494,0.5057,210
m4,D2014,0.011262,0.048444,0.82419,0.531753,307
m4,D2015,0.787203,0.647431,0.996383,0.076016,4555
m4,D2016,1.65845,1.083064,0.997065,0.374009,4440
m4,D2017,0.057435,0.123854,0.963837,0.001033,1186
m4,D2018,0.205384,0.255744,0.986552,0.59575,2439
m4,D2019,0.09834,0.182132,0.977016,0.019505,920
m4,D202,0.010645,0.046609,0.839636,0.033519,300
m4,D2020,0.399555,0.424685,0.993172,0.424212,4197
m4,D2021,0.25063,0.316024,0.997229,0.423393,4197
m4,D2022,0.158332,0.232789,0.989425,0.515508,4197
m4,D2023,0.541548,0.53601,0.995941,0.805663,4197
m4,D2024,0.181642,0.225144,0.977168,0.401511,2060
m4,D2025,0.43856,0.453907,0.994787,0.739783,4197
m4,D2026,0.622986,0.621656,0.992561,0.003162,4197
m4,D2027,0.188822,0.245762,0.971617,0.131006,2691
m4,D2028,0.682132,0.588202,0.986803,0.117165,4197
m4,D2029,0.4899,0.498506,0.998808,0.953059,4197
m4,D203,0.011064,0.047674,0.841792,0.052397,300
m4,D2030,0.341968,0.355036,0.991526,0.644221,4197
m4,D2031,0.526065,0.5518,0.998305,0.82617,4197
m4,D2032,0.460365,0.483214,0.998639,0.941239,4197
m4,D2033,0.130346,0.186489,0.967131,0.135615,3194
m4,D2034,0.432115,0.404794,0.986251,0.463494,3823
m4,D2035,0.541742,0.536455,0.998767,0.952691,4197
m4,D2036,0.364444,0.384969,0.995824,0.591836,2995
m4,D2037,0.073518,0.144558,0.989404,0.463589,3833
m4,D2038,0.032828,0.081861,0.855973,0.202083,922
m4,D2039,0.001945,0.017138,0.098668,0.083864,136
m4,D204,0.01085,0.047104,0.84057,0.041075,300
m4,D2040,0.045066,0.103279,0.968213,0.599076,954
m4,D2041,0.030632,0.08451,0.94832,0.15122,1175
m4,D2042,0.768357,0.71059,0.98229,0.689334,1045
m4,D2043,0.179901,0.257071,0.961221,0.539168,673
m4,D2044,0.352496,0.383402,0.989846,0.078084,4315
m4,D2045,0.041527,0.102824,0.96221,0.253014,1438
m4,D2046,0.248068,0.291109,0.991125,0.22384,1437
m4,D2047,0.172059,0.245162,0.995874,0.628005,8519
m4,D2048,0.052453,0.109824,0.71971,0.40168,175
m4,D2049,0.005879,0.03477,0.771326,0.000201,174
m4,D205,0.020495,0.072288,0.955443,0.83796,210
m4,D2050,0.03461,0.098951,0.957192,0.760756,301
m4,D2051,0.034524,0.098839,0.958088,0.760417,301
m4,D2052,0.095524,0.181773,0.91259,0.50199,174
m4,D2053,0.109807,0.186026,0.933855,0.885781,172
m4,D2054,0.025821,0.075328,0.757293,0.423661,174
m4,D2055,0.027664,0.078211,0.773651,0.481848,174
m4,D2056,0.064521,0.140158,0.828248,0.43355,176
m4,D2057,0.006164,0.034628,0.631172,0.169164,173
m4,D2058,0.012145,0.049126,0.768417,0.206296,302
m4,D2059,0.015512,0.060581,0.906233,0.743336,172
m4,D206,0.020886,0.073087,0.957763,0.83898,210
m4,D2060,0.020013,0.065738,0.874522,0.493524,302
m4,D2061,0.023585,0.07542,0.898416,0.468301,300
m4,D2062,0.034594,0.090875,0.667919,0.071754,173
m4,D2063,0.017904,0.064187,0.840271,0.152554,179
m4,D2064,0.023801,0.07157,0.616841,0.28489,175
m4,D2065,0.009788,0.044738,0.881756,0.415878,303
m4,D2066,0.010377,0.046313,0.891233,0.43526,303
m4,D2067,0.025476,0.078215,0.903347,0.555941,301
m4,D2068,0.018656,0.064431,0.93547,0.841003,257
m4,D2069,0.007827,0.039625,0.72217,0.494572,172
m4,D207,0.020889,0.072398,0.923209,0.195912,434
m4,D2070,0.012444,0.055415,0.892397,0.451687,175
m4,D2071,0.023593,0.075406,0.932722,0.645689,304
m4,D2072,0.023454,0.07507,0.930583,0.63925,304
m4,D2073,0.601503,0.592573,0.993137,0.84664,517
m4,D2074,0.676305,0.538527,0.988966,0.842594,538
m4,D2075,0.889406,0.663391,0.982047,0.801284,347
m4,D2076,1.184821,0.916792,0.994019,0.74718,368
m4,D2077,1.556399,1.035062,0.961665,0.622777,514
m4,D2078,0.809397,0.7103,0.994215,0.91161,665
m4,D2079,0.016576,0.056562,0.919227,0.07399,1249
m4,D208,0.077915,0.149293,0.987699,0.622628,680
m4,D2080,0.010624,0.046878,0.919906,0.385567,239
m4,D2081,0.098195,0.167716,0.984685,0.48266,1248
m4,D2082,0.125312,0.196452,0.987915,0.612999,1248
m4,D2083,0.136189,0.193625,0.797371,0.096761,208
m4,D2084,0.960314,0.827786,0.991594,0.90368,516
m4,D2085,0.154234,0.212839,0.620205,0.308675,93
m4,D2086,1.523092,1.11073,0.986618,0.720718,769
m4,D2087,1.335224,1.054306,0.996138,0.705249,909
m4,D2088,0.302291,0.328854,0.986051,0.812871,300
m4,D2089,0.370354,0.401922,0.991727,0.933359,386
m4,D209,0.079569,0.151094,0.988337,0.628697,680
m4,D2090,0.969439,0.924901,0.954996,0.810495,273
m4,D2091,0.016889,0.064532,0.936279,0.433676,295
m4,D2092,0.041315,0.099916,0.982058,0.907671,271
m4,D2093,0.008224,0.042152,0.898989,0.740357,188
m4,D2094,0.008071,0.041612,0.891991,0.730992,188
m4,D2095,0.025143,0.077816,0.953945,0.840899,156
m4,D2096,0.021454,0.074086,0.958995,0.798315,243
m4,D2097,0.007865,0.038619,0.835604,0.212642,360
m4,D2098,0.007567,0.041674,0.906238,0.316726,161
m4,D2099,0.017357,0.065566,0.953355,0.361593,233
m4,D21,0.513079,0.440597,0.995315,0.689653,1006
m4,D210,0.076127,0.147481,0.988072,0.62003,680
m4,D2100,0.024871,0.070707,0.941255,0.244083,2843
m4,D2101,0.010441,0.04477,0.898187,0.49368,361
m4,D2102,0.019636,0.064379,0.910773,0.138547,756
m4,D2103,0.008055,0.039883,0.856293,0.271082,244
m4,D2104,0.009187,0.043802,0.87041,0.141907,276
m4,D2105,0.020776,0.072845,0.894896,0.278206,254
m4,D2106,0.017396,0.063798,0.867772,0.142177,274
m4,D2107,0.019954,0.066867,0.957356,0.90392,235
m4,D2108,0.003934,0.02674,0.764703,0.014151,227
m4,D2109,0.022605,0.072983,0.900392,0.181556,522
m4,D211,0.077699,0.149216,0.988138,0.625534,680
m4,D2110,0.041557,0.10406,0.978504,0.958024,225
m4,D2111,0.0166,0.064219,0.951303,0.761637,232
m4,D2112,0.016457,0.062341,0.95901,0.942245,169
m4,D2113,0.026944,0.084169,0.968085,0.880745,273
m4,D2114,0.027732,0.085751,0.970651,0.883934,273
m4,D2115,0.021698,0.072385,0.952559,0.91763,172
m4,D2116,0.020188,0.065372,0.914571,0.047539,1556
m4,D2117,0.011443,0.051057,0.921056,0.559706,172
m4,D2118,0.009711,0.046387,0.874124,0.420789,178
m4,D2119,0.013146,0.05462,0.947556,0.851147,207
m4,D212,0.003908,0.026662,0.761663,0.002091,301
m4,D2120,0.229737,0.292222,0.99207,0.597397,3622
m4,D2121,0.038258,0.096858,0.964964,0.939633,182
m4,D2122,0.011652,0.051458,0.955299,0.820765,392
m4,D2123,0.040197,0.106904,0.948968,0.554616,295
m4,D2124,0.057215,0.125988,0.949129,0.115887,678
m4,D2125,0.050483,0.119784,0.962863,0.334489,381
m4,D2126,0.014359,0.05565,0.89501,0.746654,252
m4,D2127,0.0122,0.048599,0.79694,0.206486,695
m4,D2128,0.008214,0.040068,0.883697,0.09027,572
m4,D2129,0.050769,0.125142,0.970074,0.537002,382
m4,D213,0.004015,0.027083,0.762872,0.008798,301
m4,D2130,0.011301,0.048735,0.92517,0.818933,384
m4,D2131,0.013344,0.053282,0.94266,0.863763,405
m4,D2132,0.01867,0.06351,0.928271,0.793101,384
m4,D2133,0.00618,0.035233,0.879557,0.199906,356
m4,D2134,0.025735,0.081265,0.888142,0.011638,224
m4,D2135,0.008114,0.039395,0.821311,0.079662,652
m4,D2136,0.019341,0.068378,0.874389,0.325535,244
m4,D2137,0.028321,0.086432,0.903564,0.02835,274
m4,D2138,0.111991,0.182841,0.978806,0.074266,1163
m4,D2139,2.601788,2.272381,0.676888,0.290581,236
m4,D214,0.003902,0.02664,0.760951,8e-05,301
m4,D2140,0.131298,0.226029,0.882294,0.170967,107
m4,D2141,0.007483,0.038232,0.626383,0.054585,178
m4,D2142,0.007376,0.03853,0.771792,0.253781,238
m4,D2143,0.026797,0.078798,0.789003,0.318476,166
m4,D2144,0.006207,0.034799,0.853971,0.492363,236
m4,D2145,0.037438,0.097461,0.785985,0.013502,237
m4,D2146,0.030882,0.083353,0.85624,0.531117,217
m4,D2147,1.080391,0.810674,0.994068,0.732022,332
m4,D2148,0.018444,0.06832,0.969578,0.872415,236
m4,D2149,0.005207,0.031518,0.821496,0.41641,241
m4,D215,0.003939,0.026782,0.762313,0.002988,301
m4,D2150,0.19035,0.249557,0.969059,0.930172,270
m4,D2151,0.01255,0.054924,0.945077,0.77277,228
m4,D2152,0.747141,0.517467,0.030555,0.06462,128
m4,D2153,0.012334,0.053298,0.889321,0.454955,239
m4,D2154,0.025803,0.079504,0.965266,0.951466,239
m4,D2155,0.09075,0.171072,0.948933,0.732075,238
m4,D2156,0.100779,0.176904,0.966845,0.906349,238
m4,D2157,0.019831,0.065474,0.861396,0.456128,307
m4,D2158,0.008961,0.043837,0.858074,0.240002,245
m4,D2159,0.008372,0.041722,0.826069,0.184138,237
m4,D216,0.008018,0.040524,0.90305,0.816452,205
m4,D2160,0.00927,0.043231,0.711493,0.323829,192
m4,D2161,0.015798,0.06247,0.894833,0.651077,172
m4,D2162,0.008242,0.041025,0.734588,0.159057,183
m4,D2163,0.008104,0.04008,0.744453,0.309988,234
m4,D2164,0.009135,0.043004,0.763241,0.350942,234
m4,D2165,0.037061,0.096374,0.958638,0.895553,236
m4,D2166,0.029568,0.087489,0.920443,0.559697,232
m4,D2167,0.014315,0.058698,0.884211,0.510802,222
m4,D2168,1.668965,1.465211,0.991939,0.631363,325
m4,D2169,0.863353,0.878179,0.968465,0.757152,233
m4,D217,0.06239,0.127521,0.972724,0.869393,671
m4,D2170,0.00764,0.040648,0.897974,0.324531,196
m4,D2171,0.013964,0.054277,0.852848,0.167343,400
m4,D2172,0.862865,0.819232,0.966884,0.7573,242
m4,D2173,0.505876,0.560691,0.967546,0.762707,211
m4,D2174,0.00821,0.041478,0.90607,0.711021,236
m4,D2175,0.008134,0.04128,0.905209,0.713743,236
m4,D2176,0.985178,0.936306,0.960938,0.734171,242
m4,D2177,0.539346,0.588942,0.967387,0.687857,242
m4,D2178,0.786028,0.788614,0.968647,0.826004,242
m4,D2179,0.26593,0.307388,0.98181,0.733852,234
m4,D218,0.060506,0.125557,0.974766,0.873209,671
m4,D2180,0.247051,0.334612,0.928895,0.592352,187
m4,D2181,0.161876,0.243787,0.972587,0.562202,683
m4,D2182,0.271987,0.307498,0.981504,0.789623,211
m4,D2183,0.206423,0.27307,0.832614,0.022561,158
m4,D2184,0.013037,0.053355,0.804543,0.806558,114
m4,D2185,0.029216,0.083555,0.507455,0.078493,116
m4,D2186,0.007591,0.039358,0.710992,0.644036,112
m4,D2187,0.005004,0.030917,0.543778,0.346288,111
m4,D2188,0.004896,0.030508,0.531307,0.341556,111
m4,D2189,0.009022,0.044655,0.772286,0.204796,115
m4,D219,0.063871,0.129348,0.974153,0.870089,671
m4,D2190,0.006048,0.035538,0.810474,0.621641,117
m4,D2191,2.579167,2.133548,0.772209,0.341374,331
m4,D2192,0.005302,0.033058,0.752089,0.466132,117
m4,D2193,0.022983,0.075412,0.794425,0.386222,171
m4,D2194,3.663579,2.899951,0.983503,0.066114,7842
m4,D2195,0.058012,0.123819,0.805238,0.324738,173
m4,D2196,0.053167,0.121158,0.933613,0.770814,168
m4,D2197,0.042049,0.09037,0.288638,0.318226,177
m4,D2198,0.004494,0.02858,0.614611,0.330728,174
m4,D2199,0.007996,0.041681,0.910162,0.71699,179
m4,D22,0.160774,0.233074,0.993388,0.937541,673
m4,D220,0.062217,0.127542,0.974219,0.87219,671
m4,D2200,0.110766,0.186561,0.942523,0.864452,176
m4,D2201,0.011581,0.047731,0.594347,0.182075,169
m4,D2202,0.022232,0.070484,0.837725,0.41555,174
m4,D2203,0.01523,0.057967,0.719037,0.141866,175
m4,D2204,0.045415,0.114096,0.929638,0.743811,179
m4,D2205,0.053838,0.126101,0.92258,0.745528,179
m4,D2206,0.050487,0.123724,0.788051,0.083997,107
m4,D2207,0.589041,0.618562,0.987961,0.91205,211
m4,D2208,0.752881,0.756499,0.981104,0.89575,185
m4,D2209,0.03431,0.096736,0.833246,0.259619,107
m4,D221,0.020908,0.064313,0.700561,0.611689,214
m4,D2210,0.219326,0.304579,0.975071,0.787654,352
m4,D2211,0.046514,0.102924,0.340557,0.211176,105
m4,D2212,0.434347,0.483575,0.962579,0.606529,333
m4,D2213,0.00662,0.037255,0.858316,0.388324,237
m4,D2214,0.440626,0.44618,0.953598,0.684192,271
m4,D2215,0.017875,0.059722,0.888956,0.322663,1189
m4,D2216,0.048741,0.112996,0.962203,0.898991,299
m4,D2217,0.042976,0.10997,0.942592,0.11586,613
m4,D2218,0.042302,0.105659,0.941122,0.069353,677
m4,D2219,0.162942,0.218361,0.863543,0.731763,151
m4,D222,0.147449,0.22792,0.987103,0.785234,528
m4,D2220,0.131116,0.199379,0.988172,0.723121,793
m4,D2221,0.051188,0.114678,0.827558,0.014203,631
m4,D2222,0.063443,0.132154,0.975372,0.605677,690
m4,D2223,0.021795,0.068227,0.832786,0.005468,485
m4,D2224,0.019548,0.064001,0.837685,0.002759,485
m4,D2225,0.019164,0.06327,0.840148,0.007274,485
m4,D2226,0.018571,0.062138,0.84483,0.020122,485
m4,D2227,0.011565,0.049183,0.828099,0.01157,440
m4,D2228,0.011045,0.050636,0.892458,0.172945,254
m4,D2229,0.554633,0.500781,0.983912,0.01028,3699
m4,D223,0.020206,0.069144,0.922018,0.49542,289
m4,D2230,0.210438,0.278202,0.993641,0.636927,4196
m4,D2231,0.375124,0.378128,0.995401,0.584852,4196
m4,D2232,0.411882,0.418563,0.996794,0.536644,4196
m4,D2233,0.461807,0.493756,0.997568,0.790984,4196
m4,D2234,0.456938,0.475976,0.995623,0.552522,4196
m4,D2235,0.213749,0.251963,0.986742,0.108055,4196
m4,D2236,0.541538,0.538965,0.993233,0.642598,4196
m4,D2237,0.444884,0.456499,0.992461,0.313178,4196
m4,D2238,0.323554,0.365173,0.991362,0.010887,4196
m4,D2239,0.45295,0.451344,0.996192,0.557605,4196
m4,D224,0.018494,0.065836,0.915744,0.519682,276
m4,D2240,0.131911,0.198783,0.983992,0.000786,4196
m4,D2241,0.400234,0.419328,0.99551,0.039245,4196
m4,D2242,0.597183,0.531269,0.997698,0.909192,4196
m4,D2243,0.822257,0.67868,0.988502,0.112753,4196
m4,D2244,0.443438,0.434655,0.997924,0.782941,4196
m4,D2245,0.077919,0.14495,0.968906,0.15007,3318
m4,D2246,0.472974,0.454689,0.988979,0.048132,4196
m4,D2247,0.225064,0.2866,0.99142,0.065277,4196
m4,D2248,0.166028,0.233812,0.990586,0.419026,4195
m4,D2249,0.290462,0.33143,0.996875,0.891552,4196
m4,D225,0.019657,0.068199,0.917458,0.522229,276
m4,D2250,0.488446,0.479815,0.996585,0.704321,4196
m4,D2251,0.441452,0.455001,0.992969,0.414522,4196
m4,D2252,0.42244,0.435033,0.996355,0.752106,4196
m4,D2253,0.233175,0.28909,0.991545,0.371269,4196
m4,D2254,0.248508,0.299786,0.990806,0.04639,4196
m4,D2255,0.35196,0.373731,0.994674,0.508369,4196
m4,D2256,0.181987,0.243852,0.988018,0.052745,4196
m4,D2257,0.402292,0.404024,0.980771,0.072924,4194
m4,D2258,0.283798,0.328656,0.991914,0.107547,3570
m4,D2259,0.328974,0.350822,0.986612,0.000415,3570
m4,D226,0.006021,0.036929,0.883911,0.291919,177
m4,D2260,0.437029,0.445339,0.994592,0.350229,4196
m4,D2261,0.25111,0.307178,0.992739,0.022074,4196
m4,D2262,0.594527,0.550575,0.991861,0.098263,3697
m4,D2263,0.38199,0.402637,0.990617,0.106706,3697
m4,D2264,0.35339,0.379848,0.991661,0.246294,3697
m4,D2265,0.46702,0.465083,0.99161,0.083149,3697
m4,D2266,0.4289,0.445961,0.994884,0.156597,3697
m4,D2267,0.22557,0.290586,0.995108,0.330355,4196
m4,D2268,0.225636,0.290632,0.99511,0.33048,4196
m4,D2269,0.600577,0.546546,0.998579,0.926518,4196
m4,D227,0.00567,0.035653,0.879199,0.270422,177
m4,D2270,0.444604,0.451691,0.996412,0.722158,4196
m4,D2271,0.603243,0.546579,0.998758,0.812971,4196
m4,D2272,0.396126,0.419281,0.990477,0.146987,4196
m4,D2273,0.441746,0.452078,0.997045,0.786403,4196
m4,D2274,0.22276,0.259465,0.9757,0.058813,3193
m4,D2275,0.174114,0.219868,0.971156,0.003275,3193
m4,D2276,0.186191,0.239389,0.984771,0.269203,4196
m4,D2277,0.416208,0.39398,0.986601,0.314703,4196
m4,D2278,0.194302,0.265839,0.991659,0.000112,4196
m4,D2279,0.505003,0.464715,0.988886,0.599711,4196
m4,D228,0.00637,0.038161,0.890791,0.311091,177
m4,D2280,0.699066,0.618607,0.993151,0.911054,4196
m4,D2281,0.462039,0.448823,0.990841,0.701951,4196
m4,D2282,0.399424,0.400843,0.988719,0.64894,4196
m4,D2283,0.299869,0.309991,0.983661,0.326071,3568
m4,D2284,0.354535,0.384725,0.996424,0.78704,4196
m4,D2285,0.414613,0.434157,0.996411,0.770405,4196
m4,D2286,0.167094,0.235688,0.992013,0.057469,4196
m4,D2287,0.345163,0.381418,0.990899,0.453551,4196
m4,D2288,0.399435,0.420147,0.996812,0.75731,4196
m4,D2289,0.354385,0.388652,0.990942,0.507855,4196
m4,D229,0.006027,0.036905,0.88572,0.291182,177
m4,D2290,0.403374,0.425467,0.991617,0.394859,4196
m4,D2291,0.252555,0.30591,0.989378,0.039638,4196
m4,D2292,0.170369,0.239279,0.992352,0.174291,4196
m4,D2293,0.075901,0.141824,0.949416,0.06865,1213
m4,D2294,0.305003,0.357113,0.991127,0.316362,4195
m4,D2295,0.303909,0.356092,0.99602,0.77191,4196
m4,D2296,0.193549,0.262381,0.989648,0.068659,4196
m4,D2297,0.321893,0.377762,0.996335,0.553714,4196
m4,D2298,0.319243,0.369687,0.993963,0.424793,4196
m4,D2299,0.121926,0.191092,0.991016,0.65669,4196
m4,D23,0.093823,0.175171,0.990454,0.753173,673
m4,D230,0.012346,0.051009,0.935897,0.769191,176
m4,D2300,0.248409,0.280805,0.98447,0.388433,3570
m4,D2301,0.61438,0.547875,0.986221,0.599369,4196
m4,D2302,0.627917,0.557304,0.986366,0.008429,4196
m4,D2303,0.470369,0.417171,0.982129,0.312795,3950
m4,D2304,0.557238,0.508657,0.994051,0.82216,4196
m4,D2305,0.523205,0.503168,0.990183,0.52017,4196
m4,D2306,0.45205,0.441096,0.990944,0.691562,4196
m4,D2307,0.402258,0.436092,0.992127,0.612628,3191
m4,D2308,0.429836,0.459787,0.993252,0.739227,3193
m4,D2309,0.427884,0.454294,0.993614,0.781053,3193
m4,D231,0.015912,0.058225,0.830997,0.111377,366
m4,D2310,0.688921,0.621841,0.992871,0.747516,4194
m4,D2311,0.063439,0.121503,0.875121,0.351305,1303
m4,D2312,0.482559,0.459501,0.991207,0.711279,4196
m4,D2313,0.328763,0.331623,0.98562,0.656728,2564
m4,D2314,0.254795,0.280726,0.993609,0.710082,2059
m4,D2315,0.628081,0.65164,0.996206,0.654751,3495
m4,D2316,0.065963,0.130796,0.958679,0.042311,1303
m4,D2317,0.589601,0.592565,0.989589,0.013318,3495
m4,D2318,0.092825,0.163334,0.966093,0.071518,1303
m4,D2319,0.735819,0.648668,0.998361,0.863175,4196
m4,D232,0.012605,0.051741,0.934289,0.769608,176
m4,D2320,0.42751,0.407294,0.987498,0.160083,3822
m4,D2321,0.431863,0.421547,0.988564,0.243982,3822
m4,D2322,0.47929,0.45782,0.992058,0.529583,4196
m4,D2323,0.357737,0.369233,0.98805,0.230419,4196
m4,D2324,0.482203,0.472502,0.997537,0.790282,4196
m4,D2325,0.586183,0.540968,0.988282,0.398598,4196
m4,D2326,0.692722,0.666235,0.991496,6.6e-05,4196
m4,D2327,0.808866,0.673825,0.998501,0.810405,4196
m4,D2328,0.812856,0.702049,0.988281,0.371988,4196
m4,D2329,0.663317,0.618858,0.997472,0.852965,4196
m4,D233,0.002178,0.018949,0.600273,0.047174,201
m4,D2330,0.655272,0.610557,0.989368,0.368493,4196
m4,D2331,0.603956,0.567441,0.997702,0.868938,4196
m4,D2332,0.531655,0.510327,0.996148,0.884264,3570
m4,D2333,0.497513,0.500052,0.98743,0.196632,3570
m4,D2334,0.502797,0.514933,0.996458,0.819046,3570
m4,D2335,0.413994,0.446287,0.988025,0.013108,3570
m4,D2336,0.40214,0.438042,0.988172,0.075985,3570
m4,D2337,0.757496,0.674871,0.997737,0.865153,4196
m4,D2338,0.144746,0.203393,0.989843,0.821937,1554
m4,D2339,0.213594,0.256089,0.97041,0.356045,1554
m4,D234,0.002345,0.020041,0.608818,0.155465,175
m4,D2340,0.334854,0.384539,0.995479,0.797528,3570
m4,D2341,0.365351,0.412245,0.995598,0.693956,3570
m4,D2342,0.605852,0.582866,0.997548,0.850748,3570
m4,D2343,0.534643,0.522586,0.99743,0.876993,3570
m4,D2344,0.554757,0.537732,0.988064,0.246632,3570
m4,D2345,0.363792,0.369104,0.988869,0.207869,3570
m4,D2346,0.272112,0.29302,0.981435,0.376921,3570
m4,D2347,0.24585,0.280537,0.984777,0.38213,3570
m4,D2348,0.261398,0.289442,0.978566,0.104348,4196
m4,D2349,0.22061,0.265665,0.987952,0.523933,4196
m4,D235,0.018432,0.067056,0.916174,0.51133,300
m4,D2350,0.296294,0.318609,0.990203,0.508783,4196
m4,D2351,0.266429,0.29765,0.988694,0.451694,4196
m4,D2352,0.333207,0.341772,0.98374,0.000188,4196
m4,D2353,0.229665,0.269093,0.989864,0.529941,4196
m4,D2354,0.134514,0.204325,0.98717,0.712784,1934
m4,D2355,0.243144,0.308951,0.991187,0.725413,1934
m4,D2356,0.208169,0.272219,0.992022,0.832797,1934
m4,D2357,0.554276,0.528418,0.997343,0.892992,4196
m4,D2358,0.500536,0.498045,0.992163,0.397315,4196
m4,D2359,0.266647,0.321555,0.99221,0.259151,4196
m4,D236,0.01884,0.068022,0.919865,0.528236,300
m4,D2360,0.644327,0.59105,0.997207,0.912705,4196
m4,D2361,0.839872,0.698835,0.998341,0.882144,4196
m4,D2362,0.587409,0.544227,0.997274,0.855673,4196
m4,D2363,0.892808,0.744727,0.997924,0.862949,4196
m4,D2364,0.281936,0.306166,0.980274,0.163432,3697
m4,D2365,0.717936,0.642878,0.998527,0.803583,4196
m4,D2366,0.537722,0.501175,0.996203,0.821633,4196
m4,D2367,0.853425,0.694888,0.985929,0.34919,4196
m4,D2368,0.713521,0.642781,0.998097,0.896203,4196
m4,D2369,0.66803,0.608173,0.988528,0.824318,4074
m4,D237,0.018082,0.066262,0.91387,0.485534,300
m4,D2370,0.781369,0.664629,0.998122,0.880096,4196
m4,D2371,0.125507,0.203993,0.986968,0.803318,1186
m4,D2372,0.870305,0.658813,0.98521,0.058157,4196
m4,D2373,0.165241,0.21507,0.986421,0.674369,3697
m4,D2374,0.171917,0.2199,0.987805,0.641229,4196
m4,D2375,0.408158,0.416014,0.997878,0.892177,4194
m4,D2376,0.494006,0.434354,0.994825,0.233468,4074
m4,D2377,0.539379,0.487139,0.989223,0.615621,4196
m4,D2378,0.314201,0.34209,0.99142,0.72459,4194
m4,D2379,0.312029,0.320074,0.9933,0.731431,3570
m4,D238,0.018459,0.067134,0.916321,0.503372,300
m4,D2380,0.438041,0.432568,0.989415,0.310508,4194
m4,D2381,0.420474,0.4309,0.997853,0.854691,4194
m4,D2382,0.502422,0.48037,0.997806,0.817563,4196
m4,D2383,0.31451,0.35184,0.987844,0.135984,3570
m4,D2384,0.158481,0.223872,0.992042,0.426281,3570
m4,D2385,0.340686,0.367035,0.996548,0.881819,3570
m4,D2386,0.451843,0.422104,0.983549,0.293353,3570
m4,D2387,0.273869,0.323164,0.98891,0.143359,3570
m4,D2388,0.524732,0.490711,0.998556,0.90072,4196
m4,D2389,0.199414,0.257783,0.986896,0.049745,4196
m4,D239,0.013883,0.0552,0.928702,0.686295,176
m4,D2390,0.289669,0.329797,0.989919,0.003712,4196
m4,D2391,0.206426,0.262489,0.989883,0.224812,4196
m4,D2392,0.302353,0.323838,0.992956,0.828225,4196
m4,D2393,0.223889,0.264774,0.983708,0.015344,4196
m4,D2394,0.332648,0.33372,0.993168,0.676916,4196
m4,D2395,0.366621,0.36658,0.993442,0.664466,4196
m4,D2396,0.199127,0.247597,0.985988,0.290625,4196
m4,D2397,0.167408,0.217987,0.98631,0.595163,4196
m4,D2398,0.367304,0.370603,0.996122,0.725897,4196
m4,D2399,0.17508,0.228351,0.983585,0.451513,4196
m4,D24,0.140481,0.213988,0.992171,0.924573,673
m4,D240,0.013214,0.053574,0.923694,0.66355,176
m4,D2400,0.358194,0.350613,0.99264,0.412716,4196
m4,D2401,0.349803,0.354867,0.995255,0.850913,4196
m4,D2402,0.3791,0.376977,0.994287,0.653478,4196
m4,D2403,0.193532,0.242485,0.985571,0.29676,4196
m4,D2404,0.394311,0.388478,0.988715,0.000764,4196
m4,D2405,0.478007,0.435484,0.995872,0.843641,4196
m4,D2406,0.369067,0.368985,0.994099,0.791678,4196
m4,D2407,0.150445,0.227104,0.986653,0.277117,2690
m4,D2408,0.17599,0.250687,0.988802,0.391125,2688
m4,D2409,0.220371,0.279463,0.990839,0.638191,2690
m4,D241,0.013611,0.054514,0.924543,0.674768,176
m4,D2410,0.144685,0.216893,0.984367,0.160109,2688
m4,D2411,0.199821,0.256088,0.982306,0.198868,2690
m4,D2412,0.144295,0.211792,0.980859,0.035261,2690
m4,D2413,0.111671,0.169518,0.973909,0.288666,4196
m4,D2414,0.46157,0.448041,0.990963,0.174431,4196
m4,D2415,0.484787,0.465442,0.991913,0.308338,4196
m4,D2416,0.437189,0.447304,0.998098,0.938003,3444
m4,D2417,0.389918,0.412857,0.997809,0.926945,3444
m4,D2418,0.356486,0.387256,0.997922,0.915159,3444
m4,D2419,0.365968,0.397648,0.997941,0.929799,3444
m4,D242,0.022114,0.073827,0.961445,0.890889,177
m4,D2420,0.515533,0.505152,0.99864,0.942759,3444
m4,D2421,0.484825,0.47376,0.987355,0.00687,3444
m4,D2422,0.514168,0.499645,0.998696,0.928244,3444
m4,D2423,0.434029,0.45516,0.998311,0.890179,4196
m4,D2424,0.726792,0.619099,0.986469,0.255632,4196
m4,D2425,0.425859,0.408284,0.994933,0.818305,4196
m4,D2426,0.023674,0.069445,0.846345,0.002218,1050
m4,D2427,0.60422,0.53286,0.997518,0.780787,4196
m4,D2428,0.411294,0.425977,0.993996,0.687166,4196
m4,D2429,0.423781,0.448382,0.995564,0.82761,4194
m4,D243,0.022907,0.075404,0.963545,0.893391,177
m4,D2430,0.661002,0.58663,0.996366,0.886795,4196
m4,D2431,0.480501,0.456369,0.996791,0.686127,4196
m4,D2432,0.383381,0.400708,0.989218,0.6516,4194
m4,D2433,0.101113,0.176528,0.960811,0.514016,1051
m4,D2434,0.25814,0.301606,0.990381,0.52268,4196
m4,D2435,0.566175,0.490917,0.992367,0.433168,4196
m4,D2436,0.483499,0.4223,0.992629,0.61772,4196
m4,D2437,0.226015,0.264179,0.973452,0.006755,2938
m4,D2438,0.463454,0.4509,0.989148,0.003835,4196
m4,D2439,0.509898,0.445502,0.994142,0.595833,4196
m4,D244,0.021269,0.072139,0.961061,0.893421,177
m4,D2440,0.106441,0.180122,0.967774,0.233037,1050
m4,D2441,0.099284,0.175682,0.964597,0.357461,1050
m4,D2442,0.759575,0.669698,0.99946,0.950762,4196
m4,D2443,0.379194,0.395157,0.989704,0.307016,4195
m4,D2444,0.464901,0.450728,0.973142,0.701041,4196
m4,D2445,0.678463,0.600294,0.989003,0.259802,4196
m4,D2446,0.467617,0.448792,0.964042,0.182984,4196
m4,D2447,0.412821,0.387242,0.98113,0.020539,4196
m4,D2448,0.339088,0.358048,0.990247,0.55896,4196
m4,D2449,0.436427,0.4334,0.993954,0.830456,4195
m4,D245,0.022185,0.073898,0.961278,0.893981,177
m4,D2450,0.310036,0.337963,0.990388,0.598133,4195
m4,D2451,0.662642,0.587912,0.998425,0.888457,4196
m4,D2452,0.560053,0.520777,0.998046,0.897071,4196
m4,D2453,0.760535,0.6289,0.998082,0.875603,4194
m4,D2454,0.603295,0.530046,0.988378,0.51307,4196
m4,D2455,0.345896,0.357804,0.995276,0.796813,4196
m4,D2456,0.392311,0.401899,0.989038,0.040499,4196
m4,D2457,0.446386,0.438451,0.995956,0.851835,4196
m4,D2458,0.318132,0.352833,0.995571,0.727546,4196
m4,D2459,0.634268,0.542384,0.985514,0.114553,4196
m4,D246,0.005728,0.035208,0.898921,0.239862,176
m4,D2460,0.346308,0.373218,0.991703,0.642033,3822
m4,D2461,0.227954,0.272024,0.985529,0.266503,3822
m4,D2462,0.398457,0.425294,0.993477,0.769671,3822
m4,D2463,0.305219,0.313277,0.978726,0.031131,3822
m4,D2464,0.456034,0.475565,0.995283,0.791021,4196
m4,D2465,0.262908,0.311324,0.99111,0.04566,4197
m4,D2466,0.242785,0.312364,0.990842,0.617057,2186
m4,D2467,0.288853,0.336236,0.991723,0.80173,2187
m4,D2468,0.317863,0.384888,0.994715,0.76841,2187
m4,D2469,0.27987,0.352654,0.993881,0.728193,2187
m4,D247,0.005859,0.035595,0.898077,0.051467,366
m4,D2470,0.518147,0.496765,0.9975,0.904949,4197
m4,D2471,0.845157,0.679439,0.985469,0.10355,4197
m4,D2472,0.560421,0.512575,0.986838,0.284508,4197
m4,D2473,0.949077,0.779829,0.997039,0.877303,3698
m4,D2474,0.961979,0.790245,0.997087,0.87715,3698
m4,D2475,0.92072,0.791608,0.997184,0.8362,3698
m4,D2476,1.079242,0.865702,0.985814,0.001067,4197
m4,D2477,0.261912,0.317111,0.988014,0.0888,4197
m4,D2478,0.372392,0.410351,0.989621,0.0401,4197
m4,D2479,0.24254,0.28646,0.990612,0.308942,3696
m4,D248,0.121413,0.20075,0.947917,0.618757,557
m4,D2480,0.174089,0.249918,0.989976,0.250171,4197
m4,D2481,0.270679,0.316725,0.992768,0.59106,4197
m4,D2482,0.202646,0.262008,0.989995,0.43383,4197
m4,D2483,0.284768,0.332915,0.98725,0.212619,4197
m4,D2484,0.115201,0.174289,0.986468,0.644712,1304
m4,D2485,0.182816,0.234424,0.987549,0.781586,1304
m4,D2486,0.274823,0.310397,0.993291,0.93147,1304
m4,D2487,0.50644,0.469974,0.997464,0.663308,4197
m4,D2488,0.272166,0.328132,0.983164,0.52321,2813
m4,D2489,0.346095,0.382895,0.994029,0.600342,2815
m4,D249,0.00791,0.038662,0.841897,0.28362,298
m4,D2490,0.392045,0.413459,0.994883,0.648161,2815
m4,D2491,0.208187,0.257854,0.982732,0.205773,3194
m4,D2492,0.219064,0.272826,0.984909,0.224681,3194
m4,D2493,0.335763,0.361183,0.989452,0.081133,4195
m4,D2494,0.282265,0.330611,0.992459,0.220192,3445
m4,D2495,0.209958,0.263872,0.987645,0.107762,3445
m4,D2496,0.495342,0.478134,0.99533,0.870912,4197
m4,D2497,0.747269,0.661929,0.998955,0.931649,4197
m4,D2498,0.145749,0.229605,0.978765,0.485852,1303
m4,D2499,0.286195,0.333515,0.987733,0.005393,4197
m4,D25,0.071215,0.146706,0.987573,0.722423,673
m4,D250,0.008392,0.040022,0.84815,0.335671,298
m4,D2500,0.257459,0.315432,0.987033,0.024119,4197
m4,D2501,0.251695,0.31905,0.988115,0.081528,4197
m4,D2502,0.434815,0.443774,0.997588,0.849236,4195
m4,D2503,0.318044,0.324144,0.92572,0.118708,1101
m4,D2504,0.338037,0.333088,0.951449,0.479419,1101
m4,D2505,0.273032,0.328542,0.996935,0.866602,4197
m4,D2506,0.426664,0.43968,0.997528,0.864052,4197
m4,D2507,0.114905,0.177145,0.987125,0.187279,3951
m4,D2508,0.239978,0.277677,0.993209,0.690321,3445
m4,D2509,0.302496,0.337391,0.982951,0.245653,3445
m4,D251,0.008146,0.039314,0.844824,0.310392,298
m4,D2510,0.142329,0.199106,0.988291,0.527595,3445
m4,D2511,0.195128,0.256913,0.99135,0.050701,3698
m4,D2512,0.468649,0.454171,0.997328,0.874034,4195
m4,D2513,0.263635,0.29559,0.994198,0.822854,3571
m4,D2514,0.333722,0.359145,0.995959,0.857043,4197
m4,D2515,0.13531,0.19939,0.989557,0.23654,4197
m4,D2516,0.077298,0.148751,0.984458,0.02859,2565
m4,D2517,0.114477,0.18357,0.975871,0.803594,1101
m4,D2518,0.406748,0.456386,0.972946,0.266497,1430
m4,D2519,0.348945,0.397368,0.995044,0.782344,1101
m4,D252,0.014076,0.056041,0.87859,0.054974,300
m4,D2520,0.596386,0.521887,0.992745,0.321817,3119
m4,D2521,0.319381,0.334804,0.990461,0.08337,3194
m4,D2522,0.414909,0.392771,0.988412,0.038562,3822
m4,D2523,0.419286,0.396495,0.985,0.146592,3822
m4,D2524,0.427904,0.419737,0.986573,0.010924,3822
m4,D2525,0.406378,0.387294,0.978783,0.044135,3823
m4,D2526,0.347506,0.343828,0.985919,0.246728,3822
m4,D2527,0.269077,0.309499,0.991113,0.874859,1101
m4,D2528,0.428514,0.413078,0.992136,0.264732,4195
m4,D2529,0.315006,0.345988,0.990725,0.08601,3445
m4,D253,0.01386,0.055493,0.87796,0.070265,300
m4,D2530,0.115485,0.17166,0.960039,0.03342,3194
m4,D2531,0.121994,0.176607,0.962616,0.050319,3194
m4,D2532,0.272381,0.300845,0.982765,0.104133,3192
m4,D2533,0.752797,0.691019,0.99581,0.467101,3194
m4,D2534,0.855178,0.804642,0.996225,0.534551,3194
m4,D2535,0.934087,0.851849,0.995455,0.449108,3192
m4,D2536,0.347271,0.35852,0.985063,0.277502,4197
m4,D2537,0.134057,0.195538,0.962914,0.000235,2060
m4,D2538,0.10928,0.178377,0.969645,0.586104,2060
m4,D2539,0.336508,0.37952,0.992739,0.404885,4197
m4,D254,0.014246,0.056504,0.880481,0.04282,300
m4,D2540,0.483635,0.469341,0.988278,0.410352,3569
m4,D2541,0.335957,0.329531,0.979106,0.135141,3569
m4,D2542,0.352394,0.360737,0.992718,0.453552,4197
m4,D2543,0.309216,0.331673,0.990625,0.100141,4197
m4,D2544,0.147989,0.216858,0.986331,0.197248,3066
m4,D2545,0.181725,0.241877,0.98549,0.21649,3066
m4,D2546,0.337995,0.351821,0.992126,0.413271,4197
m4,D2547,0.190588,0.255393,0.984149,0.043418,3066
m4,D2548,0.462807,0.412931,0.975532,0.128265,3445
m4,D2549,0.300889,0.327428,0.99019,0.069906,4197
m4,D255,0.014046,0.05595,0.878787,0.05636,300
m4,D2550,0.718319,0.674929,0.992115,0.709485,4197
m4,D2551,0.739921,0.678661,0.99781,0.833498,4197
m4,D2552,0.142655,0.212919,0.986078,0.572806,1430
m4,D2553,0.132521,0.20619,0.989923,0.800554,1430
m4,D2554,0.111454,0.184429,0.95993,0.077998,1430
m4,D2555,0.649236,0.620778,0.998193,0.889882,4195
m4,D2556,0.722343,0.595049,0.98247,0.780842,1935
m4,D2557,0.32121,0.361893,0.978966,0.266193,1935
m4,D2558,0.300539,0.353384,0.99555,0.899942,1935
m4,D2559,0.691366,0.634351,0.997999,0.815247,4197
m4,D256,0.005353,0.029962,0.742842,0.126287,765
m4,D2560,0.154704,0.213249,0.985224,0.689414,1680
m4,D2561,0.269968,0.313561,0.99335,0.906106,1682
m4,D2562,0.392946,0.40696,0.994539,0.471004,2440
m4,D2563,0.318245,0.32713,0.987064,0.084903,3823
m4,D2564,0.497331,0.464099,0.988173,0.019865,2563
m4,D2565,0.068501,0.136141,0.947005,0.276712,921
m4,D2566,0.292909,0.328705,0.992965,0.024671,4197
m4,D2567,0.533735,0.470227,0.990656,0.000628,4197
m4,D2568,0.304515,0.340582,0.992513,0.056019,4197
m4,D2569,0.310736,0.344639,0.991962,0.029922,4197
m4,D257,0.005905,0.033644,0.832206,0.002812,275
m4,D2570,0.307573,0.336739,0.993011,0.05564,4197
m4,D2571,0.296688,0.336183,0.992415,0.040078,4197
m4,D2572,0.319262,0.327523,0.986527,0.642748,2210
m4,D2573,0.105222,0.176342,0.954013,0.325732,946
m4,D2574,0.112372,0.184947,0.960128,0.294318,946
m4,D2575,0.11641,0.189082,0.961755,0.319845,946
m4,D2576,0.061378,0.12094,0.942295,0.006071,1304
m4,D2577,0.06711,0.133525,0.967328,0.007991,1304
m4,D2578,0.095295,0.162222,0.945573,0.040156,1304
m4,D2579,0.033842,0.086086,0.920925,0.002827,1304
m4,D258,0.006209,0.034627,0.837644,0.004074,275
m4,D2580,0.179812,0.23993,0.987955,0.01111,4197
m4,D2581,0.102672,0.172238,0.956603,0.000862,1304
m4,D2582,0.565203,0.493908,0.990601,0.041514,4195
m4,D2583,0.626679,0.537025,0.993621,0.093572,4197
m4,D2584,0.098547,0.178066,0.979868,0.601883,1808
m4,D2585,0.214575,0.296808,0.978426,0.328514,2060
m4,D2586,0.079576,0.14708,0.964776,0.127807,2060
m4,D2587,0.097623,0.158917,0.96734,2.3e-05,2060
m4,D2588,0.079679,0.14338,0.985255,0.705584,1783
m4,D2589,0.085489,0.148982,0.966021,0.29889,1078
m4,D259,0.006072,0.034145,0.831854,9e-06,275
m4,D2590,0.089614,0.15695,0.944225,0.186464,1083
m4,D2591,0.458666,0.455095,0.984262,0.596184,1082
m4,D2592,0.105456,0.174376,0.985913,0.823122,1083
m4,D2593,0.055144,0.119942,0.974799,0.500353,1083
m4,D2594,0.079389,0.148938,0.981862,0.523306,2495
m4,D2595,0.113678,0.186337,0.986591,0.555948,1693
m4,D2596,0.062627,0.12669,0.968067,0.612823,1062
m4,D2597,0.06412,0.131562,0.951659,0.000132,1784
m4,D2598,0.699997,0.653004,0.998236,0.858987,4197
m4,D2599,0.768583,0.692679,0.998936,0.911626,4197
m4,D26,0.135017,0.206557,0.992079,0.932134,673
m4,D260,0.006663,0.03628,0.842683,0.021836,272
m4,D2600,0.789054,0.629479,0.987473,0.515976,3951
m4,D2601,0.730633,0.668844,0.99833,0.90594,3951
m4,D2602,0.67767,0.638738,0.998021,0.874819,3951
m4,D2603,0.089308,0.158406,0.983985,0.537096,1763
m4,D2604,0.119935,0.183764,0.98748,0.694546,2053
m4,D2605,0.605942,0.589867,0.987917,0.139269,2944
m4,D2606,0.467653,0.441806,0.988133,0.458234,4195
m4,D2607,0.384236,0.395038,0.995618,0.600471,4197
m4,D2608,0.456179,0.445373,0.993034,0.293526,4197
m4,D2609,0.402548,0.395606,0.983666,0.013998,4197
m4,D261,0.006645,0.036306,0.851277,0.046524,272
m4,D2610,0.429697,0.418248,0.990897,0.321906,4197
m4,D2611,0.299286,0.307043,0.968185,0.060031,2939
m4,D2612,0.128516,0.185817,0.961322,0.075533,2941
m4,D2613,0.357189,0.360181,0.98691,0.424569,4197
m4,D2614,0.338367,0.359915,0.992557,0.447381,4197
m4,D2615,0.323162,0.348296,0.992787,0.414686,4197
m4,D2616,0.449438,0.414501,0.992156,0.452985,3951
m4,D2617,0.293194,0.330908,0.992614,0.411949,4197
m4,D2618,0.932453,0.712764,0.984559,0.034798,4197
m4,D2619,0.409462,0.395601,0.997502,0.652893,4197
m4,D262,0.006582,0.036037,0.84476,0.021548,272
m4,D2620,0.432678,0.432883,0.995109,0.631554,3445
m4,D2621,0.243297,0.28021,0.976638,0.134334,2814
m4,D2622,0.083103,0.152074,0.985964,0.774143,1304
m4,D2623,0.060783,0.128623,0.979423,0.363963,1052
m4,D2624,0.041035,0.102554,0.967827,0.038795,1052
m4,D2625,0.082002,0.155066,0.984728,0.748882,1052
m4,D2626,0.149437,0.217803,0.971328,0.504016,1052
m4,D2627,0.375598,0.378852,0.995294,0.791985,3443
m4,D2628,0.655993,0.559119,0.998059,0.84314,3445
m4,D2629,0.316422,0.323589,0.996005,0.632782,4197
m4,D263,0.004292,0.028085,0.785678,0.102128,245
m4,D2630,0.119376,0.188414,0.988105,0.442011,3319
m4,D2631,0.25138,0.314656,0.994333,0.634278,3319
m4,D2632,0.296317,0.348988,0.996065,0.645535,3319
m4,D2633,0.688157,0.623039,0.997002,0.605686,4197
m4,D2634,0.230814,0.278387,0.993574,0.566882,4197
m4,D2635,0.334326,0.347265,0.995334,0.7351,4197
m4,D2636,0.311997,0.344461,0.988832,0.082967,4197
m4,D2637,0.277479,0.317732,0.994444,0.579664,4197
m4,D2638,0.224519,0.287418,0.99435,0.357673,4197
m4,D2639,0.260851,0.302387,0.985185,0.081989,4195
m4,D264,0.004672,0.029125,0.737768,0.006011,504
m4,D2640,0.227983,0.281992,0.992361,0.406111,4197
m4,D2641,0.231062,0.285186,0.987485,0.025446,4197
m4,D2642,0.167761,0.224962,0.986628,0.006168,4197
m4,D2643,0.132535,0.20254,0.976012,0.170181,2060
m4,D2644,0.126819,0.197886,0.985319,0.742194,2060
m4,D2645,0.079605,0.14323,0.967986,0.383788,2060
m4,D2646,0.437803,0.40994,0.984176,0.000265,4197
m4,D2647,0.407172,0.392131,0.988091,0.010205,4195
m4,D2648,0.493052,0.433983,0.979246,0.026657,4197
m4,D2649,0.399645,0.397495,0.995401,0.749797,4197
m4,D265,0.004271,0.028029,0.788456,0.109084,245
m4,D2650,0.443307,0.424926,0.994242,0.761251,4197
m4,D2651,0.387911,0.381022,0.98411,0.10417,4197
m4,D2652,0.407841,0.40887,0.990145,0.187316,4197
m4,D2653,0.245928,0.295316,0.985512,0.157702,4197
m4,D2654,0.23489,0.286,0.984498,0.103882,4197
m4,D2655,0.153168,0.21584,0.987403,0.099005,4197
m4,D2656,0.421933,0.458844,0.997387,0.405408,4197
m4,D2657,0.578849,0.502617,0.98439,0.512144,4197
m4,D2658,0.260052,0.300033,0.994602,0.530287,4197
m4,D2659,0.235216,0.295438,0.992731,0.675173,4197
m4,D266,0.007222,0.038115,0.855697,0.006171,275
m4,D2660,0.120051,0.18236,0.982545,0.131366,4197
m4,D2661,0.220639,0.259224,0.988031,2.3e-05,4197
m4,D2662,0.185839,0.254274,0.99197,0.259404,4197
m4,D2663,0.356504,0.399932,0.994737,0.329483,4197
m4,D2664,0.295841,0.356989,0.995452,0.036426,4197
m4,D2665,0.394446,0.397652,0.996556,0.750524,4197
m4,D2666,0.565976,0.489817,0.981928,0.207575,4197
m4,D2667,0.502894,0.466618,0.997701,0.879573,4197
m4,D2668,0.128819,0.194242,0.982997,0.433736,4197
m4,D2669,0.476014,0.449524,0.987379,0.131322,4197
m4,D267,0.007313,0.038416,0.854895,0.00095,275
m4,D2670,0.423241,0.419973,0.987481,0.701564,4197
m4,D2671,0.30924,0.353782,0.99499,0.399702,4197
m4,D2672,0.455651,0.439043,0.998017,0.862165,3319
m4,D2673,0.321524,0.361829,0.997784,0.726114,3319
m4,D2674,0.286802,0.335191,0.997956,0.646782,3319
m4,D2675,0.233289,0.290616,0.984579,0.435186,3317
m4,D2676,0.764464,0.669095,0.991548,0.000565,4197
m4,D2677,0.61561,0.567443,0.997732,0.824937,4197
m4,D2678,0.203331,0.259107,0.9931,0.254569,4197
m4,D2679,0.461588,0.45369,0.998668,0.640751,4197
m4,D268,0.00718,0.037935,0.848177,0.017364,275
m4,D2680,0.566566,0.516024,0.999135,0.888141,4197
m4,D2681,0.251501,0.309501,0.995946,0.49317,4197
m4,D2682,0.409936,0.425249,0.990521,0.133491,4197
m4,D2683,0.514667,0.496168,0.9979,0.651474,4197
m4,D2684,0.338483,0.365137,0.996405,0.755588,4197
m4,D2685,0.459844,0.459282,0.99034,0.000501,4197
m4,D2686,0.520468,0.492375,0.998533,0.644886,4197
m4,D2687,0.41508,0.433528,0.990444,0.026404,4197
m4,D2688,0.504948,0.494766,0.990144,0.376825,4197
m4,D2689,0.321716,0.364858,0.989806,0.213531,4197
m4,D269,0.007223,0.038102,0.850346,0.006902,275
m4,D2690,0.606909,0.555111,0.997781,0.574149,4197
m4,D2691,0.488073,0.504941,0.998379,0.468663,4197
m4,D2692,0.718011,0.634593,0.989644,0.012998,4197
m4,D2693,0.729018,0.555766,0.989604,0.183582,4197
m4,D2694,0.670608,0.590678,0.998339,0.710783,4197
m4,D2695,0.689953,0.569692,0.990607,0.12314,4197
m4,D2696,0.447268,0.432239,0.997576,0.793308,4197
m4,D2697,0.570505,0.515156,0.986757,0.136501,4197
m4,D2698,0.83241,0.677338,0.998887,0.779012,4197
m4,D2699,0.666677,0.588022,0.998341,0.716158,4197
m4,D27,0.078188,0.157093,0.988089,0.704028,673
m4,D270,0.005111,0.030322,0.774064,0.55297,196
m4,D2700,0.490319,0.471823,0.997988,0.57354,4197
m4,D2701,0.20428,0.256006,0.989506,0.010654,4197
m4,D2702,0.479502,0.491021,0.992604,0.013358,4197
m4,D2703,0.214094,0.290249,0.994248,0.20469,4197
m4,D2704,0.182553,0.258776,0.994786,0.440817,4197
m4,D2705,0.333071,0.345618,0.985812,0.415144,4197
m4,D2706,0.199137,0.269458,0.994242,0.004572,4197
m4,D2707,0.257329,0.306053,0.992287,0.019982,4197
m4,D2708,0.272496,0.31567,0.987884,0.106619,4197
m4,D2709,0.470011,0.437298,0.996822,0.599112,4197
m4,D271,0.005478,0.03158,0.801678,0.600621,196
m4,D2710,0.309209,0.344455,0.993769,0.274401,4197
m4,D2711,0.323962,0.348841,0.992657,0.685166,4197
m4,D2712,0.54832,0.499178,0.995813,0.634056,4197
m4,D2713,0.506872,0.469198,0.996611,0.69843,4197
m4,D2714,0.487694,0.459117,0.987208,0.002086,4197
m4,D2715,0.237521,0.297585,0.996085,0.626168,4197
m4,D2716,0.218286,0.278709,0.98804,0.005204,4197
m4,D2717,0.28265,0.332521,0.992288,0.4873,4197
m4,D2718,0.192276,0.257775,0.988117,0.128803,4197
m4,D2719,0.401421,0.410152,0.989674,0.332217,4197
m4,D272,0.004855,0.029518,0.764321,0.503984,196
m4,D2720,0.407869,0.418398,0.997277,0.706298,4197
m4,D2721,0.500123,0.476026,0.998666,0.728771,4197
m4,D2722,0.380753,0.445536,0.997041,0.194953,4197
m4,D2723,0.406238,0.456992,0.996595,0.331687,4197
m4,D2724,0.22587,0.28277,0.988461,0.117792,4197
m4,D2725,0.472935,0.45427,0.99829,0.729934,4197
m4,D2726,0.260869,0.299971,0.98411,0.035424,4197
m4,D2727,0.266334,0.305292,0.995233,0.383284,4197
m4,D2728,0.241032,0.299091,0.990555,0.295679,4197
m4,D2729,0.549097,0.515547,0.999165,0.712358,4197
m4,D273,0.005222,0.030724,0.789901,0.560443,196
m4,D2730,0.306079,0.350051,0.992716,0.514534,4197
m4,D2731,0.472609,0.465628,0.997816,0.820934,4197
m4,D2732,0.284713,0.330568,0.9879,0.049889,4197
m4,D2733,0.508614,0.431618,0.995094,0.692772,3445
m4,D2734,0.110633,0.169875,0.955907,0.030634,2941
m4,D2735,0.133063,0.189309,0.980333,0.169747,2941
m4,D2736,0.122503,0.190638,0.970236,0.010958,2941
m4,D2737,0.134683,0.197863,0.988905,0.018182,3194
m4,D2738,0.16453,0.216435,0.988265,0.106626,3194
m4,D2739,0.364632,0.379267,0.997885,0.813594,4197
m4,D274,0.011192,0.048706,0.936135,0.804752,218
m4,D2740,0.515239,0.485454,0.997093,0.687265,4197
m4,D2741,0.205645,0.267613,0.992374,0.043307,4197
m4,D2742,0.48548,0.447683,0.996914,0.587571,4197
m4,D2743,0.427622,0.432638,0.98901,0.161252,4197
m4,D2744,0.441565,0.431829,0.98522,0.099957,4197
m4,D2745,0.036975,0.095387,0.975202,0.530871,921
m4,D2746,0.036733,0.093027,0.962235,0.678789,921
m4,D2747,0.292174,0.315598,0.993636,0.285305,3445
m4,D2748,0.234842,0.279303,0.981631,0.006441,3445
m4,D2749,0.215246,0.262322,0.992254,0.33459,3445
m4,D275,0.011939,0.050616,0.943247,0.811907,218
m4,D2750,0.431929,0.433306,0.996264,0.726842,4197
m4,D2751,0.724623,0.635392,0.991649,0.288741,4197
m4,D2752,0.293012,0.324695,0.98862,0.343869,4197
m4,D2753,0.291651,0.349712,0.98944,0.01887,4197
m4,D2754,0.057607,0.117571,0.910725,0.004095,1052
m4,D2755,0.051744,0.120198,0.945789,0.318062,1101
m4,D2756,0.062421,0.133994,0.981284,0.786372,1430
m4,D2757,0.043884,0.101168,0.931596,0.079128,1430
m4,D2758,0.361408,0.388689,0.995174,0.889388,4197
m4,D2759,0.5025,0.495743,0.997289,0.878754,4197
m4,D276,0.010501,0.046844,0.930829,0.796447,218
m4,D2760,0.7549,0.643424,0.98756,0.15034,4197
m4,D2761,0.512588,0.485781,0.995956,0.772644,4197
m4,D2762,0.619867,0.557683,0.996845,0.798672,4197
m4,D2763,0.44587,0.444096,0.998693,0.642314,4197
m4,D2764,0.28544,0.333956,0.987967,0.003574,4197
m4,D2765,0.297371,0.322734,0.990142,0.66418,4197
m4,D2766,0.283825,0.30387,0.980022,0.081278,4197
m4,D2767,0.32561,0.34677,0.992769,0.721728,4197
m4,D2768,0.175151,0.232264,0.981325,0.101859,4197
m4,D2769,0.172903,0.236042,0.987355,0.385159,4197
m4,D277,0.011299,0.048888,0.939087,0.806835,218
m4,D2770,0.219392,0.281287,0.992667,0.001022,4197
m4,D2771,0.177415,0.240194,0.989229,0.027242,4197
m4,D2772,0.257754,0.332559,0.994011,0.258285,4197
m4,D2773,0.208764,0.270198,0.989962,0.048792,4197
m4,D2774,0.407475,0.422066,0.990673,0.293545,3194
m4,D2775,0.157871,0.207126,0.97423,0.022624,4197
m4,D2776,0.248543,0.334854,0.997458,0.797141,3066
m4,D2777,0.432928,0.494907,0.993011,0.446056,3066
m4,D2778,0.070016,0.132812,0.946259,0.091479,921
m4,D2779,0.506839,0.512382,0.998363,0.889627,4197
m4,D278,0.012325,0.053135,0.94146,0.747242,253
m4,D2780,0.282895,0.352919,0.990605,0.467176,1304
m4,D2781,0.447908,0.470607,0.996748,0.783075,4197
m4,D2782,0.493204,0.535269,0.998258,0.828423,4197
m4,D2783,0.363123,0.429246,0.996823,0.519813,4197
m4,D2784,0.296048,0.368021,0.997018,0.773558,4197
m4,D2785,0.465578,0.444024,0.988323,0.550437,4197
m4,D2786,0.309694,0.345966,0.9899,0.681316,4197
m4,D2787,0.389591,0.397491,0.992495,0.508484,4197
m4,D2788,0.288958,0.324219,0.987173,0.034138,3445
m4,D2789,0.307456,0.348087,0.990824,0.051771,3445
m4,D279,0.011405,0.050837,0.938147,0.732002,253
m4,D2790,0.412141,0.438615,0.991727,0.193868,4197
m4,D2791,0.187257,0.263925,0.995221,0.776616,4197
m4,D2792,0.472319,0.502368,0.998328,0.884395,4197
m4,D2793,0.259192,0.330962,0.990915,0.32584,4075
m4,D2794,0.122755,0.193919,0.985697,0.222079,4075
m4,D2795,0.488614,0.544419,0.995358,0.767226,2060
m4,D2796,0.272279,0.317301,0.987693,0.399643,4075
m4,D2797,0.336741,0.371149,0.991,0.305785,4075
m4,D2798,0.361125,0.410829,0.99291,0.062709,4197
m4,D2799,0.442432,0.503014,0.996168,0.54582,4197
m4,D28,0.168153,0.244205,0.983658,0.648003,849
m4,D280,0.012248,0.05304,0.943422,0.748618,253
m4,D2800,0.242496,0.268155,0.964148,0.24225,3445
m4,D2801,0.30669,0.308065,0.976313,0.242429,3194
m4,D2802,0.234912,0.28364,0.985567,0.256918,3194
m4,D2803,0.372979,0.410115,0.994551,0.053035,3951
m4,D2804,0.662631,0.60509,0.995851,0.788601,4075
m4,D2805,0.349156,0.371814,0.984279,0.005034,2565
m4,D2806,0.288624,0.328916,0.985213,0.094277,2691
m4,D2807,0.306012,0.328463,0.986458,0.49367,2691
m4,D2808,0.590566,0.536402,0.987648,0.027163,4197
m4,D2809,0.422305,0.410148,0.99644,0.787491,4197
m4,D281,0.005868,0.034416,0.836783,0.299745,207
m4,D2810,0.455152,0.469755,0.990282,0.416564,4197
m4,D2811,0.373546,0.410757,0.990936,0.059847,4197
m4,D2812,0.249678,0.323,0.977516,0.425101,2060
m4,D2813,0.509344,0.536057,0.993404,0.458927,4197
m4,D2814,0.565703,0.47797,0.985393,0.016052,4197
m4,D2815,0.320601,0.337182,0.992094,0.573287,3951
m4,D2816,0.544295,0.473237,0.983243,0.713676,3951
m4,D2817,0.246503,0.28269,0.988443,0.29282,3951
m4,D2818,0.279173,0.313358,0.990877,0.377964,3951
m4,D2819,0.328187,0.346252,0.991629,0.246022,3951
m4,D282,0.005247,0.032283,0.813475,0.198493,207
m4,D2820,0.292413,0.323693,0.993226,0.496577,4197
m4,D2821,0.454713,0.443961,0.98815,0.010891,4197
m4,D2822,0.528486,0.511024,0.996621,0.845016,4197
m4,D2823,0.296771,0.33701,0.993007,0.0279,2440
m4,D2824,0.29196,0.323285,0.992888,0.155525,2440
m4,D2825,0.322391,0.342213,0.993417,0.117255,2440
m4,D2826,0.683908,0.546406,0.983226,0.245946,4197
m4,D2827,0.517048,0.506238,0.987497,0.032805,4197
m4,D2828,0.273707,0.304225,0.976256,0.099862,2565
m4,D2829,0.286983,0.300805,0.973347,0.25137,2565
m4,D283,0.005541,0.033291,0.827716,0.255507,207
m4,D2830,0.242629,0.281166,0.979343,0.209817,2565
m4,D2831,0.298391,0.324921,0.984244,0.463778,2565
m4,D2832,0.173415,0.256018,0.985713,0.633792,2060
m4,D2833,0.122084,0.202991,0.979188,0.428856,2060
m4,D2834,0.326071,0.341217,0.992174,0.549002,3571
m4,D2835,0.378094,0.381419,0.994115,0.805593,3571
m4,D2836,0.134013,0.205089,0.975259,0.243779,1808
m4,D2837,0.454554,0.48254,0.985917,0.507227,1808
m4,D2838,0.27547,0.304071,0.993093,0.671778,3571
m4,D2839,0.64228,0.642271,0.993343,0.327669,4197
m4,D284,0.002909,0.022509,0.674348,0.002036,249
m4,D2840,0.498053,0.520727,0.998206,0.56481,4197
m4,D2841,0.765037,0.720625,0.99521,0.834569,4197
m4,D2842,0.60019,0.530846,0.993396,0.764358,4197
m4,D2843,0.670138,0.59754,0.996012,0.803493,4197
m4,D2844,0.723341,0.637691,0.996192,0.830163,4197
m4,D2845,0.2747,0.305047,0.974808,0.103099,2941
m4,D2846,0.427315,0.422017,0.995267,0.852939,4197
m4,D2847,0.351101,0.368171,0.985667,0.630369,4197
m4,D2848,0.469726,0.470627,0.994961,0.762767,4197
m4,D2849,0.624355,0.642841,0.995092,0.139173,3951
m4,D285,0.003038,0.02242,0.632486,0.003448,775
m4,D2850,0.536617,0.547502,0.994214,0.20399,3951
m4,D2851,0.518048,0.555519,0.995085,0.076855,3951
m4,D2852,0.082124,0.143868,0.966654,0.232707,1052
m4,D2853,0.663623,0.581335,0.997705,0.885626,4197
m4,D2854,0.731724,0.552763,0.973641,0.083304,4197
m4,D2855,0.461937,0.425762,0.988712,0.684673,4197
m4,D2856,0.324719,0.344455,0.977065,0.100958,4197
m4,D2857,0.190008,0.239251,0.961338,0.006695,2060
m4,D2858,0.503215,0.504869,0.994078,0.499884,4197
m4,D2859,0.526906,0.492744,0.995949,0.818015,4197
m4,D286,0.012083,0.052874,0.949657,0.756187,178
m4,D2860,0.339568,0.351096,0.97831,0.160255,3319
m4,D2861,0.460077,0.476318,0.99584,0.637541,4197
m4,D2862,0.391608,0.393137,0.996082,0.878972,4197
m4,D2863,0.400513,0.442562,0.995792,0.541312,4197
m4,D2864,0.493836,0.519906,0.996814,0.666182,4197
m4,D2865,0.284401,0.324264,0.988758,0.071141,2691
m4,D2866,0.601272,0.598087,0.991791,0.004826,3951
m4,D2867,0.652415,0.652064,0.995613,0.307095,4197
m4,D2868,0.818597,0.586133,0.964962,0.161047,4197
m4,D2869,0.477453,0.45794,0.996908,0.894805,4197
m4,D287,0.012481,0.053922,0.951815,0.763789,178
m4,D2870,0.445111,0.410689,0.995982,0.857646,4197
m4,D2871,0.387425,0.376571,0.995645,0.802338,4197
m4,D2872,0.428948,0.402539,0.994556,0.773558,4197
m4,D2873,0.44602,0.417557,0.981034,0.02309,4197
m4,D2874,0.362766,0.358588,0.993129,0.687298,4197
m4,D2875,0.419106,0.412131,0.996955,0.900304,4197
m4,D2876,0.472245,0.434375,0.98122,0.069823,4197
m4,D2877,0.65373,0.579708,0.993876,0.640386,3194
m4,D2878,0.670294,0.588858,0.982002,0.236934,3194
m4,D2879,0.391757,0.369799,0.991143,0.584109,4197
m4,D288,0.01154,0.051539,0.94964,0.742917,178
m4,D2880,0.420901,0.407993,0.990025,0.070935,4197
m4,D2881,0.395926,0.373594,0.97783,0.014155,4197
m4,D2882,0.334416,0.34037,0.989411,0.350117,4197
m4,D2883,0.121867,0.18552,0.978425,0.133372,3194
m4,D2884,0.113812,0.175101,0.969277,0.024205,3194
m4,D2885,0.210194,0.256427,0.981439,0.017531,3194
m4,D2886,0.269434,0.304831,0.984464,2e-06,3194
m4,D2887,1.18569,0.995703,0.996794,0.773807,4075
m4,D2888,0.805453,0.650679,0.982269,0.016295,4075
m4,D2889,0.674791,0.559909,0.997618,0.901486,4075
m4,D289,0.011955,0.052619,0.95087,0.750877,178
m4,D2890,0.617797,0.53933,0.996838,0.878666,4075
m4,D2891,0.653499,0.61349,0.992058,0.684178,4075
m4,D2892,0.67149,0.576637,0.997161,0.890084,4075
m4,D2893,0.24419,0.311083,0.994413,0.69595,4197
m4,D2894,0.588602,0.528844,0.983939,0.269795,4197
m4,D2895,0.559019,0.539585,0.993509,0.545208,4197
m4,D2896,0.408472,0.393851,0.982836,0.139899,4197
m4,D2897,0.362943,0.345366,0.983284,0.273847,3571
m4,D2898,0.394527,0.368537,0.976337,0.032582,3571
m4,D2899,0.436364,0.43843,0.98994,0.226409,3571
m4,D29,0.268242,0.313062,0.996914,0.921495,1006
m4,D290,0.019156,0.066059,0.956643,0.629616,675
m4,D2900,0.523329,0.47439,0.984419,0.369698,4197
m4,D2901,0.379699,0.374358,0.995401,0.801472,4197
m4,D2902,0.188411,0.254983,0.99218,0.406881,4197
m4,D2903,0.193451,0.245638,0.988823,0.866025,1304
m4,D2904,0.235439,0.285403,0.99131,0.888799,1304
m4,D2905,0.142888,0.200342,0.979838,0.168184,4197
m4,D2906,0.17561,0.238725,0.987177,0.016113,4197
m4,D2907,0.190486,0.241631,0.987507,0.257358,4197
m4,D2908,0.392061,0.389766,0.984039,0.016815,4197
m4,D2909,0.373723,0.373557,0.99706,0.560217,4197
m4,D291,0.019495,0.066812,0.957445,0.638479,675
m4,D2910,0.516811,0.484128,0.990925,0.240044,4197
m4,D2911,0.557026,0.529024,0.988623,0.10589,4197
m4,D2912,0.541442,0.475441,0.988861,0.16231,4197
m4,D2913,0.520284,0.475649,0.992593,0.661257,3194
m4,D2914,0.625441,0.555137,0.993036,0.541481,3194
m4,D2915,0.246106,0.291775,0.985001,0.018358,3445
m4,D2916,0.429777,0.423909,0.995233,0.819263,4197
m4,D2917,0.303948,0.354351,0.99368,0.519725,4197
m4,D2918,0.292804,0.346419,0.993346,0.50034,4197
m4,D2919,0.220141,0.291834,0.989012,0.082785,4197
m4,D292,0.018978,0.065653,0.956496,0.624466,675
m4,D2920,0.219952,0.281375,0.991137,0.071858,4197
m4,D2921,0.314687,0.35675,0.994108,0.139578,4197
m4,D2922,0.149718,0.220201,0.989941,0.013528,4197
m4,D2923,0.193864,0.265823,0.990967,0.006455,4197
m4,D2924,0.145739,0.208217,0.98871,0.488967,4197
m4,D2925,0.342147,0.364472,0.988895,0.555205,4197
m4,D2926,0.328115,0.349171,0.984701,0.502785,4197
m4,D2927,0.126099,0.194893,0.98744,0.004485,4197
m4,D2928,0.228942,0.291226,0.985251,0.689929,1808
m4,D2929,0.21875,0.282402,0.987245,0.767995,1808
m4,D293,0.019291,0.066354,0.957234,0.633311,675
m4,D2930,0.266511,0.320446,0.975956,0.517308,1808
m4,D2931,0.09503,0.162219,0.967472,0.530582,1808
m4,D2932,0.171286,0.236871,0.983403,0.742963,1808
m4,D2933,0.265543,0.299048,0.992944,0.731163,4197
m4,D2934,0.190309,0.243099,0.988906,0.54863,4197
m4,D2935,0.264645,0.303544,0.985063,0.358067,4197
m4,D2936,0.295516,0.327218,0.994212,0.619306,4197
m4,D2937,0.206145,0.259491,0.984984,0.136787,4197
m4,D2938,0.295969,0.331037,0.992169,0.463869,4197
m4,D2939,0.123219,0.195608,0.988172,0.298972,4197
m4,D294,0.029247,0.086823,0.982863,0.899986,296
m4,D2940,0.225067,0.281171,0.993649,0.4076,4197
m4,D2941,0.145919,0.211184,0.991074,0.739539,4197
m4,D2942,0.198093,0.249388,0.989184,0.872752,1304
m4,D2943,0.246729,0.302564,0.994343,0.538352,4197
m4,D2944,0.164693,0.232349,0.989805,0.223054,4197
m4,D2945,0.314136,0.356191,0.995622,0.514474,4197
m4,D2946,0.299116,0.341535,0.989601,0.575873,4197
m4,D2947,0.201882,0.258567,0.99022,0.084113,4197
m4,D2948,0.360805,0.378575,0.987615,0.152436,4197
m4,D2949,0.210979,0.265183,0.993159,0.660877,4197
m4,D295,0.015447,0.056129,0.890618,0.04458,682
m4,D2950,0.164241,0.231839,0.987832,0.080328,4197
m4,D2951,0.229635,0.269129,0.991031,0.469973,4197
m4,D2952,0.191862,0.245524,0.988436,0.160381,4197
m4,D2953,0.383104,0.387073,0.995334,0.355824,4197
m4,D2954,0.253272,0.297491,0.991669,0.174094,4197
m4,D2955,0.282338,0.307331,0.994277,0.45144,4197
m4,D2956,0.421965,0.38978,0.981155,0.005108,4197
m4,D2957,0.276888,0.320425,0.98627,0.179729,4197
m4,D2958,0.249807,0.281968,0.991043,0.549124,4197
m4,D2959,0.411851,0.387878,0.994602,0.585471,4197
m4,D296,0.015104,0.05537,0.889826,0.034904,682
m4,D2960,0.168662,0.227747,0.985207,0.039563,4197
m4,D2961,0.22366,0.26352,0.979143,0.032944,4197
m4,D2962,0.238664,0.315628,0.99502,0.898982,1555
m4,D2963,0.181495,0.242428,0.988701,0.195816,4197
m4,D2964,0.202292,0.256861,0.990759,0.337801,4197
m4,D2965,0.338046,0.370923,0.989521,0.093176,4197
m4,D2966,0.273042,0.312385,0.984277,0.115197,4197
m4,D2967,0.222809,0.284608,0.992274,0.401756,4197
m4,D2968,0.273786,0.318487,0.993807,0.575369,4197
m4,D2969,0.413561,0.390253,0.982658,0.007915,4197
m4,D297,0.015752,0.056837,0.892038,0.054499,682
m4,D2970,0.302819,0.344728,0.991615,0.063093,4197
m4,D2971,0.240979,0.289991,0.990488,7e-06,4197
m4,D2972,0.321635,0.365114,0.994116,0.265303,4197
m4,D2973,0.197187,0.25696,0.988145,0.262206,4197
m4,D2974,0.291016,0.34771,0.99495,0.506935,4197
m4,D2975,0.093865,0.159613,0.980699,0.81133,1187
m4,D2976,0.081797,0.145266,0.955316,0.351824,1187
m4,D2977,0.328547,0.334403,0.994308,0.502494,4197
m4,D2978,0.595175,0.532086,0.997817,0.716577,2689
m4,D2979,0.781341,0.67331,0.998588,0.699991,2691
m4,D298,0.015428,0.056073,0.890403,0.044045,682
m4,D2980,0.744586,0.64588,0.998398,0.708713,2691
m4,D2981,0.517158,0.511408,0.992269,0.124366,4197
m4,D2982,0.260359,0.311328,0.988091,0.025382,4197
m4,D2983,0.225791,0.280337,0.9877,0.003299,4197
m4,D2984,0.220603,0.278947,0.988474,0.001995,4197
m4,D2985,0.318901,0.335968,0.985091,0.2118,4197
m4,D2986,0.575915,0.479566,0.991602,0.615794,4197
m4,D2987,0.423004,0.419844,0.990258,0.125753,4197
m4,D2988,0.255329,0.288302,0.98494,0.052331,4197
m4,D2989,0.343589,0.35884,0.985458,0.368458,4197
m4,D299,0.014424,0.056012,0.934454,0.162312,680
m4,D2990,0.181076,0.247049,0.990658,0.328825,4197
m4,D2991,0.486505,0.490663,0.995008,0.183981,4197
m4,D2992,0.327733,0.368051,0.992189,0.169187,4197
m4,D2993,0.669192,0.595243,0.993787,0.040311,4197
m4,D2994,0.340071,0.379474,0.992182,0.19567,4197
m4,D2995,0.379178,0.409537,0.993662,0.314679,4197
m4,D2996,0.444166,0.482142,0.995603,0.700819,4197
m4,D2997,0.158232,0.214319,0.991851,0.836916,1304
m4,D2998,0.104032,0.165077,0.985176,0.647485,1304
m4,D2999,0.190294,0.246566,0.992984,0.799838,1304
m4,D3,0.016347,0.058929,0.482828,0.115696,130
m4,D30,0.10272,0.179122,0.971656,0.336167,849
m4,D300,0.013855,0.054636,0.933754,0.132448,680
m4,D3000,0.272716,0.309496,0.988501,0.163442,4195
m4,D3001,0.458602,0.454035,0.991252,7.8e-05,4197
m4,D3002,0.442807,0.436062,0.996035,0.536555,4197
m4,D3003,0.204557,0.266528,0.992251,0.066343,4197
m4,D3004,0.651084,0.531364,0.997633,0.653919,3571
m4,D3005,0.577613,0.488427,0.997647,0.572722,3571
m4,D3006,0.477811,0.417107,0.996426,0.551981,3571
m4,D3007,0.267838,0.33296,0.988764,0.178356,2060
m4,D3008,0.150566,0.209941,0.980863,0.022689,2058
m4,D3009,0.153907,0.213733,0.978846,0.01648,2058
m4,D301,0.014158,0.055397,0.935262,0.14863,680
m4,D3010,0.21256,0.271544,0.987194,0.0695,2060
m4,D3011,0.213488,0.277111,0.985617,0.139491,2060
m4,D3012,0.474625,0.432818,0.98385,0.333315,4195
m4,D3013,0.317148,0.34456,0.984305,0.182889,4197
m4,D3014,0.27133,0.30426,0.992269,0.535267,4197
m4,D3015,0.261017,0.296934,0.983811,0.029689,4197
m4,D3016,0.307003,0.354098,0.995363,0.800531,4197
m4,D3017,0.202816,0.272312,0.991731,0.347914,4197
m4,D3018,0.317468,0.314338,0.978183,0.217396,3194
m4,D3019,0.231534,0.26316,0.977411,0.0534,3194
m4,D302,0.004608,0.029596,0.79516,0.020477,224
m4,D3020,0.233091,0.291563,0.992895,0.446551,4197
m4,D3021,0.175323,0.245655,0.993168,0.185182,4197
m4,D3022,0.464487,0.441238,0.989524,0.333218,4195
m4,D3023,0.59448,0.534491,0.991646,0.335615,4197
m4,D3024,0.646467,0.574369,0.985828,0.06249,4197
m4,D3025,0.290448,0.324174,0.992401,0.126311,4195
m4,D3026,0.285782,0.321483,0.989744,0.207317,4195
m4,D3027,0.422049,0.45744,0.995282,0.022695,3192
m4,D3028,0.527899,0.542488,0.995507,0.012632,3194
m4,D3029,0.447562,0.501343,0.993118,0.070193,3194
m4,D303,0.046842,0.109914,0.969963,0.306016,683
m4,D3030,0.458947,0.51488,0.996382,0.015613,3194
m4,D3031,0.337966,0.407633,0.996716,0.823883,2060
m4,D3032,0.473967,0.4301,0.974779,0.629677,2060
m4,D3033,0.271129,0.343461,0.995269,0.855782,2060
m4,D3034,0.43992,0.402559,0.974453,0.625762,2060
m4,D3035,0.299473,0.372069,0.99618,0.833171,2060
m4,D3036,0.336623,0.399756,0.996684,0.857751,2060
m4,D3037,0.369029,0.371916,0.993566,0.226721,3571
m4,D3038,0.307305,0.349683,0.991791,0.896923,1101
m4,D3039,0.314715,0.355612,0.992024,0.898856,1101
m4,D304,0.045614,0.108226,0.967692,0.28278,683
m4,D3040,0.461363,0.478431,0.997813,0.939969,2565
m4,D3041,0.422406,0.477062,0.997851,0.861213,2565
m4,D3042,0.634483,0.592016,0.996884,0.828131,4195
m4,D3043,0.59232,0.554186,0.995605,0.736261,4197
m4,D3044,0.568318,0.539707,0.99495,0.53957,4195
m4,D3045,0.614263,0.576338,0.989947,0.125115,4195
m4,D3046,0.476194,0.494579,0.996149,0.785596,3951
m4,D3047,0.554575,0.559912,0.997435,0.839384,3951
m4,D3048,0.550698,0.511916,0.989334,0.604358,3949
m4,D3049,0.468437,0.422366,0.981272,0.026849,4197
m4,D305,0.046211,0.109033,0.969033,0.295805,683
m4,D3050,0.173739,0.225782,0.970975,0.005051,3064
m4,D3051,0.103886,0.16528,0.975407,0.046982,3064
m4,D3052,0.634556,0.594593,0.988607,0.540351,3571
m4,D3053,0.49319,0.465345,0.996106,0.915463,3571
m4,D3054,0.375927,0.371162,0.99149,0.804257,3194
m4,D3055,0.499531,0.450649,0.995341,0.843116,3194
m4,D3056,0.502377,0.465659,0.996961,0.937928,3194
m4,D3057,0.394035,0.382816,0.993474,0.766087,3194
m4,D3058,0.054187,0.119309,0.954543,0.319467,1430
m4,D3059,0.380883,0.389789,0.994084,0.924238,2565
m4,D306,0.058024,0.130732,0.978417,0.469681,683
m4,D3060,0.545606,0.498627,0.994691,0.867797,3319
m4,D3061,0.651763,0.562319,0.996345,0.892597,3319
m4,D3062,0.447819,0.432991,0.994802,0.911946,3319
m4,D3063,0.555539,0.524663,0.996201,0.848806,4197
m4,D3064,0.242268,0.303656,0.986867,0.067281,1808
m4,D3065,0.276193,0.322068,0.974982,0.064364,1806
m4,D3066,0.207097,0.277126,0.985012,0.048257,1808
m4,D3067,0.249537,0.31202,0.986775,0.087566,1808
m4,D3068,0.115667,0.177335,0.972846,0.034939,2060
m4,D3069,0.177142,0.230126,0.982758,0.425833,2060
m4,D307,0.058914,0.131935,0.97913,0.47767,683
m4,D3070,0.154659,0.217288,0.969213,0.032188,2060
m4,D3071,0.182389,0.241215,0.974294,0.021006,2060
m4,D3072,0.649784,0.57928,0.997228,0.929369,4197
m4,D3073,0.910412,0.709585,0.987577,0.176912,3194
m4,D3074,0.738025,0.634363,0.989953,0.175481,3194
m4,D3075,0.204118,0.244462,0.932283,0.008581,2440
m4,D3076,0.241835,0.285722,0.976019,0.392373,2941
m4,D3077,0.409172,0.424849,0.988803,0.482038,2941
m4,D3078,0.534738,0.493777,0.99592,0.851416,4195
m4,D3079,0.124001,0.195358,0.979898,0.608344,2060
m4,D308,0.057067,0.129503,0.977598,0.460062,683
m4,D3080,0.18501,0.258029,0.98818,0.694623,2060
m4,D3081,0.210408,0.293565,0.992378,0.66757,2060
m4,D3082,0.506783,0.45997,0.994773,0.72323,4195
m4,D3083,0.64088,0.539425,0.984063,0.053304,4197
m4,D3084,0.766672,0.678977,0.992007,0.035963,4197
m4,D3085,0.812499,0.72108,0.997434,0.806544,4197
m4,D3086,0.489363,0.470652,0.994938,0.853539,3317
m4,D3087,0.554941,0.542974,0.995694,0.84936,3317
m4,D3088,0.284385,0.319296,0.990213,0.691369,2565
m4,D3089,0.624614,0.576783,0.989221,0.658024,4197
m4,D309,0.057993,0.130744,0.978507,0.469416,683
m4,D3090,0.553531,0.466521,0.994509,0.697799,3571
m4,D3091,0.635466,0.537858,0.996437,0.851558,4197
m4,D3092,0.648302,0.529327,0.995225,0.751063,4197
m4,D3093,0.739613,0.58442,0.996137,0.790563,4197
m4,D3094,0.458312,0.399807,0.971987,0.202885,3192
m4,D3095,0.251383,0.280135,0.972032,0.124891,3194
m4,D3096,0.764494,0.649757,0.998894,0.900655,3571
m4,D3097,0.705531,0.611136,0.99565,0.663392,4197
m4,D3098,0.36371,0.369819,0.990607,0.000135,4197
m4,D3099,0.385394,0.389595,0.986615,0.106653,4195
m4,D31,0.665139,0.560598,0.989546,0.7147,1006
m4,D310,0.070613,0.149501,0.985084,0.719677,681
m4,D3100,0.210494,0.286967,0.99077,0.519572,2060
m4,D3101,0.187105,0.254001,0.992014,0.645808,2060
m4,D3102,0.654128,0.532321,0.994499,0.688109,4197
m4,D3103,0.324295,0.336645,0.975359,0.289266,2691
m4,D3104,0.758148,0.604293,0.984089,0.023698,4195
m4,D3105,0.82773,0.649991,0.997088,0.854486,4197
m4,D3106,0.646756,0.545836,0.984449,0.072887,4197
m4,D3107,0.317413,0.338757,0.994177,0.58995,4195
m4,D3108,0.163606,0.216614,0.98431,7.7e-05,4197
m4,D3109,0.346871,0.344572,0.984851,0.509128,4195
m4,D311,0.071254,0.150458,0.986048,0.722711,681
m4,D3110,0.188166,0.249048,0.992605,0.588277,4197
m4,D3111,0.270194,0.310964,0.98536,0.363866,4197
m4,D3112,0.228609,0.27728,0.992709,0.76901,4197
m4,D3113,0.225604,0.282457,0.992472,0.66027,4197
m4,D3114,0.169983,0.239146,0.990497,0.539731,4197
m4,D3115,0.27082,0.286251,0.912946,0.001516,1304
m4,D3116,0.282931,0.292184,0.919237,0.057318,1304
m4,D3117,0.344022,0.328081,0.970618,0.350488,4195
m4,D3118,0.170017,0.22834,0.984526,0.455472,4197
m4,D3119,0.496565,0.478279,0.995157,0.888491,4195
m4,D312,0.069765,0.148531,0.98541,0.71663,681
m4,D3120,0.305606,0.347791,0.988456,0.536993,2616
m4,D3121,0.061572,0.124203,0.936649,0.071589,1101
m4,D3122,0.05953,0.122149,0.934376,0.033691,1101
m4,D3123,0.530866,0.483791,0.996595,0.899892,4197
m4,D3124,0.887048,0.677024,0.984867,0.000578,4197
m4,D3125,0.558201,0.503251,0.997345,0.829494,4197
m4,D3126,0.380389,0.379908,0.981585,0.323667,4197
m4,D3127,0.346627,0.35436,0.984484,0.621799,4197
m4,D3128,0.32747,0.346835,0.994556,0.734464,4197
m4,D3129,0.274504,0.31584,0.994058,0.6165,4197
m4,D313,0.070595,0.149661,0.985977,0.720379,681
m4,D3130,0.861894,0.693734,0.998431,0.839096,4197
m4,D3131,0.321888,0.358678,0.991194,0.396209,1935
m4,D3132,0.030373,0.080323,0.948451,0.199189,1304
m4,D3133,0.231156,0.268762,0.991552,0.546245,4197
m4,D3134,0.183176,0.240562,0.992396,0.657387,4197
m4,D3135,0.372088,0.373952,0.993618,0.785832,4195
m4,D3136,0.259656,0.328677,0.993112,0.582911,2831
m4,D3137,0.317028,0.344993,0.988106,0.471035,4197
m4,D3138,0.448095,0.42673,0.997349,0.679956,4197
m4,D3139,0.232974,0.264109,0.978975,0.014641,4197
m4,D314,0.083027,0.165088,0.98793,0.835054,681
m4,D3140,0.265637,0.320244,0.995203,0.56649,4197
m4,D3141,0.455103,0.423188,0.985312,0.034858,4197
m4,D3142,0.537703,0.508834,0.994274,0.810521,4197
m4,D3143,0.229183,0.278088,0.992669,0.772407,4195
m4,D3144,0.260945,0.310188,0.993668,0.651429,4197
m4,D3145,0.256469,0.310565,0.990518,0.271111,4197
m4,D3146,0.260322,0.280733,0.989255,0.532707,3571
m4,D3147,0.305759,0.314642,0.992104,0.731638,3571
m4,D3148,0.34445,0.345646,0.994392,0.695758,3571
m4,D3149,0.434102,0.414339,0.995789,0.751399,4197
m4,D315,0.084287,0.166776,0.988797,0.836707,681
m4,D3150,0.27337,0.305814,0.984773,0.471823,4197
m4,D3151,0.429625,0.430257,0.997089,0.779357,3066
m4,D3152,0.315957,0.339249,0.980083,0.002916,3066
m4,D3153,0.342136,0.370982,0.996656,0.602261,3066
m4,D3154,0.617389,0.552022,0.997431,0.74626,4197
m4,D3155,0.519942,0.495899,0.995365,0.800646,4197
m4,D3156,0.380979,0.396118,0.993783,0.668435,3066
m4,D3157,0.366755,0.392754,0.995652,0.87242,3066
m4,D3158,0.408221,0.407018,0.996028,0.919936,3066
m4,D3159,0.375851,0.3932,0.982674,0.206902,3066
m4,D316,0.081513,0.163341,0.987738,0.833426,681
m4,D3160,0.55345,0.522382,0.988684,0.894594,4197
m4,D3161,0.282732,0.355621,0.993485,0.006531,3571
m4,D3162,0.28527,0.361162,0.993788,0.007448,3571
m4,D3163,0.326668,0.3461,0.988588,0.288906,4195
m4,D3164,0.39034,0.380855,0.989602,0.000839,4197
m4,D3165,0.516694,0.449575,0.981603,0.097664,4197
m4,D3166,0.42818,0.416632,0.9837,0.416656,4197
m4,D3167,0.462769,0.453161,0.989559,0.302893,3571
m4,D3168,1.066155,0.770623,0.981968,0.091218,4195
m4,D3169,0.82975,0.728393,0.995833,0.125773,4197
m4,D317,0.082947,0.165181,0.988319,0.835444,681
m4,D3170,0.76329,0.70056,0.995911,0.347458,4195
m4,D3171,0.563997,0.548418,0.994793,0.081506,4197
m4,D3172,0.892362,0.844526,0.995643,0.001784,4197
m4,D3173,0.462118,0.438377,0.990802,0.196432,4197
m4,D3174,0.485242,0.45001,0.985708,0.27234,4197
m4,D3175,0.145339,0.213094,0.990094,0.037837,4197
m4,D3176,0.451476,0.436942,0.99446,0.589792,4197
m4,D3177,0.291065,0.319393,0.991657,0.516808,4197
m4,D3178,0.269756,0.287555,0.981679,0.050414,4197
m4,D3179,0.120709,0.181663,0.980156,0.046876,4197
m4,D318,0.011504,0.047897,0.872808,0.267428,682
m4,D3180,0.25467,0.300423,0.98569,0.274316,4197
m4,D3181,0.1757,0.225984,0.987536,0.105236,4197
m4,D3182,0.18857,0.253329,0.991512,0.273126,4197
m4,D3183,0.418298,0.406719,0.996407,0.706517,4197
m4,D3184,0.422435,0.400568,0.996713,0.824308,4197
m4,D3185,0.353363,0.365588,0.994154,0.52998,4197
m4,D3186,0.32286,0.333669,0.984464,0.753774,4195
m4,D3187,0.496942,0.441811,0.996987,0.744945,4197
m4,D3188,0.261001,0.300765,0.993364,0.754248,4197
m4,D3189,0.379551,0.371103,0.989587,0.127927,4197
m4,D319,0.010999,0.046699,0.871851,0.254328,682
m4,D3190,0.205729,0.258676,0.984526,0.089621,4195
m4,D3191,0.313092,0.319282,0.988868,0.172915,4197
m4,D3192,0.293744,0.309353,0.988728,0.225308,4197
m4,D3193,0.207094,0.258457,0.983927,0.068196,4197
m4,D3194,0.212389,0.258705,0.985502,0.028817,4197
m4,D3195,0.376905,0.364722,0.983248,0.012392,4197
m4,D3196,0.384999,0.373424,0.980596,0.234395,4195
m4,D3197,0.077617,0.135207,0.933271,0.356943,1304
m4,D3198,0.124913,0.1855,0.987506,0.812155,1304
m4,D3199,0.459739,0.436689,0.996583,0.74663,4197
m4,D32,0.692838,0.576757,0.989986,0.732449,1006
m4,D320,0.012018,0.049158,0.877494,0.277285,682
m4,D3200,0.226331,0.279712,0.99129,0.260112,4197
m4,D3201,0.387061,0.398,0.99371,0.688081,4197
m4,D3202,0.434491,0.440218,0.995796,0.714329,4197
m4,D3203,0.376524,0.389126,0.986344,0.117456,4195
m4,D3204,0.204731,0.246792,0.99057,0.224705,3445
m4,D3205,0.220451,0.257534,0.990636,0.370129,3445
m4,D3206,0.215827,0.268438,0.982796,0.192468,4197
m4,D3207,0.18975,0.247883,0.982261,0.233372,4197
m4,D3208,0.312045,0.32899,0.987873,0.004191,4197
m4,D3209,0.073262,0.13463,0.977562,0.729464,1101
m4,D321,0.011498,0.047925,0.876769,0.263907,682
m4,D3210,0.669249,0.562521,0.984232,0.021214,4197
m4,D3211,0.606395,0.521848,0.985054,0.182179,4197
m4,D3212,0.150766,0.212373,0.975788,0.058229,4197
m4,D3213,0.050409,0.111058,0.933673,0.673025,1101
m4,D3214,0.063958,0.127916,0.974996,0.728626,1101
m4,D3215,0.144857,0.209458,0.985269,0.392675,4197
m4,D3216,0.240734,0.259394,0.978924,0.234863,4197
m4,D3217,0.138993,0.200293,0.98148,0.373789,4197
m4,D3218,0.17506,0.231751,0.986488,0.396351,4197
m4,D3219,0.197362,0.254656,0.978209,0.078796,4197
m4,D322,0.010061,0.044629,0.882324,0.09233,663
m4,D3220,0.153099,0.212788,0.983728,0.174359,4197
m4,D3221,0.163726,0.223729,0.986684,0.535649,4197
m4,D3222,0.199406,0.25695,0.988079,0.14776,4195
m4,D3223,0.117009,0.175569,0.975864,0.020135,4197
m4,D3224,0.173906,0.228323,0.985419,0.335709,4197
m4,D3225,0.311328,0.336965,0.986234,0.16393,4197
m4,D3226,0.286225,0.304115,0.981753,0.027481,4197
m4,D3227,0.261496,0.301992,0.986789,0.014978,4197
m4,D3228,0.249868,0.294258,0.987742,0.046996,4197
m4,D3229,0.330114,0.33966,0.994444,0.710266,3319
m4,D323,0.009744,0.043789,0.880318,0.076775,663
m4,D3230,0.271805,0.310658,0.994319,0.335822,3319
m4,D3231,0.425425,0.423094,0.996355,0.745608,4197
m4,D3232,0.366518,0.376585,0.984004,0.094943,4197
m4,D3233,0.423048,0.408806,0.996326,0.73761,4197
m4,D3234,0.04269,0.100825,0.948476,0.393251,1187
m4,D3235,0.062668,0.125341,0.969883,0.679731,1187
m4,D3236,0.045184,0.102449,0.917526,0.198603,1187
m4,D3237,0.341525,0.368441,0.987037,0.474925,4197
m4,D3238,0.371004,0.381064,0.989647,0.010836,3951
m4,D3239,0.258505,0.294408,0.987723,0.033701,3951
m4,D324,0.010401,0.045528,0.88811,0.106177,663
m4,D3240,0.430138,0.388427,0.972653,0.003271,4197
m4,D3241,0.235515,0.279781,0.98967,0.338659,4197
m4,D3242,0.492121,0.458766,0.997633,0.728725,4197
m4,D3243,0.593782,0.502058,0.995832,0.712729,4197
m4,D3244,0.651673,0.550277,0.985032,0.026714,4197
m4,D3245,0.368188,0.380947,0.996358,0.691585,4197
m4,D3246,0.188793,0.243864,0.983609,0.062018,4196
m4,D3247,0.240965,0.271333,0.979594,0.280827,3571
m4,D3248,0.195548,0.249758,0.98454,0.005577,4197
m4,D3249,0.208312,0.252981,0.979861,0.000315,4197
m4,D325,0.01011,0.044744,0.885392,0.089339,663
m4,D3250,0.247797,0.297872,0.988998,0.112604,4197
m4,D3251,0.335069,0.340686,0.981378,3.1e-05,4197
m4,D3252,0.209608,0.275997,0.986827,0.039068,4197
m4,D3253,0.289317,0.343873,0.991336,0.35725,4197
m4,D3254,0.236763,0.295629,0.991938,0.183504,4197
m4,D3255,0.207,0.262167,0.984878,0.004375,4197
m4,D3256,0.361798,0.380311,0.991643,0.020502,4195
m4,D3257,0.195265,0.252254,0.982305,0.086864,4197
m4,D3258,0.233063,0.283874,0.989737,0.017033,4197
m4,D3259,0.3843,0.398685,0.990804,0.483088,4197
m4,D326,0.059625,0.126119,0.978933,0.890353,679
m4,D3260,0.401573,0.400685,0.993715,0.412336,4195
m4,D3261,0.335122,0.344444,0.98005,0.119317,3571
m4,D3262,0.477154,0.470067,0.98635,0.032172,4197
m4,D3263,0.475114,0.437847,0.984181,0.084312,4197
m4,D3264,0.3828,0.414766,0.993532,0.143949,4197
m4,D3265,0.242028,0.291869,0.987313,0.03125,4197
m4,D3266,0.221565,0.281382,0.990983,0.135271,4197
m4,D3267,0.34117,0.361615,0.99479,0.444219,4197
m4,D3268,0.338375,0.360676,0.996537,0.691452,4197
m4,D3269,0.451845,0.469673,0.991837,0.261047,4197
m4,D327,0.057498,0.123497,0.980477,0.8922,679
m4,D3270,0.401032,0.415241,0.996626,0.861624,4197
m4,D3271,0.657822,0.599817,0.98719,0.411955,4197
m4,D3272,0.132962,0.201286,0.988504,0.043252,4197
m4,D3273,0.235211,0.302056,0.992669,0.395338,4197
m4,D3274,0.455588,0.455788,0.993811,0.113907,4195
m4,D3275,0.446919,0.448243,0.993602,0.110891,4197
m4,D3276,0.1525,0.213219,0.985097,0.019321,4197
m4,D3277,0.356123,0.348536,0.991246,0.668463,4197
m4,D3278,0.236797,0.279783,0.987013,0.088143,4197
m4,D3279,0.329096,0.340697,0.992817,0.087259,4197
m4,D328,0.059873,0.126462,0.980552,0.894534,679
m4,D3280,0.155828,0.223019,0.991047,0.02988,4197
m4,D3281,0.237704,0.293502,0.990286,0.013703,4197
m4,D3282,0.213912,0.259281,0.983428,0.002242,4197
m4,D3283,0.3166,0.316847,0.985994,0.106845,4197
m4,D3284,0.472995,0.458109,0.994744,0.575433,4197
m4,D3285,0.285508,0.311163,0.988993,0.097646,4197
m4,D3286,0.384813,0.386942,0.995925,0.769976,4197
m4,D3287,0.433262,0.435125,0.993139,0.125702,4197
m4,D3288,0.296083,0.33243,0.989642,0.087505,4197
m4,D3289,0.309251,0.340876,0.991,0.003787,4197
m4,D329,0.052936,0.117371,0.979774,0.880202,676
m4,D3290,0.541444,0.513772,0.994452,0.153262,4197
m4,D3291,0.520139,0.489093,0.985874,0.491899,4197
m4,D3292,0.35148,0.368052,0.991562,0.645201,4197
m4,D3293,0.473334,0.459254,0.99288,0.524352,4197
m4,D3294,0.367301,0.385401,0.990049,0.345469,4197
m4,D3295,0.286265,0.324873,0.990541,0.484744,4197
m4,D3296,0.582978,0.522275,0.985604,0.01645,4197
m4,D3297,0.377588,0.392408,0.990506,0.379138,4197
m4,D3298,0.440328,0.433517,0.986722,0.116986,4197
m4,D3299,0.024009,0.074296,0.894203,0.009054,688
m4,D33,0.014535,0.053574,0.72652,0.443826,1006
m4,D330,0.057491,0.123494,0.980633,0.884714,676
m4,D3300,0.410482,0.41622,0.988333,0.094295,4197
m4,D3301,0.349833,0.364104,0.995671,0.716246,4197
m4,D3302,0.397054,0.415297,0.990225,0.479532,4197
m4,D3303,0.391418,0.369454,0.990507,0.730022,4197
m4,D3304,0.530526,0.483588,0.985974,0.514406,4197
m4,D3305,0.468901,0.445544,0.987569,0.412744,4197
m4,D3306,0.520814,0.470681,0.998227,0.913866,4197
m4,D3307,0.467102,0.437008,0.998282,0.88722,4197
m4,D3308,0.252275,0.304217,0.986507,0.055629,4197
m4,D3309,0.368776,0.388653,0.996893,0.719584,4197
m4,D331,0.055312,0.120587,0.980033,0.883728,676
m4,D3310,0.169372,0.229431,0.983748,0.060684,4197
m4,D3311,0.169332,0.232888,0.990317,0.083658,4197
m4,D3312,0.217893,0.276004,0.990255,0.000446,4197
m4,D3313,0.354387,0.377421,0.99558,0.744871,4197
m4,D3314,0.285623,0.315304,0.994315,0.514353,4197
m4,D3315,0.506149,0.475829,0.98728,0.08278,4197
m4,D3316,0.536581,0.4858,0.996931,0.855367,4197
m4,D3317,0.603824,0.623593,0.996454,0.592669,4197
m4,D3318,0.986173,0.780991,0.984815,0.237851,4197
m4,D3319,1.065115,0.841048,0.997735,0.837086,4197
m4,D332,0.011717,0.048343,0.786156,0.727747,180
m4,D3320,0.888649,0.714001,0.997794,0.86161,4197
m4,D3321,0.412672,0.409163,0.986976,0.027954,4197
m4,D3322,0.48078,0.454973,0.99714,0.882373,4197
m4,D3323,0.43022,0.404127,0.990323,0.48001,3571
m4,D3324,0.472813,0.432862,0.994378,0.793905,3571
m4,D3325,0.312793,0.35671,0.996027,0.757791,4197
m4,D3326,0.443028,0.41558,0.981035,0.05371,3571
m4,D3327,0.691997,0.594135,0.997107,0.896321,4197
m4,D3328,0.399901,0.397295,0.995508,0.785782,4197
m4,D3329,0.557142,0.518258,0.995959,0.627735,4197
m4,D333,0.011992,0.048954,0.789897,0.731811,180
m4,D3330,0.560874,0.519187,0.99576,0.662501,4197
m4,D3331,0.717983,0.634364,0.998127,0.827814,4197
m4,D3332,0.445658,0.426761,0.993445,0.393237,4197
m4,D3333,0.289827,0.315793,0.99489,0.753683,4197
m4,D3334,0.430242,0.419933,0.994532,0.459699,4197
m4,D3335,0.547159,0.505109,0.997411,0.908518,4197
m4,D3336,0.563415,0.5056,0.996631,0.856881,4197
m4,D3337,0.613055,0.555537,0.997831,0.908137,4197
m4,D3338,0.563522,0.508109,0.995566,0.824815,4197
m4,D3339,0.549461,0.472953,0.992008,0.544054,4197
m4,D334,0.011486,0.047779,0.783254,0.718944,180
m4,D3340,0.588711,0.551841,0.997161,0.837907,4197
m4,D3341,0.587078,0.54551,0.997371,0.868158,4197
m4,D3342,0.520583,0.503705,0.996937,0.763501,4197
m4,D3343,0.641075,0.620092,0.983962,0.143412,4197
m4,D3344,0.513764,0.51476,0.994907,0.313884,4197
m4,D3345,0.519127,0.51838,0.994995,0.333247,4197
m4,D3346,0.351118,0.3789,0.994246,0.284581,4197
m4,D3347,0.320639,0.359452,0.994747,0.206186,4197
m4,D3348,0.538337,0.50212,0.99697,0.849927,4197
m4,D3349,0.526344,0.494574,0.996867,0.838549,4197
m4,D335,0.011738,0.048332,0.78654,0.722966,180
m4,D3350,0.541296,0.499089,0.997473,0.782789,4197
m4,D3351,0.743782,0.656566,0.998213,0.882385,4197
m4,D3352,0.383549,0.386338,0.996315,0.840692,4197
m4,D3353,0.250486,0.286784,0.990375,0.141402,3571
m4,D3354,0.279473,0.295674,0.989017,0.33579,2689
m4,D3355,0.272585,0.288203,0.990945,0.226518,2691
m4,D3356,0.174457,0.234439,0.977683,0.03964,3194
m4,D3357,0.134554,0.194522,0.975373,0.327015,3194
m4,D3358,0.128697,0.200247,0.975158,0.418407,1472
m4,D3359,0.105729,0.182523,0.966965,0.390829,1051
m4,D336,0.006723,0.036527,0.58899,0.463084,117
m4,D3360,0.10691,0.183754,0.967359,0.39682,1051
m4,D3361,0.572819,0.510919,0.99737,0.902987,4197
m4,D3362,0.432587,0.424318,0.996282,0.829633,4197
m4,D3363,0.242176,0.281248,0.987303,0.221765,3571
m4,D3364,0.224103,0.264833,0.988044,0.585038,2691
m4,D3365,0.228945,0.272671,0.986439,0.137774,3571
m4,D3366,0.210789,0.252082,0.988447,0.539698,3571
m4,D3367,0.128271,0.189634,0.980401,0.067021,3571
m4,D3368,0.42256,0.416292,0.994099,0.663957,4197
m4,D3369,0.576328,0.522231,0.99605,0.853542,4197
m4,D337,0.006987,0.037319,0.601857,0.474126,117
m4,D3370,0.64404,0.576802,0.997276,0.928892,4197
m4,D3371,0.409937,0.41218,0.995536,0.807991,4197
m4,D3372,0.547111,0.504328,0.997572,0.928055,4197
m4,D3373,0.44189,0.469378,0.995564,0.621772,4195
m4,D3374,0.461977,0.486264,0.996117,0.803022,4197
m4,D3375,0.233239,0.281842,0.987465,0.277701,3823
m4,D3376,0.45451,0.474928,0.995364,0.726001,4195
m4,D3377,0.192311,0.251345,0.985749,0.234396,3823
m4,D3378,0.373473,0.403284,0.994191,0.773878,3823
m4,D3379,0.299949,0.339372,0.992074,0.626359,4197
m4,D338,0.0065,0.035781,0.570457,0.452182,117
m4,D3380,0.471902,0.522899,0.99521,0.708296,2941
m4,D3381,0.466834,0.515846,0.995675,0.817029,2941
m4,D3382,0.426302,0.464092,0.995178,0.853983,2941
m4,D3383,0.529858,0.493397,0.996481,0.929776,4197
m4,D3384,0.216907,0.262241,0.990591,0.30365,4197
m4,D3385,0.22189,0.266438,0.990762,0.626708,4197
m4,D3386,0.222112,0.261653,0.985918,0.031758,3571
m4,D3387,0.253629,0.289209,0.990596,0.166656,3571
m4,D3388,0.521326,0.480364,0.99816,0.935029,4197
m4,D3389,0.473457,0.44994,0.99387,0.720855,4197
m4,D339,0.006747,0.03654,0.583933,0.464123,117
m4,D3390,0.32086,0.349645,0.990329,0.381047,4197
m4,D3391,0.331315,0.35736,0.991189,0.410892,4197
m4,D3392,0.44155,0.432519,0.99469,0.818852,4197
m4,D3393,0.055161,0.116663,0.936529,0.26497,2060
m4,D3394,0.486796,0.465613,0.996116,0.909317,4197
m4,D3395,0.298028,0.333995,0.99155,0.856709,2060
m4,D3396,0.327204,0.369849,0.991902,0.857698,2060
m4,D3397,0.428965,0.41659,0.99405,0.629137,4197
m4,D3398,0.233437,0.297577,0.991756,0.827807,2060
m4,D3399,0.313991,0.371194,0.990607,0.350266,4197
m4,D34,0.421885,0.379448,0.932062,0.140891,1006
m4,D340,0.038336,0.097771,0.974451,0.770569,676
m4,D3400,0.398885,0.436614,0.990758,0.004933,4197
m4,D3401,0.304045,0.35369,0.989171,0.0114,4197
m4,D3402,0.49363,0.466592,0.99478,0.858489,4197
m4,D3403,0.223631,0.270438,0.989753,0.649453,4197
m4,D3404,0.188765,0.250001,0.989496,0.478068,4197
m4,D3405,0.338544,0.359616,0.99468,0.829368,4197
m4,D3406,0.19822,0.258613,0.978325,0.412648,1555
m4,D3407,0.62119,0.570186,0.997632,0.795221,3951
m4,D3408,0.557805,0.523264,0.997238,0.771665,3951
m4,D3409,0.620943,0.577197,0.998113,0.870458,3951
m4,D341,0.036181,0.094455,0.975194,0.767654,676
m4,D3410,0.342688,0.348561,0.991166,0.624016,4197
m4,D3411,0.160468,0.245361,0.987441,0.607299,2187
m4,D3412,0.125622,0.199364,0.986007,0.740917,2187
m4,D3413,0.229775,0.289012,0.986296,0.744454,2187
m4,D3414,0.120439,0.197103,0.983723,0.662053,2187
m4,D3415,0.295118,0.335948,0.988167,0.067939,4197
m4,D3416,0.245794,0.315208,0.991313,0.174863,4197
m4,D3417,0.475719,0.434606,0.992704,0.225719,4197
m4,D3418,0.487572,0.448586,0.994667,0.455759,4197
m4,D3419,0.416112,0.394044,0.995011,0.587962,4197
m4,D342,0.040245,0.100771,0.977346,0.778209,676
m4,D3420,1.289964,0.859139,0.994462,0.228563,2565
m4,D3421,0.577782,0.481781,0.995296,0.759967,3951
m4,D3422,0.528581,0.540539,0.995924,0.026181,3951
m4,D3423,0.439067,0.475208,0.995414,0.056801,3951
m4,D3424,0.445713,0.484453,0.995628,0.027389,3951
m4,D3425,0.972082,0.802896,0.997306,0.915324,4195
m4,D3426,1.025385,0.810427,0.997335,0.882563,3698
m4,D3427,0.933539,0.756889,0.997527,0.856796,3698
m4,D3428,0.957906,0.780228,0.997188,0.875554,4197
m4,D3429,0.289638,0.305672,0.988921,0.273364,3951
m4,D343,0.038233,0.097673,0.976113,0.775146,676
m4,D3430,0.473147,0.431682,0.995401,0.650296,4197
m4,D3431,0.352594,0.356634,0.993733,0.254093,4197
m4,D3432,0.043689,0.102981,0.938776,0.115327,1101
m4,D3433,0.555846,0.510271,0.993619,0.508072,4197
m4,D3434,0.470222,0.443539,0.993124,0.495965,4197
m4,D3435,0.523918,0.479115,0.994317,0.656014,4197
m4,D3436,0.251527,0.295421,0.985141,0.402697,2691
m4,D3437,0.314905,0.340333,0.989731,0.678734,2691
m4,D3438,0.413391,0.405004,0.992081,0.193633,4197
m4,D3439,0.308769,0.330222,0.992369,0.403063,4197
m4,D344,0.021552,0.074013,0.965039,0.228152,648
m4,D3440,0.324477,0.350108,0.99498,0.497987,4197
m4,D3441,0.323069,0.365726,0.994466,0.147674,4197
m4,D3442,0.805171,0.690012,0.998168,0.88822,4197
m4,D3443,0.238518,0.279614,0.988769,0.351439,4197
m4,D3444,0.165217,0.217324,0.988039,0.573085,4197
m4,D3445,0.211428,0.276331,0.994877,0.761046,4197
m4,D3446,0.437604,0.44615,0.998155,0.893387,4197
m4,D3447,0.680292,0.57247,0.997366,0.696727,4197
m4,D3448,0.545876,0.491602,0.997629,0.900809,4197
m4,D3449,0.454591,0.427648,0.997915,0.862536,4197
m4,D345,0.021239,0.073389,0.963653,0.201166,648
m4,D3450,0.31503,0.333606,0.996475,0.782857,4197
m4,D3451,0.206441,0.249777,0.979216,0.031425,2941
m4,D3452,0.375855,0.369572,0.993884,0.66746,4197
m4,D3453,0.216282,0.262098,0.988969,0.248572,4197
m4,D3454,0.326795,0.347723,0.991957,0.200749,4197
m4,D3455,0.46155,0.432226,0.991343,0.199634,4197
m4,D3456,0.331264,0.35518,0.990796,0.01032,4197
m4,D3457,0.298261,0.314013,0.987834,0.006511,3571
m4,D3458,0.196276,0.240267,0.979474,0.00088,3370
m4,D3459,0.363826,0.376621,0.991656,0.27476,4197
m4,D346,0.021419,0.073742,0.964358,0.216543,648
m4,D3460,0.479121,0.439113,0.993883,0.627352,4197
m4,D3461,0.493993,0.45356,0.993928,0.614183,4197
m4,D3462,0.443331,0.422339,0.992676,0.42145,4197
m4,D3463,0.650267,0.553996,0.992339,0.054811,3571
m4,D3464,0.489443,0.463818,0.994063,0.068353,3571
m4,D3465,0.218769,0.277408,0.985181,0.436888,2060
m4,D3466,0.413359,0.401622,0.993505,0.721353,3951
m4,D3467,0.184388,0.247182,0.988679,0.613749,2060
m4,D3468,0.079221,0.153313,0.962675,0.237829,1430
m4,D3469,0.371688,0.373821,0.994499,0.73585,3951
m4,D347,0.018939,0.068743,0.958428,0.01867,620
m4,D3470,0.105683,0.176978,0.967252,0.002476,1430
m4,D3471,0.063675,0.127389,0.95687,0.077263,1430
m4,D3472,0.321862,0.333919,0.991622,0.731023,4197
m4,D3473,0.244168,0.276322,0.978793,0.026264,3066
m4,D3474,0.256832,0.283937,0.979225,0.067396,3066
m4,D3475,0.209572,0.251798,0.974498,0.005254,3066
m4,D3476,0.25485,0.280272,0.978998,0.009336,2815
m4,D3477,0.393158,0.378252,0.991996,0.544489,3571
m4,D3478,0.313875,0.333377,0.99331,0.522119,4197
m4,D3479,0.45126,0.430237,0.994987,0.6552,4197
m4,D348,0.018918,0.06871,0.95905,0.025561,620
m4,D3480,0.438569,0.418462,0.995657,0.80218,4197
m4,D3481,0.418082,0.40158,0.99617,0.800684,4197
m4,D3482,0.319449,0.335205,0.993091,0.64273,4197
m4,D3483,0.718978,0.642168,0.998718,0.911406,4195
m4,D3484,0.60905,0.57265,0.997497,0.755351,3571
m4,D3485,0.616332,0.583602,0.997886,0.836121,3571
m4,D3486,0.583372,0.556351,0.998287,0.786568,3571
m4,D3487,0.567473,0.547727,0.997645,0.825356,3571
m4,D3488,0.796059,0.68535,0.998633,0.883534,4197
m4,D3489,0.580255,0.513803,0.99794,0.924312,4197
m4,D349,0.018961,0.068848,0.959161,0.014424,620
m4,D3490,0.257348,0.29504,0.994051,0.723183,4197
m4,D3491,0.476713,0.44764,0.996272,0.869919,4197
m4,D3492,0.503327,0.457975,0.995261,0.775917,4197
m4,D3493,0.506718,0.466187,0.996774,0.894013,4197
m4,D3494,0.182105,0.227137,0.984747,0.352084,4197
m4,D3495,0.15111,0.20887,0.983838,0.160041,4197
m4,D3496,0.384219,0.373448,0.991939,0.546795,4197
m4,D3497,0.284152,0.317677,0.994872,0.802305,4197
m4,D3498,0.256625,0.293213,0.995302,0.821986,4197
m4,D3499,0.377351,0.383703,0.997343,0.901456,4197
m4,D35,1.120977,0.832464,0.94976,0.015675,1006
m4,D350,0.018964,0.068851,0.959066,0.020191,620
m4,D3500,0.532319,0.511375,0.997982,0.917984,4197
m4,D3501,0.517729,0.490816,0.998405,0.941578,4197
m4,D3502,0.618187,0.578105,0.998497,0.923077,4197
m4,D3503,0.50604,0.492191,0.998063,0.902254,4195
m4,D3504,0.670999,0.566998,0.996517,0.884851,4197
m4,D3505,0.636283,0.576012,0.997281,0.814599,4195
m4,D3506,0.654342,0.578305,0.997374,0.872161,4197
m4,D3507,0.634103,0.565407,0.997457,0.878783,4197
m4,D3508,0.45094,0.427472,0.997665,0.903186,4197
m4,D3509,0.416566,0.406048,0.996569,0.842216,4197
m4,D351,0.013428,0.049848,0.871331,0.052241,1587
m4,D3510,0.418934,0.413922,0.996356,0.876172,4197
m4,D3511,0.340465,0.370846,0.99523,0.682799,4195
m4,D3512,0.070754,0.137746,0.962721,0.010581,1430
m4,D3513,0.048338,0.107804,0.951224,0.001706,1430
m4,D3514,0.036416,0.091377,0.927803,0.095347,1430
m4,D3515,0.272182,0.318207,0.994349,0.731174,4197
m4,D3516,0.304755,0.345625,0.994296,0.708493,4197
m4,D3517,0.223744,0.279152,0.992786,0.642375,4197
m4,D3518,0.24357,0.288079,0.995311,0.761003,4197
m4,D3519,0.320892,0.343417,0.994787,0.738286,4197
m4,D352,0.015035,0.059667,0.948379,0.05367,587
m4,D3520,0.288747,0.298519,0.985523,0.315793,3194
m4,D3521,0.359105,0.347128,0.991449,0.615601,3194
m4,D3522,0.369618,0.351072,0.990323,0.638573,3194
m4,D3523,0.312634,0.318172,0.989454,0.514854,3194
m4,D3524,0.495465,0.46736,0.995367,0.654314,4197
m4,D3525,0.479465,0.467953,0.994118,0.334608,4197
m4,D3526,0.442273,0.413691,0.991535,0.381458,4197
m4,D3527,0.51185,0.475741,0.995827,0.704661,4197
m4,D3528,0.547698,0.490548,0.995911,0.82915,4197
m4,D3529,0.404095,0.395319,0.993502,0.704808,4197
m4,D353,0.015489,0.060725,0.949017,0.069909,587
m4,D3530,0.380124,0.385639,0.995246,0.858348,4197
m4,D3531,0.488795,0.454135,0.997607,0.898779,4197
m4,D3532,0.305789,0.331137,0.995274,0.807387,4197
m4,D3533,0.646128,0.558017,0.997837,0.930314,4197
m4,D3534,0.762683,0.669713,0.998065,0.873351,4197
m4,D3535,0.749575,0.66073,0.998017,0.869963,4197
m4,D3536,0.249295,0.286608,0.98097,0.357283,3066
m4,D3537,0.088288,0.158455,0.92407,0.322485,921
m4,D3538,0.068164,0.12994,0.879569,0.132256,921
m4,D3539,0.095605,0.16822,0.933192,0.394598,921
m4,D354,0.015282,0.060224,0.948108,0.060883,587
m4,D3540,0.08745,0.1601,0.934578,0.407077,921
m4,D3541,0.337736,0.350437,0.983697,0.006092,2941
m4,D3542,0.237747,0.273991,0.97549,0.017899,2941
m4,D3543,0.295299,0.325763,0.997061,0.742112,4197
m4,D3544,0.499695,0.47232,0.998645,0.676807,4197
m4,D3545,0.497383,0.47138,0.998999,0.686992,4197
m4,D3546,0.476319,0.451277,0.995192,0.770103,4197
m4,D3547,0.461371,0.433665,0.995266,0.778825,4197
m4,D3548,0.306748,0.338415,0.998155,0.550478,4197
m4,D3549,0.045789,0.114554,0.972991,0.162581,1259
m4,D355,0.01649,0.06237,0.946685,0.279286,635
m4,D3550,0.106169,0.169761,0.991825,0.625182,1259
m4,D3551,0.107293,0.173118,0.983773,0.73372,1101
m4,D3552,0.073007,0.138559,0.975181,0.601501,1101
m4,D3553,0.105137,0.173683,0.987918,0.855173,1101
m4,D3554,0.129851,0.200167,0.989993,0.855881,1101
m4,D3555,0.156433,0.247119,0.983242,2.1e-05,1259
m4,D3556,0.27839,0.316915,0.995788,0.946053,1101
m4,D3557,0.191729,0.28994,0.984201,0.051289,1101
m4,D3558,0.181717,0.277079,0.984611,0.000383,1101
m4,D3559,0.074713,0.153409,0.978324,0.240711,1101
m4,D356,0.016169,0.061608,0.945134,0.267734,635
m4,D3560,0.054995,0.116197,0.979526,0.296962,1259
m4,D3561,0.112562,0.184773,0.99131,0.614458,1101
m4,D3562,0.038563,0.095399,0.918951,0.005206,1101
m4,D3563,0.065318,0.134591,0.946087,0.194695,1101
m4,D3564,0.075429,0.138981,0.982529,0.495272,1259
m4,D3565,0.107563,0.175103,0.986876,0.788398,1101
m4,D3566,0.767321,0.64444,0.998514,0.904281,4197
m4,D3567,0.510672,0.484889,0.993111,0.253434,3951
m4,D3568,0.413947,0.406229,0.997792,0.870399,4197
m4,D3569,0.695088,0.536734,0.994782,0.57403,3698
m4,D357,0.016805,0.063084,0.948146,0.286735,635
m4,D3570,0.510677,0.485022,0.993115,0.252534,3951
m4,D3571,0.320577,0.337195,0.983935,0.26474,3066
m4,D3572,0.069951,0.149985,0.981997,0.100463,1101
m4,D3573,0.416036,0.411277,0.997743,0.834464,4197
m4,D3574,0.309668,0.346308,0.994673,0.457297,4197
m4,D3575,0.22943,0.294273,0.996359,0.355241,4197
m4,D3576,0.525222,0.525384,0.998379,0.636863,4197
m4,D3577,0.481483,0.489209,0.99865,0.586154,4197
m4,D3578,0.189079,0.257546,0.99414,0.023969,4197
m4,D3579,0.394615,0.405052,0.996044,0.472774,4197
m4,D358,0.016448,0.062242,0.946355,0.278564,635
m4,D3580,0.274218,0.325819,0.993995,0.424004,4190
m4,D3581,0.193161,0.264919,0.991447,0.126087,4197
m4,D3582,0.041384,0.09855,0.979301,0.746794,1065
m4,D3583,0.201296,0.266031,0.996484,0.444826,4197
m4,D3584,0.170737,0.246355,0.995906,0.246971,4197
m4,D3585,0.193594,0.255094,0.99107,0.058164,4197
m4,D3586,0.278869,0.329462,0.992163,0.076433,4197
m4,D3587,0.175604,0.243251,0.989089,0.173341,4197
m4,D3588,0.36038,0.378759,0.996457,0.522781,4197
m4,D3589,0.196364,0.264548,0.99297,0.445439,4197
m4,D359,0.017774,0.064056,0.944399,0.084346,671
m4,D3590,0.233257,0.277878,0.988449,0.403654,4197
m4,D3591,0.280134,0.311733,0.989791,0.375997,4197
m4,D3592,0.22902,0.271097,0.986198,0.223588,4197
m4,D3593,0.275649,0.310928,0.988628,0.153028,4197
m4,D3594,0.324569,0.345684,0.995461,0.541174,4197
m4,D3595,0.838323,0.684443,0.996124,0.923507,1040
m4,D3596,0.060813,0.124374,0.978006,0.708574,954
m4,D3597,1.356543,0.879606,0.991429,0.128425,4315
m4,D3598,0.19429,0.24878,0.989107,0.063376,4315
m4,D3599,0.058114,0.121362,0.932483,0.020938,1066
m4,D36,0.533077,0.506594,0.965403,0.029968,1006
m4,D360,0.017499,0.063457,0.944407,0.081582,671
m4,D3600,0.087239,0.150075,0.934144,0.006817,1175
m4,D3601,0.034047,0.088829,0.958283,0.261934,967
m4,D3602,0.347698,0.381718,0.995122,0.009728,4315
m4,D3603,0.267052,0.30704,0.989415,0.001519,4315
m4,D3604,0.472609,0.44732,0.988817,0.007136,4315
m4,D3605,0.779449,0.668856,0.99832,0.849139,4315
m4,D3606,0.237131,0.302273,0.995407,0.94966,1315
m4,D3607,0.22674,0.301625,0.994157,0.895033,1315
m4,D3608,0.482536,0.470409,0.993914,0.393717,3100
m4,D3609,0.01037,0.044711,0.775728,0.645877,248
m4,D361,0.017841,0.064297,0.947114,0.087453,671
m4,D3610,1.968685,0.925209,0.136749,0.061627,661
m4,D3611,0.06406,0.134894,0.981588,0.802646,343
m4,D3612,0.035757,0.100554,0.956981,0.7266,366
m4,D3613,0.030211,0.086285,0.93828,0.489512,303
m4,D3614,0.104833,0.179395,0.989424,0.745623,1302
m4,D3615,0.036859,0.095415,0.979235,0.959763,497
m4,D3616,0.030446,0.085192,0.975433,0.951316,490
m4,D3617,0.020031,0.065127,0.771684,0.478667,244
m4,D3618,0.007334,0.03733,0.669466,0.005498,238
m4,D3619,0.012146,0.050367,0.760994,0.167686,240
m4,D362,0.017584,0.063681,0.945355,0.083815,671
m4,D3620,0.84021,0.846621,0.968613,0.746562,453
m4,D3621,1.088442,0.98154,0.937925,0.049727,1148
m4,D3622,0.030622,0.088332,0.910407,0.043836,987
m4,D3623,0.007343,0.039919,0.846602,0.402833,135
m4,D3624,0.011544,0.049886,0.777953,0.410375,238
m4,D3625,0.012194,0.049849,0.651253,0.057097,238
m4,D3626,0.035137,0.100937,0.912194,0.439966,269
m4,D3627,0.037096,0.102157,0.908976,0.616092,237
m4,D3628,0.022365,0.071561,0.957816,0.728979,238
m4,D3629,0.034245,0.09248,0.93275,0.707485,242
m4,D363,0.016673,0.062902,0.93987,0.021212,586
m4,D3630,0.021764,0.072765,0.843083,0.319999,193
m4,D3631,0.011956,0.04888,0.93653,0.71958,488
m4,D3632,0.033288,0.096527,0.928999,0.421612,265
m4,D3633,0.031677,0.093902,0.929887,0.418995,265
m4,D3634,0.044419,0.114441,0.939643,0.370746,295
m4,D3635,0.027113,0.085398,0.955809,0.764998,243
m4,D3636,0.016895,0.062069,0.920815,0.697885,322
m4,D3637,0.041577,0.109746,0.949919,0.180616,617
m4,D3638,0.041815,0.109971,0.967329,0.772503,302
m4,D3639,0.030382,0.08805,0.938277,0.638242,257
m4,D364,0.01668,0.062846,0.940386,0.019802,586
m4,D3640,0.011112,0.049238,0.862116,0.368978,274
m4,D3641,0.122458,0.193882,0.988632,0.834301,243
m4,D3642,0.019075,0.066564,0.907825,0.350045,278
m4,D3643,0.006717,0.035057,0.820328,0.001717,799
m4,D3644,0.020171,0.071791,0.936351,0.511102,320
m4,D3645,0.035178,0.094214,0.928512,0.072006,1118
m4,D3646,0.016741,0.063297,0.906205,0.875882,111
m4,D3647,0.047686,0.110557,0.964118,0.88929,279
m4,D3648,0.011929,0.049978,0.731712,0.143505,238
m4,D3649,0.03237,0.083474,0.694736,0.020708,237
m4,D365,0.016676,0.062849,0.940169,0.020072,586
m4,D3650,0.033667,0.08447,0.628633,0.017577,237
m4,D3651,0.084987,0.144451,0.968178,0.200481,2035
m4,D3652,0.00934,0.045254,0.884556,0.573373,235
m4,D3653,0.020559,0.070669,0.971756,0.935822,237
m4,D3654,0.014612,0.05598,0.93654,0.809288,238
m4,D3655,0.029039,0.083328,0.945002,0.729343,237
m4,D3656,0.021741,0.071791,0.936138,0.771632,318
m4,D3657,0.008259,0.042737,0.851503,0.132267,236
m4,D3658,0.008848,0.044497,0.848124,0.067592,236
m4,D3659,0.008587,0.043647,0.841484,0.096605,236
m4,D366,0.022441,0.075372,0.9475,0.43543,678
m4,D3660,0.016905,0.062615,0.876357,0.518871,241
m4,D3661,0.153318,0.237289,0.986392,0.815828,486
m4,D3662,0.165896,0.242618,0.984234,0.891267,485
m4,D3663,0.159483,0.237013,0.985146,0.892123,485
m4,D3664,0.072081,0.148075,0.959076,0.866715,299
m4,D3665,0.070849,0.14644,0.957285,0.863333,299
m4,D3666,0.024863,0.079285,0.861641,0.443324,192
m4,D3667,0.025497,0.080627,0.861356,0.466728,192
m4,D3668,0.007673,0.039204,0.809551,0.188281,292
m4,D3669,0.007512,0.03866,0.802894,0.151132,292
m4,D367,0.022328,0.075265,0.950622,0.436388,678
m4,D3670,0.020947,0.072509,0.924648,0.60234,340
m4,D3671,0.030713,0.088991,0.914643,0.066254,276
m4,D3672,0.03459,0.088298,0.942143,0.621806,322
m4,D3673,0.036029,0.090371,0.941827,0.623761,322
m4,D3674,0.015265,0.060119,0.935499,0.684293,282
m4,D3675,0.015803,0.061318,0.93477,0.698853,282
m4,D3676,0.055019,0.121115,0.791439,0.015323,237
m4,D3677,0.035167,0.100389,0.931939,0.491119,254
m4,D3678,0.095505,0.176401,0.963426,0.869843,238
m4,D3679,0.019579,0.066132,0.964644,0.945086,199
m4,D368,0.022318,0.075169,0.949919,0.434436,678
m4,D3680,0.219076,0.295683,0.977466,0.819006,301
m4,D3681,0.027094,0.080435,0.947514,0.76111,297
m4,D3682,0.034132,0.095681,0.906983,0.148414,312
m4,D3683,0.035583,0.097859,0.905596,0.165661,312
m4,D3684,0.01271,0.050792,0.504003,0.017908,175
m4,D3685,0.044018,0.108672,0.931848,0.752178,237
m4,D3686,0.044833,0.10985,0.935438,0.768107,237
m4,D3687,0.03447,0.092475,0.975929,0.944283,301
m4,D3688,0.053914,0.125236,0.93746,0.737205,234
m4,D3689,0.151884,0.246729,0.97163,0.742515,302
m4,D369,0.022322,0.075168,0.949865,0.436033,678
m4,D3690,0.005102,0.031962,0.684146,0.003376,158
m4,D3691,0.005196,0.032425,0.710166,0.011423,158
m4,D3692,0.070483,0.145054,0.885391,0.278592,302
m4,D3693,0.06929,0.143324,0.881544,0.270325,302
m4,D3694,0.008759,0.042735,0.838863,0.53743,237
m4,D3695,0.008538,0.042099,0.837545,0.532749,237
m4,D3696,0.007638,0.037769,0.161566,0.004036,100
m4,D3697,0.044637,0.103747,0.963113,0.791897,483
m4,D3698,0.044025,0.103008,0.966804,0.791536,483
m4,D3699,0.054739,0.115206,0.972473,0.802097,485
m4,D37,0.032145,0.090073,0.720364,0.340453,143
m4,D370,0.020661,0.071546,0.965867,0.840371,273
m4,D3700,0.010101,0.044963,0.762875,0.003135,265
m4,D3701,0.01152,0.04965,0.83481,0.092439,236
m4,D3702,0.011991,0.0509,0.841532,0.11282,236
m4,D3703,0.008335,0.041371,0.807503,0.41543,241
m4,D3704,0.033426,0.098893,0.928603,0.554867,237
m4,D3705,0.007049,0.036728,0.642647,0.389036,256
m4,D3706,0.006802,0.035993,0.648689,0.361432,256
m4,D3707,0.004985,0.029558,0.602243,0.059804,256
m4,D3708,0.031103,0.092302,0.969387,0.809738,238
m4,D3709,0.920181,0.908462,0.994965,0.731768,2871
m4,D371,0.026889,0.083759,0.950415,0.218062,626
m4,D3710,0.015492,0.062277,0.910776,0.778255,103
m4,D3711,0.054064,0.117581,0.929518,0.731506,239
m4,D3712,0.011085,0.047342,0.709492,0.259934,235
m4,D3713,0.028641,0.08071,0.973088,0.816487,488
m4,D3714,0.029281,0.081691,0.974351,0.82383,488
m4,D3715,0.006082,0.033715,0.766722,0.731218,97
m4,D3716,0.004881,0.030111,0.689087,0.256312,226
m4,D3717,0.071233,0.13993,0.776235,0.091436,247
m4,D3718,0.04689,0.114913,0.905341,0.381155,236
m4,D3719,0.051696,0.120047,0.87832,0.382101,236
m4,D372,0.026764,0.083697,0.95422,0.221561,626
m4,D3720,0.031549,0.09183,0.907593,0.001638,279
m4,D3721,0.032018,0.093052,0.911453,2.7e-05,279
m4,D3722,0.010805,0.046325,0.849549,0.01468,904
m4,D3723,0.01708,0.062327,0.872898,0.094459,360
m4,D3724,0.019337,0.067304,0.882359,0.133665,360
m4,D3725,0.004107,0.028434,0.679352,0.199094,110
m4,D3726,0.0039,0.027557,0.67476,0.123078,110
m4,D3727,0.003984,0.027892,0.676346,0.155533,110
m4,D3728,0.050943,0.113567,0.938654,0.874365,237
m4,D3729,0.052285,0.115392,0.940556,0.8787,237
m4,D373,0.026778,0.083619,0.952537,0.219763,626
m4,D3730,0.174953,0.23387,0.979083,0.426714,1541
m4,D3731,0.026081,0.078451,0.905842,0.007794,363
m4,D3732,0.038723,0.102698,0.933376,0.813428,237
m4,D3733,0.037366,0.100637,0.928818,0.798369,237
m4,D3734,0.019911,0.06573,0.938972,0.834496,360
m4,D3735,0.020865,0.06787,0.832818,0.011644,1263
m4,D3736,0.016129,0.05644,0.841271,0.216849,819
m4,D3737,0.008002,0.040005,0.860518,0.182199,359
m4,D3738,0.005522,0.031258,0.69816,0.297819,250
m4,D3739,0.005066,0.029891,0.669638,0.284615,250
m4,D374,0.026732,0.083542,0.952687,0.2232,626
m4,D3740,0.060992,0.127175,0.828419,0.136297,233
m4,D3741,0.060264,0.128332,0.962919,0.771031,483
m4,D3742,0.015986,0.061722,0.884069,0.580617,237
m4,D3743,0.016477,0.06188,0.860171,5e-06,237
m4,D3744,0.027735,0.078543,0.915163,0.118972,1147
m4,D3745,0.040584,0.097935,0.893792,0.344725,821
m4,D3746,0.039166,0.106219,0.949553,0.639497,301
m4,D3747,0.037911,0.101812,0.974902,0.856795,358
m4,D3748,0.020742,0.06856,0.868087,0.734046,238
m4,D3749,0.022657,0.072188,0.873454,0.747605,238
m4,D375,0.027443,0.084569,0.947511,0.02278,677
m4,D3750,0.136866,0.219247,0.952214,0.658436,237
m4,D3751,0.045798,0.112454,0.962376,0.848018,275
m4,D3752,0.047298,0.114412,0.96055,0.85209,275
m4,D3753,0.036455,0.093698,0.949254,0.642677,300
m4,D3754,0.056603,0.129437,0.929801,0.502025,483
m4,D3755,0.014437,0.055312,0.776767,0.051029,238
m4,D3756,0.015934,0.058549,0.793141,0.079282,238
m4,D3757,0.016305,0.062965,0.912106,0.217303,340
m4,D3758,0.014273,0.056241,0.889602,0.11138,359
m4,D3759,0.009877,0.04417,0.687302,0.271792,238
m4,D376,0.027184,0.084262,0.951469,0.020106,677
m4,D3760,0.022212,0.069737,0.886646,0.568192,302
m4,D3761,0.119064,0.21004,0.976076,0.50326,480
m4,D3762,0.005184,0.030776,0.629165,0.084467,237
m4,D3763,0.004921,0.029168,0.632371,0.040695,236
m4,D3764,0.046803,0.112852,0.953435,0.778903,278
m4,D3765,0.048036,0.114656,0.95679,0.786679,278
m4,D3766,0.003566,0.024413,0.483607,0.081266,255
m4,D3767,0.005546,0.032805,0.637251,0.309876,141
m4,D3768,0.015716,0.056873,0.881174,0.628708,274
m4,D3769,0.012041,0.052554,0.917462,0.259227,489
m4,D377,0.027253,0.084378,0.949613,0.022527,677
m4,D3770,0.012831,0.054475,0.945785,0.727317,490
m4,D3771,0.061164,0.128152,0.954972,0.771251,590
m4,D3772,0.015797,0.058528,0.910294,0.849679,236
m4,D3773,0.013012,0.053075,0.931876,0.891171,236
m4,D3774,0.033424,0.094181,0.945459,0.77586,255
m4,D3775,0.005452,0.032277,0.742215,0.089184,236
m4,D3776,0.005429,0.03212,0.742259,0.059765,236
m4,D3777,0.009403,0.043062,0.707133,0.008114,237
m4,D3778,0.130265,0.21842,0.96279,0.794048,237
m4,D3779,0.077583,0.141415,0.95108,0.589855,300
m4,D378,0.027134,0.084142,0.949518,0.020609,677
m4,D3780,0.090077,0.154712,0.952163,0.591081,300
m4,D3781,0.066753,0.132223,0.970108,0.663749,485
m4,D3782,0.016224,0.06329,0.914946,0.329479,277
m4,D3783,0.014382,0.056454,0.94596,0.81936,236
m4,D3784,0.066266,0.140639,0.977607,0.869751,237
m4,D3785,0.024988,0.075935,0.961309,0.6368,238
m4,D3786,0.02442,0.082606,0.95383,0.605855,259
m4,D3787,0.004431,0.028138,0.663988,0.018447,237
m4,D3788,0.016797,0.060932,0.917489,0.088731,321
m4,D3789,0.007774,0.038045,0.563085,0.087242,237
m4,D379,0.030514,0.08669,0.969241,0.696405,628
m4,D3790,0.025447,0.079635,0.89887,0.265399,236
m4,D3791,0.025429,0.079387,0.904273,0.301845,236
m4,D3792,0.009326,0.045514,0.861883,0.510591,228
m4,D3793,0.016869,0.061216,0.813895,0.649566,238
m4,D3794,0.017462,0.062536,0.8326,0.690721,238
m4,D3795,0.016032,0.059393,0.795693,0.587728,238
m4,D3796,0.033304,0.093247,0.924726,0.718058,238
m4,D3797,0.035347,0.096584,0.927897,0.73158,238
m4,D3798,0.010751,0.049009,0.910339,0.77078,236
m4,D3799,0.0112,0.050199,0.919089,0.782884,236
m4,D38,0.035692,0.091937,0.857089,0.772694,225
m4,D380,0.031795,0.088152,0.940129,0.079968,1912
m4,D3800,0.062607,0.134895,0.973165,0.929776,237
m4,D3801,0.02448,0.074594,0.924088,0.395934,278
m4,D3802,0.024787,0.075028,0.918398,0.37505,278
m4,D3803,0.007302,0.03725,0.6826,0.04372,270
m4,D3804,0.013311,0.056455,0.929903,0.712867,238
m4,D3805,0.013722,0.057411,0.935687,0.735428,238
m4,D3806,0.028717,0.08177,0.899161,0.874295,237
m4,D3807,0.028533,0.087807,0.944375,0.81201,279
m4,D3808,0.037095,0.097843,0.974407,0.819823,487
m4,D3809,0.036023,0.096351,0.972737,0.800572,487
m4,D381,0.035825,0.096491,0.952654,0.718673,678
m4,D3810,0.00623,0.033001,0.702591,0.020126,275
m4,D3811,0.006265,0.032991,0.670954,0.051785,275
m4,D3812,0.007751,0.038179,0.686375,0.031482,236
m4,D3813,0.041301,0.109538,0.933737,0.693879,237
m4,D3814,0.023081,0.072133,0.842401,0.661172,237
m4,D3815,0.032627,0.090182,0.933925,0.702275,489
m4,D3816,0.030026,0.08564,0.914465,0.644659,489
m4,D3817,0.019713,0.068162,0.808952,0.054527,237
m4,D3818,0.016136,0.060337,0.904819,0.669332,259
m4,D3819,1.875461,1.962191,0.973489,0.443956,1257
m4,D382,0.036724,0.097694,0.950863,0.714627,678
m4,D3820,0.032794,0.08799,0.909264,0.83243,237
m4,D3821,0.03367,0.08939,0.911719,0.841311,237
m4,D3822,0.051154,0.116267,0.947801,0.730216,241
m4,D3823,0.050007,0.114888,0.946639,0.714503,241
m4,D3824,0.055249,0.125862,0.955993,0.879657,242
m4,D3825,0.05391,0.124134,0.955601,0.875055,242
m4,D3826,0.031182,0.094457,0.930486,0.018218,267
m4,D3827,0.08824,0.15675,0.971073,0.861702,488
m4,D3828,0.021022,0.072992,0.910119,0.001638,236
m4,D3829,0.01037,0.047783,0.898691,0.605313,241
m4,D383,0.036194,0.096954,0.951367,0.717607,678
m4,D3830,0.025026,0.076709,0.917808,0.486012,253
m4,D3831,0.015139,0.058983,0.85282,0.149114,238
m4,D3832,0.01436,0.056971,0.843799,0.123445,238
m4,D3833,0.027364,0.08177,0.861824,0.063257,240
m4,D3834,0.027115,0.081102,0.864105,0.091653,240
m4,D3835,0.060699,0.108224,0.427747,0.062251,233
m4,D3836,0.0793,0.154219,0.977206,0.903081,484
m4,D3837,0.076633,0.151134,0.977306,0.902207,484
m4,D3838,0.010825,0.046846,0.805001,0.433515,294
m4,D3839,0.020348,0.068122,0.830049,0.405693,237
m4,D384,0.064793,0.132405,0.977016,0.887454,676
m4,D3840,0.050718,0.115225,0.925145,0.715298,240
m4,D3841,0.027541,0.08142,0.960313,0.914787,272
m4,D3842,0.036179,0.099555,0.952008,0.59202,490
m4,D3843,0.039003,0.103393,0.947579,0.617644,490
m4,D3844,0.028132,0.082168,0.912402,0.357154,489
m4,D3845,0.02057,0.067179,0.873937,0.097153,238
m4,D3846,0.029073,0.083839,0.958301,0.842788,238
m4,D3847,0.012615,0.052825,0.891996,0.62849,321
m4,D3848,0.021801,0.071238,0.936664,0.837699,242
m4,D3849,0.031042,0.086033,0.929239,0.797793,322
m4,D385,0.062393,0.129832,0.978741,0.891012,676
m4,D3850,0.007918,0.039224,0.843071,0.394655,243
m4,D3851,0.019269,0.067023,0.955927,0.796097,248
m4,D3852,0.017417,0.063812,0.913711,0.610463,346
m4,D3853,0.019674,0.069256,0.933963,0.735268,309
m4,D3854,0.006367,0.035029,0.771219,0.067286,243
m4,D3855,0.016315,0.061418,0.951535,0.86256,113
m4,D3856,0.010674,0.050653,0.899734,0.083345,250
m4,D3857,0.01268,0.051054,0.84918,0.441018,237
m4,D3858,0.011531,0.048349,0.824024,0.407698,237
m4,D3859,0.005116,0.031623,0.787703,0.315401,238
m4,D386,0.066707,0.134776,0.978845,0.8896,676
m4,D3860,0.00463,0.029836,0.778914,0.289161,238
m4,D3861,0.016395,0.059424,0.900603,0.481598,321
m4,D3862,0.032697,0.090551,0.95947,0.870065,238
m4,D3863,0.064349,0.136544,0.969591,0.856235,490
m4,D3864,0.036156,0.093604,0.94908,0.706457,488
m4,D3865,0.009335,0.042923,0.783474,0.239639,236
m4,D3866,0.009326,0.042965,0.780061,0.147139,236
m4,D3867,0.037353,0.097234,0.942676,0.803454,236
m4,D3868,0.036723,0.096261,0.940922,0.792718,236
m4,D3869,0.03748,0.097377,0.943715,0.805651,236
m4,D387,0.064589,0.13243,0.978656,0.891291,676
m4,D3870,0.003393,0.024589,0.597134,0.07152,237
m4,D3871,0.003602,0.025373,0.595927,0.094938,237
m4,D3872,0.025594,0.077147,0.910009,0.705693,236
m4,D3873,0.027389,0.07947,0.893039,0.221422,324
m4,D3874,0.038602,0.098119,0.949086,0.741906,488
m4,D3875,0.040511,0.101105,0.95383,0.756756,488
m4,D3876,0.045866,0.115893,0.974795,0.859429,291
m4,D3877,0.021184,0.06611,0.862573,0.261789,330
m4,D3878,0.023396,0.070059,0.875459,0.295245,330
m4,D3879,0.024594,0.07824,0.869613,0.273771,236
m4,D388,0.030786,0.087116,0.97296,0.680333,565
m4,D3880,0.023856,0.076752,0.863182,0.247562,236
m4,D3881,0.027869,0.087423,0.945347,0.53564,362
m4,D3882,0.020137,0.070829,0.944817,0.709988,243
m4,D3883,0.005154,0.031059,0.769001,0.373458,239
m4,D3884,0.031629,0.08437,0.929278,0.722726,294
m4,D3885,0.010442,0.046494,0.785876,0.188883,238
m4,D3886,0.023405,0.073402,0.920892,0.563786,382
m4,D3887,0.071974,0.140279,0.978593,0.753929,363
m4,D3888,0.011658,0.050819,0.846509,0.16017,237
m4,D3889,0.011485,0.050571,0.849405,0.189907,237
m4,D389,0.019057,0.061427,0.591242,0.501714,174
m4,D3890,0.012112,0.051586,0.842147,0.108244,237
m4,D3891,0.01273,0.053993,0.933186,0.620315,343
m4,D3892,0.020968,0.068683,0.951309,0.801852,255
m4,D3893,0.040515,0.10032,0.929133,0.6932,237
m4,D3894,0.039784,0.099269,0.928115,0.682373,237
m4,D3895,0.006626,0.036486,0.789291,0.244946,242
m4,D3896,0.008538,0.040432,0.85534,0.747854,241
m4,D3897,0.037169,0.102123,0.943998,0.777162,235
m4,D3898,0.010332,0.045641,0.907702,0.740212,237
m4,D3899,0.017211,0.062373,0.930581,0.167804,282
m4,D39,0.045156,0.106848,0.886821,0.830177,244
m4,D390,0.004029,0.028498,0.758244,0.473366,105
m4,D3900,0.018145,0.064121,0.938448,0.196885,282
m4,D3901,0.03165,0.091215,0.963127,0.711343,320
m4,D3902,0.034949,0.096403,0.966447,0.733501,320
m4,D3903,0.012192,0.053029,0.916122,0.655249,278
m4,D3904,0.010003,0.048313,0.897441,0.036455,260
m4,D3905,0.010742,0.049852,0.902857,0.319544,279
m4,D3906,0.011097,0.050747,0.896322,0.345666,279
m4,D3907,0.012541,0.051506,0.902578,0.878245,156
m4,D3908,0.016464,0.061256,0.922318,0.738788,321
m4,D3909,0.01796,0.064322,0.84675,0.23506,239
m4,D391,0.030037,0.082166,0.833875,0.617806,113
m4,D3910,0.018994,0.066741,0.855294,0.267918,239
m4,D3911,0.012163,0.050203,0.85731,0.53235,278
m4,D3912,0.021835,0.074763,0.917167,0.420389,238
m4,D3913,0.021704,0.074482,0.915396,0.408464,238
m4,D3914,0.012687,0.053453,0.927833,0.809719,237
m4,D3915,0.01507,0.05605,0.89538,0.644513,278
m4,D3916,0.014136,0.054128,0.90078,0.622419,278
m4,D3917,0.004176,0.027499,0.744075,0.368781,237
m4,D3918,0.078557,0.148887,0.945328,0.928621,174
m4,D3919,0.002281,0.019302,0.503971,0.040517,257
m4,D392,0.028592,0.079958,0.821806,0.56995,113
m4,D3920,0.007544,0.039371,0.847497,0.022649,574
m4,D3921,0.004543,0.028637,0.752016,0.382718,237
m4,D3922,0.057616,0.128046,0.953012,0.909636,175
m4,D3923,0.057497,0.127828,0.951697,0.909412,175
m4,D3924,0.013772,0.056247,0.931425,0.756678,278
m4,D3925,0.015387,0.060124,0.940648,0.778062,278
m4,D3926,0.004985,0.029929,0.744699,0.411553,241
m4,D3927,0.016476,0.058406,0.80808,0.505939,175
m4,D3928,0.015116,0.058738,0.938564,0.843821,273
m4,D3929,0.016316,0.061427,0.945091,0.852644,273
m4,D393,0.019084,0.0692,0.939379,0.788329,147
m4,D3930,0.008712,0.040954,0.837173,0.356509,229
m4,D3931,0.01965,0.06945,0.928309,0.616899,181
m4,D3932,0.011065,0.047165,0.834672,0.383396,281
m4,D3933,0.020668,0.074146,0.911035,0.311967,225
m4,D3934,0.005682,0.034175,0.866327,0.133303,279
m4,D3935,0.005934,0.035042,0.856995,0.15623,279
m4,D3936,0.004275,0.028273,0.664617,0.020593,201
m4,D3937,0.020214,0.069206,0.935576,0.373761,273
m4,D3938,0.020727,0.070109,0.937477,0.399523,273
m4,D3939,0.020866,0.070424,0.93842,0.375241,273
m4,D394,0.018486,0.06792,0.943333,0.776231,147
m4,D3940,0.00495,0.030696,0.700564,0.001374,193
m4,D3941,0.010393,0.047442,0.868631,0.165604,272
m4,D3942,0.03733,0.100959,0.945605,0.641113,321
m4,D3943,0.037464,0.101034,0.944559,0.638333,321
m4,D3944,0.010678,0.0463,0.793599,0.271253,238
m4,D3945,0.010671,0.046367,0.814715,0.29637,238
m4,D3946,0.069352,0.141563,0.964954,0.569434,297
m4,D3947,0.023814,0.074916,0.908933,0.65535,301
m4,D3948,0.024483,0.076148,0.91229,0.669467,301
m4,D3949,0.011586,0.048986,0.921678,0.386908,243
m4,D395,0.01868,0.06844,0.943133,0.785562,147
m4,D3950,0.01108,0.047814,0.924007,0.36154,243
m4,D3951,0.019436,0.065279,0.848209,0.002074,300
m4,D3952,0.064052,0.133392,0.853263,0.442761,232
m4,D3953,0.026828,0.084154,0.962939,0.742383,238
m4,D3954,0.004168,0.026858,0.538797,0.335724,259
m4,D3955,0.004423,0.027706,0.530857,0.333737,259
m4,D3956,0.018133,0.063766,0.878582,0.436266,320
m4,D3957,0.010758,0.047562,0.920823,0.757277,239
m4,D3958,0.010569,0.047045,0.913055,0.743701,239
m4,D3959,0.010957,0.047993,0.916773,0.755123,239
m4,D396,0.032557,0.093138,0.950882,0.306398,664
m4,D3960,0.015682,0.061655,0.914546,0.242008,320
m4,D3961,0.041072,0.1007,0.966226,0.915489,236
m4,D3962,0.019841,0.068522,0.924633,0.556065,321
m4,D3963,0.025062,0.078057,0.90397,0.494189,320
m4,D3964,0.025392,0.078549,0.903836,0.495072,320
m4,D3965,0.012957,0.051539,0.821041,0.252862,238
m4,D3966,0.003561,0.025241,0.566146,0.208878,211
m4,D3967,0.051011,0.115986,0.986209,0.728147,281
m4,D3968,0.048949,0.113553,0.984122,0.714861,281
m4,D3969,0.010005,0.04521,0.7958,0.079423,262
m4,D397,0.032185,0.092698,0.9549,0.299524,664
m4,D3970,0.01941,0.065828,0.771592,9.1e-05,278
m4,D3971,0.019184,0.065546,0.771565,0.000578,278
m4,D3972,0.019633,0.066353,0.770605,4.1e-05,278
m4,D3973,0.031679,0.090705,0.895646,0.370886,304
m4,D3974,0.036081,0.098244,0.911526,0.17814,319
m4,D3975,0.030502,0.088805,0.908359,0.358035,317
m4,D3976,0.028673,0.082877,0.913276,0.316485,322
m4,D3977,0.029377,0.084115,0.914064,0.326918,322
m4,D3978,0.017162,0.062817,0.903986,0.250903,316
m4,D3979,0.019565,0.067988,0.909983,0.308052,316
m4,D398,0.032443,0.093182,0.954361,0.308022,664
m4,D3980,0.00582,0.031532,0.643791,0.036236,490
m4,D3981,0.027736,0.080467,0.940706,0.5436,302
m4,D3982,0.010668,0.04681,0.888546,0.68671,323
m4,D3983,0.011329,0.048595,0.896417,0.709165,323
m4,D3984,0.006758,0.036701,0.803856,0.384088,290
m4,D3985,0.009868,0.044283,0.865893,0.500268,322
m4,D3986,0.007017,0.037174,0.829974,0.252046,370
m4,D3987,0.023577,0.074942,0.943374,0.742781,302
m4,D3988,0.02024,0.068882,0.923834,0.686274,314
m4,D3989,0.013474,0.054169,0.90811,0.687109,238
m4,D399,0.032206,0.092746,0.954076,0.301827,664
m4,D3990,0.004656,0.029318,0.683684,0.010065,236
m4,D3991,0.013391,0.052724,0.883747,0.019945,322
m4,D3992,0.020744,0.071058,0.932173,0.431888,304
m4,D3993,0.018229,0.06738,0.920167,0.496871,323
m4,D3994,0.028907,0.083768,0.924571,0.866127,238
m4,D3995,0.010205,0.046421,0.822023,0.536963,321
m4,D3996,0.0242,0.075631,0.905121,0.814489,322
m4,D3997,0.041084,0.108709,0.948097,0.544386,301
m4,D3998,0.033472,0.097319,0.926208,0.255379,282
m4,D3999,0.033975,0.094042,0.909945,0.606416,319
m4,D4,0.107035,0.162728,0.354069,0.021886,169
m4,D40,0.008799,0.04037,0.684277,0.456596,165
m4,D400,0.024362,0.079477,0.95192,0.38168,653
m4,D4000,0.035818,0.092663,0.902973,0.725344,299
m4,D4001,0.092395,0.168866,0.965902,0.821303,301
m4,D4002,0.0912,0.178234,0.974076,0.823685,257
m4,D4003,0.05717,0.120849,0.820892,0.112687,273
m4,D4004,0.056163,0.120539,0.835178,0.129648,273
m4,D4005,0.057329,0.120889,0.816665,0.095779,273
m4,D4006,0.026373,0.076397,0.922698,0.148507,300
m4,D4007,0.015589,0.057189,0.815907,0.387667,317
m4,D4008,0.018427,0.064637,0.829053,0.442966,275
m4,D4009,0.018789,0.065705,0.842678,0.465609,275
m4,D401,0.024361,0.079355,0.950298,0.374243,653
m4,D4010,0.052535,0.115135,0.923465,0.548587,234
m4,D4011,0.052601,0.115454,0.933633,0.55481,234
m4,D4012,0.034799,0.097528,0.931368,0.12524,298
m4,D4013,0.077027,0.151475,0.89583,0.376042,258
m4,D4014,0.019974,0.066581,0.921466,0.466625,252
m4,D4015,0.031812,0.089567,0.920744,0.472018,266
m4,D4016,0.022742,0.068528,0.645538,0.125182,237
m4,D4017,0.025145,0.075911,0.819736,0.043584,255
m4,D4018,0.032176,0.088589,0.846824,0.082562,277
m4,D4019,0.032501,0.08981,0.859809,0.094823,277
m4,D402,0.024331,0.079323,0.950641,0.379207,653
m4,D4020,0.030898,0.086654,0.851564,0.068719,277
m4,D4021,0.031754,0.088129,0.850798,0.078092,277
m4,D4022,0.0411,0.106892,0.898068,0.367346,236
m4,D4023,0.025807,0.083629,0.914513,0.377446,217
m4,D4024,0.025123,0.082521,0.915458,0.385145,217
m4,D4025,0.025783,0.083874,0.918566,0.389959,217
m4,D4026,0.02688,0.078647,0.923591,0.078806,228
m4,D4027,0.016267,0.060169,0.847672,0.170551,230
m4,D4028,0.084197,0.159494,0.892642,0.490239,281
m4,D4029,0.077482,0.149496,0.874685,0.204465,264
m4,D403,0.004535,0.027172,0.617501,0.257735,288
m4,D4030,0.093524,0.172782,0.922312,0.200151,283
m4,D4031,0.097408,0.171519,0.925452,0.476359,242
m4,D4032,0.096489,0.171214,0.930839,0.483425,242
m4,D4033,0.179227,0.238711,0.984628,0.853572,262
m4,D4034,0.1002,0.176867,0.977915,0.903049,241
m4,D4035,0.035011,0.088687,0.936234,0.780672,225
m4,D4036,0.01234,0.052005,0.791713,0.039165,210
m4,D4037,0.014515,0.057116,0.811184,0.045496,210
m4,D4038,0.031835,0.092175,0.968531,0.833139,260
m4,D4039,0.032018,0.092525,0.969556,0.838336,260
m4,D404,0.007346,0.039467,0.872086,0.169344,210
m4,D4040,0.031362,0.091358,0.967591,0.83126,260
m4,D4041,0.031018,0.089491,0.973803,0.94287,171
m4,D4042,0.014958,0.058797,0.86922,0.771494,132
m4,D4043,0.02777,0.082548,0.843708,0.000127,228
m4,D4044,0.076738,0.142412,0.949721,0.669969,244
m4,D4045,0.016848,0.061231,0.957823,0.761559,487
m4,D4046,0.01637,0.060194,0.954629,0.748523,487
m4,D4047,0.475254,0.481774,0.895642,0.616955,162
m4,D4048,0.066951,0.134309,0.856777,0.108699,289
m4,D4049,0.064934,0.132072,0.862337,0.097161,289
m4,D405,0.0077,0.040702,0.883094,0.207012,210
m4,D4050,0.012502,0.052088,0.878192,0.246664,278
m4,D4051,0.421429,0.385006,0.963686,0.583572,1014
m4,D4052,0.01506,0.059461,0.954582,0.840628,113
m4,D4053,0.013931,0.056946,0.949118,0.841663,113
m4,D4054,0.015154,0.059886,0.951939,0.841453,113
m4,D4055,0.0017,0.01666,0.34194,0.220815,119
m4,D4056,0.005778,0.033507,0.746478,0.6534,120
m4,D4057,0.004531,0.029211,0.690358,0.609574,120
m4,D4058,0.005243,0.031736,0.712768,0.62813,120
m4,D4059,0.008205,0.041476,0.788639,0.73157,113
m4,D406,0.007035,0.038378,0.862095,0.115489,210
m4,D4060,0.012759,0.05457,0.950556,0.595108,110
m4,D4061,0.013339,0.05595,0.951519,0.59717,110
m4,D4062,0.006064,0.035558,0.827936,0.118226,114
m4,D4063,0.020111,0.069274,0.955099,0.93978,111
m4,D4064,0.008476,0.040384,0.822064,0.623423,112
m4,D4065,0.016231,0.05955,0.926789,0.640759,112
m4,D4066,0.008973,0.04506,0.779324,0.152995,108
m4,D4067,0.009659,0.047036,0.792856,0.172395,108
m4,D4068,0.010578,0.049765,0.848078,0.481834,111
m4,D4069,0.010606,0.049907,0.832174,0.412725,111
m4,D407,0.007377,0.039545,0.872522,0.154405,210
m4,D4070,0.010987,0.051053,0.863889,0.63051,108
m4,D4071,0.010998,0.051079,0.851806,0.595153,108
m4,D4072,0.007436,0.03799,0.804524,0.811668,110
m4,D4073,0.013006,0.052706,0.9018,0.852905,114
m4,D4074,0.02845,0.082594,0.877538,0.46516,321
m4,D4075,0.02366,0.07674,0.929433,0.775732,238
m4,D4076,0.012321,0.050099,0.791867,0.583812,108
m4,D4077,0.012759,0.051085,0.798917,0.594032,108
m4,D4078,0.014501,0.056073,0.864304,0.747355,115
m4,D4079,0.011855,0.053315,0.876568,0.682798,111
m4,D408,0.036178,0.096666,0.984724,0.881525,362
m4,D4080,0.013415,0.055166,0.862162,0.738663,115
m4,D4081,0.012536,0.053303,0.86369,0.720932,115
m4,D4082,0.01523,0.058056,0.827053,0.741216,110
m4,D4083,0.011872,0.050774,0.805574,0.659536,111
m4,D4084,0.011244,0.049152,0.771436,0.572439,111
m4,D4085,0.002555,0.020671,-0.043739,0.006352,95
m4,D4086,0.002543,0.020578,-0.02612,1.9e-05,95
m4,D4087,0.014193,0.055901,0.873119,0.122725,316
m4,D4088,0.009188,0.041885,0.750935,0.033015,281
m4,D4089,0.019072,0.069634,0.954162,0.558566,271
m4,D409,0.043197,0.105993,0.977042,0.832819,676
m4,D4090,0.033234,0.088142,0.954482,0.779789,310
m4,D4091,0.014506,0.058424,0.941811,0.296279,379
m4,D4092,0.148557,0.223111,0.986635,0.691578,1314
m4,D4093,0.016419,0.062548,0.943289,0.301052,321
m4,D4094,0.015047,0.057439,0.923176,0.376417,278
m4,D4095,0.015758,0.058961,0.923699,0.415966,278
m4,D4096,0.013055,0.056243,0.92739,0.323172,257
m4,D4097,0.020286,0.069428,0.957256,0.851429,256
m4,D4098,0.085722,0.161322,0.895292,0.278369,283
m4,D4099,0.004483,0.026655,0.962819,0.282454,9919
m4,D41,0.109665,0.187331,0.979692,0.685656,239
m4,D410,0.047375,0.112219,0.9789,0.839924,676
m4,D4100,0.015966,0.058682,0.930918,0.658357,382
m4,D4101,0.014532,0.055562,0.922754,0.629869,382
m4,D4102,0.015203,0.056997,0.925227,0.640717,382
m4,D4103,0.015127,0.055276,0.89897,0.628906,252
m4,D4104,0.013462,0.051748,0.881623,0.572278,252
m4,D4105,0.028459,0.08885,0.944715,0.446046,301
m4,D4106,0.01829,0.062656,0.902027,0.61661,259
m4,D4107,0.018304,0.062576,0.913709,0.625988,259
m4,D4108,0.021538,0.073023,0.961295,0.825298,257
m4,D4109,0.021959,0.073837,0.961998,0.823731,257
m4,D411,0.045439,0.109295,0.977666,0.837962,676
m4,D4110,0.020658,0.071272,0.95936,0.824712,257
m4,D4111,0.006998,0.03621,0.711595,0.033617,220
m4,D4112,0.01117,0.047769,0.837797,0.017068,303
m4,D4113,0.01082,0.046975,0.83409,0.01821,303
m4,D4114,0.03466,0.089227,0.946888,0.555856,300
m4,D4115,0.01328,0.055647,0.928963,0.738156,262
m4,D4116,0.01989,0.066948,0.907489,0.546202,280
m4,D4117,0.020161,0.067442,0.910308,0.539819,280
m4,D4118,0.019308,0.066169,0.91386,0.544742,280
m4,D4119,0.019903,0.067231,0.910879,0.552342,280
m4,D412,0.017552,0.064962,0.947646,0.070529,615
m4,D4120,0.022114,0.069198,0.949482,0.804797,318
m4,D4121,0.002796,0.021671,0.632161,0.448728,261
m4,D4122,0.002637,0.02088,0.594033,0.382294,261
m4,D4123,0.006631,0.035423,0.729326,0.242211,282
m4,D4124,0.035085,0.098009,0.91866,0.029248,278
m4,D4125,0.036462,0.100086,0.920586,0.044328,278
m4,D4126,0.036164,0.099547,0.916243,0.038761,278
m4,D4127,0.019667,0.067868,0.938218,0.699862,332
m4,D4128,0.021803,0.07245,0.952462,0.770571,266
m4,D4129,0.011565,0.049291,0.938505,0.100959,323
m4,D413,0.018031,0.06595,0.948973,0.074718,615
m4,D4130,0.012882,0.055775,0.866743,0.118969,157
m4,D4131,0.006459,0.036432,0.848926,0.000228,571
m4,D4132,0.004071,0.026474,0.620331,0.039247,174
m4,D4133,0.002002,0.017868,0.447188,0.01801,197
m4,D4134,0.056712,0.122085,0.957905,0.879987,277
m4,D4135,0.030774,0.089028,0.949171,0.759048,282
m4,D4136,0.032248,0.091642,0.95129,0.765242,282
m4,D4137,0.003458,0.0253,0.764412,0.006648,466
m4,D4138,0.012212,0.049712,0.877724,0.081424,843
m4,D4139,0.011225,0.048485,0.75298,0.437746,277
m4,D414,0.017727,0.065299,0.94801,0.072546,615
m4,D4140,0.011789,0.05058,0.865197,0.072985,304
m4,D4141,0.037658,0.099029,0.967801,0.881188,247
m4,D4142,0.075463,0.148465,0.96469,0.861017,275
m4,D4143,0.011358,0.047439,0.803555,0.35657,278
m4,D4144,0.009368,0.044014,0.881015,0.673726,318
m4,D4145,0.008768,0.043006,0.859057,0.465552,263
m4,D4146,0.012077,0.0499,0.890739,9e-06,351
m4,D4147,0.030619,0.091723,0.929233,0.593322,323
m4,D4148,0.044417,0.114715,0.933758,0.499964,317
m4,D4149,0.058373,0.128359,0.963951,0.712829,324
m4,D415,0.020839,0.064176,0.699561,0.609387,214
m4,D4150,0.03783,0.097702,0.906609,0.267098,366
m4,D4151,0.012584,0.053405,0.876219,0.100807,307
m4,D4152,0.012692,0.053625,0.875526,0.099748,307
m4,D4153,0.018147,0.063871,0.926032,0.718553,279
m4,D4154,0.01699,0.061526,0.921168,0.707943,279
m4,D4155,0.047788,0.111329,0.958892,0.868954,280
m4,D4156,0.005405,0.03193,0.799249,0.002096,273
m4,D4157,0.005425,0.03198,0.794924,0.000549,273
m4,D4158,0.01956,0.068954,0.924566,0.526281,362
m4,D4159,0.005205,0.03098,0.875949,0.352904,239
m4,D416,0.009591,0.043527,0.893394,0.002004,681
m4,D4160,0.105086,0.190639,0.971779,0.196267,481
m4,D4161,0.019152,0.063549,0.809752,0.507274,304
m4,D4162,0.038331,0.102935,0.909676,0.41307,236
m4,D4163,0.036941,0.098705,0.958801,0.941903,151
m4,D4164,0.018067,0.064288,0.928207,0.751625,314
m4,D4165,0.016366,0.060503,0.906536,0.697255,314
m4,D4166,0.017377,0.062709,0.914172,0.715712,314
m4,D4167,0.020914,0.072079,0.941541,0.822215,236
m4,D4168,0.013423,0.05403,0.834384,0.001235,243
m4,D4169,0.020125,0.069956,0.938837,0.415357,486
m4,D417,0.00969,0.043783,0.89455,0.011383,681
m4,D4170,0.01859,0.066875,0.938203,0.390609,486
m4,D4171,0.026038,0.07774,0.834486,0.121981,277
m4,D4172,0.081723,0.156675,0.966679,0.865923,222
m4,D4173,0.084178,0.159813,0.968065,0.867813,222
m4,D4174,0.083117,0.158062,0.96707,0.866955,222
m4,D4175,0.010196,0.047276,0.842406,0.692648,150
m4,D4176,0.009853,0.046374,0.843357,0.685009,150
m4,D4177,0.039906,0.104573,0.968162,0.874347,237
m4,D4178,0.081976,0.159979,0.977428,0.478031,308
m4,D4179,0.026271,0.076883,0.865719,0.024019,293
m4,D418,0.009657,0.043694,0.89527,0.005322,681
m4,D4180,0.027077,0.078844,0.821548,0.392532,226
m4,D4181,0.026137,0.077232,0.813558,0.376613,226
m4,D4182,0.026783,0.078312,0.816472,0.385627,226
m4,D4183,0.008572,0.042142,0.856498,0.124588,306
m4,D4184,0.096306,0.168471,0.968326,0.850365,303
m4,D4185,0.039335,0.101996,0.958682,0.853709,277
m4,D4186,0.039361,0.102227,0.959089,0.855255,277
m4,D4187,0.015719,0.062074,0.957287,0.875107,108
m4,D4188,0.015223,0.06103,0.955341,0.870344,108
m4,D4189,0.01615,0.06287,0.958377,0.876469,108
m4,D419,0.004648,0.029997,0.544441,0.002564,113
m4,D4190,0.009263,0.04271,0.893811,0.455502,189
m4,D4191,0.00507,0.031011,0.793114,0.302913,173
m4,D4192,0.029064,0.085573,0.950591,0.685737,481
m4,D4193,0.029541,0.086191,0.942915,0.662137,481
m4,D4194,0.086402,0.160041,0.968931,0.76904,381
m4,D4195,0.085818,0.159737,0.969229,0.769414,381
m4,D4196,0.024908,0.077134,0.915128,0.0683,1070
m4,D4197,0.016496,0.061539,0.841564,0.087145,236
m4,D4198,0.042007,0.109148,0.95373,0.02312,493
m4,D4199,0.009671,0.04409,0.799927,0.00895,272
m4,D42,0.114302,0.197697,0.956428,0.679244,262
m4,D420,0.005955,0.035034,0.804149,0.43786,114
m4,D4200,0.023756,0.075255,0.906796,0.597423,279
m4,D4201,0.022608,0.073223,0.902323,0.56411,279
m4,D4202,0.037416,0.097706,0.955143,0.895005,239
m4,D4203,0.005199,0.03056,0.710659,0.000182,364
m4,D4204,0.028565,0.084377,0.922872,0.320883,366
m4,D4205,0.011294,0.047094,0.577566,0.027968,240
m4,D4206,0.007555,0.037914,0.770646,0.005362,365
m4,D4207,0.046567,0.113799,0.911922,0.65394,236
m4,D4208,0.037914,0.099491,0.921345,0.67412,232
m4,D4209,0.050879,0.118559,0.895384,0.613184,232
m4,D421,0.04231,0.103297,0.990293,0.821879,834
m4,D4210,0.070024,0.143284,0.902408,0.635532,232
m4,D4211,0.125242,0.154124,0.125987,0.015742,401
m4,D4212,1.287649,0.623719,0.158452,0.04227,361
m4,D4213,1.737542,0.774558,0.161533,0.027447,361
m4,D4214,1.678312,0.754324,0.012456,0.013934,361
m4,D4215,1.580786,0.721268,0.15002,0.035439,361
m4,D4216,0.015259,0.050786,0.529475,0.085829,361
m4,D4217,0.013443,0.050679,0.762282,0.521401,361
m4,D4218,0.009312,0.039979,0.569732,0.230602,361
m4,D4219,0.009618,0.039079,0.407344,0.081151,361
m4,D422,0.018296,0.065964,0.90167,0.80632,108
m4,D4220,0.019337,0.06204,0.775011,0.513547,361
m4,D4221,0.024731,0.078802,0.951269,0.846276,240
m4,D4222,4.807262,4.068172,-0.049354,0.008366,298
m4,D4223,0.082675,0.124068,0.154233,0.019081,289
m4,D4224,0.057353,0.102357,0.264078,0.005368,246
m4,D4225,4.676722,3.913998,0.023311,0.011873,265
m4,D4226,0.612734,0.563598,0.996956,0.025998,4440
m4,D4227,0.494565,0.455628,0.992862,0.257042,4440
m4,D423,0.110046,0.182856,0.840656,0.004758,225
m4,D424,0.044791,0.11189,0.985916,0.71271,492
m4,D425,0.007758,0.040971,0.831351,0.24777,174
m4,D426,0.008474,0.042944,0.664852,0.312212,107
m4,D427,0.006255,0.036035,0.751099,0.541782,110
m4,D428,0.054368,0.116501,0.923489,0.623336,490
m4,D429,0.02361,0.066145,0.498367,0.090649,175
m4,D43,0.012618,0.052855,0.914127,0.781873,219
m4,D430,0.016173,0.06493,0.889632,0.583491,112
m4,D431,0.037762,0.099468,0.957246,0.740948,495
m4,D432,0.004798,0.030125,0.780721,0.052236,178
m4,D433,0.004015,0.027436,0.428918,0.079307,115
m4,D434,0.038114,0.098856,0.983307,0.847446,494
m4,D435,0.005675,0.032493,0.849199,0.585695,176
m4,D436,0.008501,0.040804,0.822819,0.520643,112
m4,D437,0.006412,0.035014,0.751363,0.405216,114
m4,D438,0.004647,0.030922,0.893804,0.689639,176
m4,D439,0.006692,0.037907,0.912109,0.759845,176
m4,D44,0.003451,0.024995,0.852988,0.004948,1006
m4,D440,0.004785,0.029944,0.572001,0.070307,111
m4,D441,0.01176,0.05153,0.897789,0.804743,113
m4,D442,0.01743,0.064978,0.924972,0.85785,118
m4,D443,0.004967,0.03249,0.795049,0.541911,115
m4,D444,0.006156,0.035076,0.698624,0.684102,116
m4,D445,0.003619,0.025644,0.415003,0.093009,114
m4,D446,0.057047,0.10845,0.235164,0.01774,356
m4,D447,0.704197,0.592518,0.989067,0.113717,4555
m4,D448,0.762589,0.604826,0.987233,0.207206,4555
m4,D449,0.30178,0.314576,0.98236,0.020482,4457
m4,D45,0.009995,0.045514,0.899413,0.643682,224
m4,D450,0.888864,0.885278,0.996641,0.167767,4440
m4,D451,0.872204,0.88317,0.996795,0.17919,4440
m4,D452,0.912681,0.80195,0.994896,0.151302,4440
m4,D453,0.645787,0.567365,0.987311,0.058952,4440
m4,D454,0.860957,0.661786,0.98677,0.566254,4440
m4,D455,0.070198,0.136485,0.986819,0.713427,994
m4,D456,0.289257,0.355184,0.997048,0.459884,3032
m4,D457,0.158424,0.213768,0.978282,0.144206,4412
m4,D458,0.404584,0.431178,0.991703,0.033634,4196
m4,D459,0.384091,0.414133,0.997378,0.838205,4196
m4,D46,0.002901,0.022939,0.58677,0.2485,97
m4,D460,0.377666,0.405385,0.997165,0.840623,4196
m4,D461,0.372883,0.401792,0.997115,0.834323,4195
m4,D462,0.185573,0.26602,0.990526,0.009877,4196
m4,D463,0.113559,0.18903,0.988492,0.286043,4196
m4,D464,0.154122,0.225507,0.991198,0.28417,4196
m4,D465,0.456268,0.458043,0.998252,0.938939,4196
m4,D466,0.318847,0.368634,0.993228,0.020387,4196
m4,D467,0.105023,0.183792,0.988547,0.023452,4196
m4,D468,0.375678,0.401404,0.997157,0.813387,4196
m4,D469,0.13233,0.2112,0.992367,0.425895,4196
m4,D47,0.003474,0.025107,0.600125,0.11354,160
m4,D470,0.400225,0.428228,0.996274,0.667382,4196
m4,D471,0.187854,0.268756,0.991184,0.091478,4196
m4,D472,0.103209,0.180796,0.988336,0.086042,4196
m4,D473,0.448355,0.453509,0.992208,0.077368,4196
m4,D474,0.155632,0.226845,0.991306,0.271639,4195
m4,D475,0.136837,0.210079,0.990029,0.036908,4196
m4,D476,0.102407,0.180456,0.988442,0.187363,4196
m4,D477,0.10556,0.184358,0.987867,0.026067,4196
m4,D478,0.117553,0.187857,0.985795,0.278501,4196
m4,D479,0.36624,0.396566,0.997466,0.811027,4196
m4,D48,1.554372,1.66264,0.972906,0.56923,601
m4,D480,0.376828,0.408609,0.997317,0.837237,4196
m4,D481,0.31378,0.36453,0.996942,0.728827,4196
m4,D482,0.189148,0.248785,0.990466,0.23641,4196
m4,D483,0.235977,0.279505,0.989725,0.059493,4196
m4,D484,0.119788,0.180131,0.979904,0.093813,4196
m4,D485,0.156356,0.223372,0.987561,0.589272,4196
m4,D486,0.167165,0.226745,0.985516,0.102413,4196
m4,D487,0.078856,0.140235,0.97865,0.044701,4196
m4,D488,0.116351,0.184758,0.985583,0.195412,4196
m4,D489,0.113129,0.183715,0.985051,0.031042,4196
m4,D49,1.380386,1.397309,0.977081,0.6786,544
m4,D490,0.226815,0.263199,0.980904,0.009507,4195
m4,D491,0.188453,0.247762,0.987732,0.065091,4196
m4,D492,0.218189,0.278814,0.989574,0.093537,4196
m4,D493,0.131066,0.196432,0.98594,0.274461,4196
m4,D494,0.123523,0.18373,0.985291,0.181484,4196
m4,D495,0.13091,0.196174,0.985344,0.254277,4196
m4,D496,0.165557,0.222327,0.983615,0.212828,4196
m4,D497,0.116352,0.18476,0.985583,0.195284,4196
m4,D498,0.234593,0.295972,0.989195,0.002167,4196
m4,D499,0.160436,0.225626,0.988197,0.037353,4196
m4,D5,0.149598,0.221641,0.898027,0.831201,156
m4,D50,2.315515,2.571254,0.962247,0.301014,860
m4,D500,0.234157,0.296313,0.991047,0.184079,4196
m4,D501,0.222236,0.272819,0.989716,0.016838,4196
m4,D502,0.193643,0.256771,0.988844,0.08127,4196
m4,D503,0.13018,0.204062,0.988523,0.140115,4196
m4,D504,0.15657,0.217622,0.98828,0.323697,4195
m4,D505,0.211424,0.257173,0.986393,0.012623,4196
m4,D506,0.146834,0.214867,0.989873,0.339854,4196
m4,D507,0.11145,0.174758,0.983334,0.017338,4196
m4,D508,0.116907,0.177929,0.983508,0.060748,4196
m4,D509,0.14981,0.20924,0.989153,0.205331,4196
m4,D51,0.003099,0.02388,0.706425,0.57899,97
m4,D510,0.101052,0.168577,0.991757,0.909414,1747
m4,D511,0.043791,0.102789,0.97744,0.765745,1736
m4,D512,0.514126,0.479355,0.985869,0.266802,4196
m4,D513,0.34178,0.339379,0.978235,0.17213,3193
m4,D514,0.20745,0.244716,0.972351,0.00254,3193
m4,D515,0.228269,0.263782,0.97651,0.08178,3193
m4,D516,0.231779,0.272114,0.979436,0.238592,3193
m4,D517,0.2397,0.273153,0.966018,0.084949,3193
m4,D518,0.284701,0.297715,0.973541,0.02676,3193
m4,D519,0.232997,0.266575,0.973417,0.068795,3193
m4,D52,0.022578,0.071326,0.884577,0.444396,219
m4,D520,0.246426,0.283126,0.977904,0.012662,3193
m4,D521,0.28817,0.305922,0.977751,0.01689,3193
m4,D522,0.50894,0.45164,0.982294,0.351507,4196
m4,D523,0.231802,0.278726,0.99588,0.809525,2059
m4,D524,0.242127,0.286355,0.996096,0.822555,2059
m4,D525,0.358863,0.391172,0.996882,0.866003,2059
m4,D526,0.25652,0.304826,0.997686,0.918741,2059
m4,D527,0.163828,0.230931,0.995881,0.832639,2059
m4,D528,0.274848,0.316177,0.974392,0.280951,2059
m4,D529,0.348085,0.383752,0.996764,0.858664,2059
m4,D53,0.007265,0.037534,0.884433,0.70715,224
m4,D530,0.149546,0.213216,0.992874,0.632844,2059
m4,D531,0.340306,0.369008,0.997761,0.948177,2059
m4,D532,0.316805,0.336669,0.99661,0.876882,2059
m4,D533,0.257372,0.31742,0.99528,0.770361,2059
m4,D534,0.30935,0.341928,0.996656,0.903231,2059
m4,D535,0.329557,0.34542,0.996774,0.882173,2059
m4,D536,0.213905,0.259849,0.966189,0.613207,2059
m4,D537,0.213588,0.269798,0.994618,0.822342,2059
m4,D538,0.328282,0.360545,0.997657,0.945198,2059
m4,D539,0.320815,0.35008,0.996808,0.908995,2059
m4,D54,0.015469,0.057496,0.952065,0.919453,224
m4,D540,0.227589,0.288166,0.976329,0.345131,2059
m4,D541,0.230178,0.285846,0.975239,0.554684,2059
m4,D542,0.338105,0.373196,0.997774,0.943092,2059
m4,D543,0.326109,0.364714,0.997672,0.939977,2059
m4,D544,0.494081,0.44584,0.987114,0.079351,4196
m4,D545,0.331002,0.339849,0.980288,0.243036,3193
m4,D546,0.484466,0.463613,0.991455,0.45352,4196
m4,D547,0.494207,0.471878,0.989564,0.115147,4196
m4,D548,0.427643,0.432278,0.989991,0.262809,4196
m4,D549,0.356585,0.366001,0.984228,0.087505,4196
m4,D55,1.048534,0.821012,0.972361,0.39723,1006
m4,D550,0.441883,0.4115,0.983905,0.23892,4196
m4,D551,0.402176,0.392852,0.989559,0.361291,4196
m4,D552,0.37059,0.374832,0.989541,0.273472,4196
m4,D553,0.376574,0.384566,0.987902,0.168722,4196
m4,D554,0.339369,0.358716,0.988314,0.07314,4196
m4,D555,0.078139,0.144678,0.988515,0.82057,1331
m4,D556,0.121113,0.187664,0.99317,0.894366,1330
m4,D557,0.200581,0.253501,0.984597,0.067452,2938
m4,D558,0.283403,0.329418,0.990318,0.025286,2940
m4,D559,0.21574,0.260889,0.988623,0.375616,2940
m4,D56,1.626393,1.722756,0.98181,0.542556,956
m4,D560,0.30135,0.344812,0.990251,0.029652,2940
m4,D561,0.184542,0.236099,0.97362,0.12963,2938
m4,D562,0.2397,0.278267,0.990132,0.447333,2940
m4,D563,0.151578,0.212863,0.9818,0.069412,2940
m4,D564,0.200982,0.265247,0.982861,0.207924,2940
m4,D565,0.218461,0.27877,0.982676,0.43852,2940
m4,D566,0.196075,0.265108,0.989176,0.000276,2940
m4,D567,0.223869,0.283437,0.991228,0.159505,2940
m4,D568,0.23959,0.294894,0.992028,0.227968,2940
m4,D569,0.225673,0.292968,0.992399,0.107995,2940
m4,D57,0.012321,0.051249,0.944526,0.899657,219
m4,D570,0.21508,0.28593,0.99187,0.056628,2940
m4,D571,0.167671,0.239775,0.985621,0.042801,2940
m4,D572,0.127101,0.215406,0.983266,0.615121,1186
m4,D573,0.102749,0.186308,0.979855,0.631487,1101
m4,D574,0.124608,0.213828,0.979774,0.531901,1101
m4,D575,0.070075,0.141582,0.963212,0.454811,1101
m4,D576,0.146212,0.237715,0.983042,0.592939,1101
m4,D577,0.086445,0.163664,0.969601,0.457906,1101
m4,D578,0.087541,0.163723,0.971297,0.584538,1101
m4,D579,0.150289,0.239452,0.98596,0.672279,1186
m4,D58,0.004507,0.029348,0.711526,0.434271,219
m4,D580,0.10612,0.187535,0.975865,0.545902,1101
m4,D581,0.10013,0.181455,0.978451,0.550017,1101
m4,D582,0.080447,0.157402,0.972591,0.457656,1101
m4,D583,0.080444,0.158491,0.973559,0.486262,1101
m4,D584,0.100774,0.183001,0.97926,0.571359,1101
m4,D585,0.25969,0.301137,0.99723,0.844089,4740
m4,D586,0.216025,0.309597,0.987532,0.239085,1430
m4,D587,0.374547,0.43562,0.990237,0.149669,1430
m4,D588,0.514174,0.474504,0.998896,0.920342,4740
m4,D589,0.595371,0.511517,0.990057,0.233929,2565
m4,D59,0.010836,0.048398,0.926569,0.757821,155
m4,D590,0.948424,0.723046,0.99257,0.484535,2563
m4,D591,0.218218,0.311864,0.98913,0.04984,1430
m4,D592,0.382697,0.440042,0.990381,0.169085,1430
m4,D593,0.586415,0.506438,0.984639,0.000173,2565
m4,D594,0.262956,0.331893,0.980726,0.166827,1430
m4,D595,0.211366,0.298305,0.98774,0.001411,1430
m4,D596,0.956717,0.72844,0.992631,0.489714,2563
m4,D597,0.314885,0.367124,0.98349,0.336877,1430
m4,D598,0.440405,0.471875,0.991301,0.283372,1430
m4,D599,0.268844,0.33605,0.98109,0.191854,1430
m4,D6,0.92819,0.759969,0.997382,0.878451,1006
m4,D60,0.813932,0.758042,0.964214,0.670692,456
m4,D600,0.370009,0.415825,0.98968,0.193774,1430
m4,D601,0.379738,0.421189,0.989893,0.214619,1430
m4,D602,0.286456,0.353971,0.986977,0.136708,1430
m4,D603,0.36531,0.405049,0.989443,0.276582,1430
m4,D604,0.44353,0.456923,0.964595,0.424744,1430
m4,D605,0.431671,0.457749,0.990415,0.353954,1430
m4,D606,0.312555,0.374904,0.988156,0.14862,1430
m4,D607,0.305391,0.370915,0.987965,0.127513,1430
m4,D608,0.335449,0.382601,0.988443,0.270306,1430
m4,D609,0.280075,0.350323,0.986768,0.115164,1430
m4,D61,0.129911,0.211452,0.974606,0.918083,155
m4,D610,0.50623,0.501326,0.991581,0.454911,1430
m4,D611,0.41976,0.450809,0.990194,0.334285,1430
m4,D612,1.105024,0.785517,0.992548,0.480168,2565
m4,D613,1.001026,0.760604,0.979738,0.066908,2563
m4,D614,1.049771,0.752511,0.992199,0.448593,2565
m4,D615,1.039696,0.746636,0.992132,0.442371,2565
m4,D616,0.829458,0.67611,0.991673,0.459121,2565
m4,D617,0.843666,0.661276,0.992123,0.463683,2565
m4,D618,0.776727,0.639587,0.991131,0.413052,2565
m4,D619,0.839157,0.655866,0.991934,0.42431,2565
m4,D62,0.011851,0.050007,0.776249,0.5918,131
m4,D620,0.893728,0.693571,0.992536,0.501086,2565
m4,D621,0.834629,0.655567,0.992045,0.456247,2565
m4,D622,0.947992,0.722562,0.992797,0.525184,2565
m4,D623,0.887452,0.684256,0.992351,0.483392,2565
m4,D624,0.89674,0.69003,0.992423,0.490333,2565
m4,D625,0.784753,0.645056,0.991217,0.420664,2565
m4,D626,0.84661,0.662037,0.979966,0.07698,2565
m4,D627,0.897087,0.693298,0.992437,0.467397,2565
m4,D628,0.318844,0.367677,0.996394,0.744926,2438
m4,D629,0.337608,0.381021,0.996685,0.783686,2438
m4,D63,0.006543,0.036248,0.87151,0.629907,175
m4,D630,0.030443,0.082997,0.9489,0.132194,1187
m4,D631,0.355721,0.387429,0.997497,0.895337,2440
m4,D632,0.295966,0.343862,0.996684,0.831137,2440
m4,D633,0.332074,0.370812,0.997228,0.870495,2440
m4,D634,0.052902,0.121389,0.96602,0.269182,1187
m4,D635,0.033079,0.091511,0.967244,0.552509,1187
m4,D636,0.028264,0.082478,0.959131,0.436655,1187
m4,D637,0.039808,0.10296,0.974295,0.646781,1187
m4,D638,0.063747,0.134538,0.975093,0.408121,1187
m4,D639,0.028499,0.078882,0.942776,0.038336,1187
m4,D64,0.104621,0.167493,0.909621,0.222298,1006
m4,D640,0.076902,0.153927,0.981348,0.556395,1187
m4,D641,0.047562,0.111832,0.958816,0.102787,1187
m4,D642,0.049422,0.115544,0.962067,0.178612,1187
m4,D643,0.028287,0.077941,0.940343,0.000636,1187
m4,D644,0.069217,0.142997,0.978239,0.486721,1187
m4,D645,0.072643,0.149263,0.979509,0.458244,1187
m4,D646,0.063061,0.1339,0.97374,0.302142,1187
m4,D647,0.088646,0.155369,0.984314,0.820596,1082
m4,D648,0.126958,0.193007,0.989635,0.877322,1082
m4,D649,0.064089,0.120617,0.935498,0.082138,2813
m4,D65,0.100575,0.184537,0.971436,0.784031,177
m4,D650,0.077449,0.143263,0.975592,0.010547,2261
m4,D651,0.070855,0.152303,0.984839,0.562684,1187
m4,D652,0.069505,0.149155,0.984173,0.600677,1187
m4,D653,0.063759,0.142532,0.98252,0.494205,1187
m4,D654,0.05679,0.130448,0.978764,0.459264,1187
m4,D655,0.358354,0.409764,0.995852,0.830406,2440
m4,D656,0.414837,0.453308,0.996699,0.876817,2440
m4,D657,0.058402,0.134566,0.980041,0.421196,1187
m4,D658,0.062278,0.138869,0.98157,0.533231,1187
m4,D659,0.392667,0.436882,0.996412,0.85802,2440
m4,D66,0.09974,0.153396,0.764675,0.009246,1006
m4,D660,0.394956,0.409164,0.996659,0.855168,2440
m4,D661,0.419203,0.425715,0.996934,0.877219,2440
m4,D662,0.289249,0.344917,0.9958,0.686705,2438
m4,D663,0.358638,0.383243,0.996137,0.818803,2440
m4,D664,0.371039,0.412466,0.997277,0.915307,2440
m4,D665,0.386564,0.421067,0.997457,0.909336,2440
m4,D666,0.394345,0.423244,0.996779,0.852623,2440
m4,D667,0.360551,0.397929,0.996301,0.81864,2440
m4,D668,0.349189,0.392685,0.997022,0.88663,2440
m4,D669,0.410979,0.438659,0.997678,0.923387,2440
m4,D67,0.033339,0.091652,0.955052,0.890121,154
m4,D670,0.396532,0.431261,0.997535,0.92725,2440
m4,D671,0.332075,0.382352,0.996759,0.896025,2440
m4,D672,0.234655,0.263888,0.992373,0.492748,3700
m4,D673,0.465525,0.453081,0.997506,0.683294,4197
m4,D674,0.384973,0.4004,0.988823,0.002132,4197
m4,D675,0.363593,0.374775,0.987757,0.130246,4197
m4,D676,0.483192,0.4585,0.990071,0.180163,4197
m4,D677,0.441429,0.427013,0.998209,0.883857,4197
m4,D678,0.222203,0.286783,0.989704,0.031359,4197
m4,D679,0.280569,0.317656,0.995672,0.715461,4197
m4,D68,0.021549,0.072245,0.912303,0.745974,134
m4,D680,0.61301,0.565746,0.990464,0.440193,4197
m4,D681,0.500432,0.500825,0.99796,0.557196,4197
m4,D682,0.507647,0.494784,0.997428,0.534917,4197
m4,D683,0.517538,0.489042,0.990623,0.536435,4197
m4,D684,0.608253,0.553291,0.998504,0.683672,4197
m4,D685,0.599891,0.555373,0.997886,0.610731,4197
m4,D686,0.718923,0.627097,0.990233,0.26608,4197
m4,D687,0.539572,0.508111,0.998749,0.780663,4197
m4,D688,0.684239,0.604252,0.9903,0.426583,4197
m4,D689,0.604808,0.564537,0.998861,0.582626,4197
m4,D69,0.130832,0.176619,0.0346,0.072984,178
m4,D690,0.497778,0.495077,0.992218,0.460209,4197
m4,D691,0.604488,0.572329,0.992468,0.228536,4197
m4,D692,0.570701,0.541933,0.998772,0.567105,4197
m4,D693,0.547703,0.514156,0.998793,0.760794,4197
m4,D694,0.539973,0.528226,0.998558,0.513042,4197
m4,D695,0.584984,0.488507,0.984589,0.246788,4197
m4,D696,0.446429,0.44513,0.998398,0.733839,4197
m4,D697,0.439423,0.461839,0.993802,0.124586,4197
m4,D698,0.675163,0.596991,0.99014,0.558391,4197
m4,D699,0.506738,0.506162,0.998436,0.491369,4197
m4,D7,0.818792,0.632388,0.853443,0.70301,1006
m4,D70,0.319677,0.295238,0.89267,0.085972,1006
m4,D700,0.595008,0.56236,0.998364,0.634363,4197
m4,D701,0.570087,0.535478,0.990267,0.302228,4197
m4,D702,0.51569,0.492462,0.998689,0.754644,4197
m4,D703,0.706945,0.6168,0.998774,0.72672,4197
m4,D704,0.492584,0.492928,0.997913,0.58427,4197
m4,D705,0.617713,0.548262,0.988897,0.002048,4197
m4,D706,0.49915,0.49828,0.998406,0.517231,4197
m4,D707,0.489875,0.485741,0.998512,0.549952,4197
m4,D708,0.562738,0.535743,0.992106,0.01533,4197
m4,D709,0.562605,0.54044,0.998243,0.621583,4197
m4,D71,0.007292,0.038568,0.896612,0.829301,160
m4,D710,0.531871,0.520152,0.998531,0.537393,4197
m4,D711,0.595485,0.556241,0.998848,0.604973,4197
m4,D712,0.429907,0.451679,0.998065,0.460888,4197
m4,D713,0.204648,0.270709,0.992205,0.157709,4197
m4,D714,0.583429,0.516398,0.998227,0.820496,4197
m4,D715,0.622613,0.529978,0.985488,0.000181,4197
m4,D716,0.484589,0.463827,0.98837,0.001485,4197
m4,D717,0.489447,0.456951,0.997809,0.807856,4197
m4,D718,0.460488,0.447098,0.998251,0.715588,4197
m4,D719,0.3774,0.39705,0.997409,0.699599,4197
m4,D72,0.008913,0.04246,0.918583,0.8312,219
m4,D720,0.346293,0.363529,0.99748,0.850442,4197
m4,D721,0.368952,0.386925,0.9977,0.666452,4197
m4,D722,0.394352,0.405801,0.99696,0.642596,4197
m4,D723,0.189493,0.257602,0.994773,0.399017,4197
m4,D724,0.166386,0.24416,0.993767,0.187604,4197
m4,D725,0.311907,0.355414,0.992232,0.001231,4197
m4,D726,0.426884,0.417922,0.998089,0.874856,4197
m4,D727,0.22881,0.290872,0.989241,0.027909,4197
m4,D728,0.179539,0.240853,0.994129,0.679403,4197
m4,D729,0.392411,0.406284,0.997587,0.71766,4197
m4,D73,0.003301,0.024465,0.661068,0.258126,160
m4,D730,0.295603,0.327625,0.996028,0.738195,4197
m4,D731,0.38688,0.39833,0.990256,0.295953,4197
m4,D732,0.507419,0.467715,0.997938,0.815516,4197
m4,D733,0.467766,0.459759,0.989173,0.108762,4197
m4,D734,0.41349,0.42197,0.991043,0.239716,4197
m4,D735,0.170112,0.24722,0.994223,0.23637,4197
m4,D736,0.212133,0.276017,0.994725,0.49201,4197
m4,D737,0.498746,0.465404,0.997931,0.762137,4197
m4,D738,0.323752,0.362036,0.997376,0.582235,4197
m4,D739,0.198845,0.264266,0.995271,0.44513,4197
m4,D74,0.003815,0.027352,0.740542,0.54124,97
m4,D740,0.334665,0.367526,0.988722,0.053711,4197
m4,D741,0.315454,0.355152,0.987868,0.016245,4197
m4,D742,0.331179,0.365365,0.988579,0.034495,4197
m4,D743,0.295437,0.319136,0.983372,0.273708,4197
m4,D744,0.308919,0.332634,0.984922,0.454899,4197
m4,D745,0.298271,0.322287,0.984056,0.004494,4197
m4,D746,0.206798,0.261449,0.982916,0.007139,4197
m4,D747,0.293261,0.335737,0.988628,0.179713,4197
m4,D748,0.303333,0.322823,0.983283,0.080813,4197
m4,D749,0.260592,0.31169,0.985563,0.222029,4197
m4,D75,0.004978,0.03042,0.677767,0.379249,160
m4,D750,0.213772,0.26563,0.983261,0.032844,4197
m4,D751,0.208262,0.261405,0.98181,0.443743,4197
m4,D752,0.25498,0.307566,0.986494,0.067083,4197
m4,D753,0.181156,0.240704,0.982686,6e-06,4197
m4,D754,0.181725,0.241968,0.982817,0.006821,4197
m4,D755,0.193551,0.250733,0.984234,0.417386,4197
m4,D756,0.179592,0.242291,0.984228,0.036715,4197
m4,D757,0.191151,0.251118,0.983791,0.339309,4197
m4,D758,0.313701,0.355138,0.987813,0.003104,4197
m4,D759,0.285066,0.329415,0.988196,0.140949,4197
m4,D76,0.0072,0.037918,0.930252,0.93276,97
m4,D760,0.203928,0.264416,0.986579,0.19712,4197
m4,D761,0.223989,0.274895,0.984542,0.02946,4197
m4,D762,0.307266,0.328508,0.984605,0.028643,4197
m4,D763,0.198417,0.252762,0.984552,0.03366,4197
m4,D764,0.269474,0.316731,0.987244,0.060924,4197
m4,D765,0.219866,0.249708,0.976745,0.162877,4197
m4,D766,0.220864,0.271508,0.984114,0.219953,4197
m4,D767,0.186972,0.2466,0.985188,0.006659,4197
m4,D768,0.196033,0.255372,0.986118,0.073193,4197
m4,D769,0.162415,0.226557,0.987234,0.317731,4197
m4,D77,0.012321,0.050082,0.941915,0.855614,224
m4,D770,0.249263,0.305801,0.99491,0.83002,4197
m4,D771,0.270537,0.31216,0.989055,0.247037,4197
m4,D772,0.265584,0.313414,0.993172,0.642928,4197
m4,D773,0.135568,0.200991,0.991782,0.695267,4197
m4,D774,0.322037,0.362431,0.990339,0.543618,4197
m4,D775,0.130825,0.197541,0.986514,0.511665,4197
m4,D776,0.181749,0.2499,0.99187,0.809825,4197
m4,D777,0.14499,0.212676,0.987106,0.080599,4197
m4,D778,0.250534,0.282569,0.984188,0.569739,4197
m4,D779,0.242927,0.302561,0.991201,0.659416,4197
m4,D78,0.026445,0.081626,0.921391,0.602531,224
m4,D780,0.107506,0.174779,0.985037,0.477896,4197
m4,D781,0.17943,0.24722,0.992183,0.644372,4197
m4,D782,0.09203,0.158102,0.980127,0.184509,4197
m4,D783,0.471693,0.512179,0.993126,0.384017,4197
m4,D784,0.368231,0.406674,0.995074,0.49306,3698
m4,D785,0.464884,0.508556,0.996624,0.62856,4197
m4,D786,0.339291,0.354547,0.984203,0.259124,4197
m4,D787,0.312955,0.342955,0.986059,0.304437,3698
m4,D788,0.448108,0.456972,0.994532,0.759306,4197
m4,D789,0.450155,0.482006,0.99293,0.308721,4197
m4,D79,0.003892,0.026675,0.709615,0.352194,160
m4,D790,0.443194,0.452532,0.989598,0.062893,4197
m4,D791,0.396304,0.42839,0.995142,0.796772,4197
m4,D792,0.425456,0.455685,0.996769,0.808325,4197
m4,D793,0.523305,0.539604,0.992491,0.389633,4197
m4,D794,0.373293,0.416814,0.996696,0.78706,4197
m4,D795,0.444194,0.478734,0.99314,0.134313,4197
m4,D796,0.653182,0.544071,0.988262,0.176779,4197
m4,D797,0.298964,0.360885,0.993368,0.141748,4197
m4,D798,0.416502,0.448508,0.992377,0.031835,4197
m4,D799,0.26258,0.328769,0.993593,0.469298,4197
m4,D8,0.06281,0.126835,0.988744,0.914007,999
m4,D80,0.005025,0.03125,0.876162,0.863631,97
m4,D800,0.23271,0.30179,0.99333,0.350762,4197
m4,D801,0.438004,0.411591,0.980744,0.074196,4197
m4,D802,0.501842,0.442445,0.99518,0.786181,3445
m4,D803,0.368821,0.356713,0.983189,0.51849,3445
m4,D804,0.321944,0.321989,0.988488,0.681771,3445
m4,D805,0.352583,0.346546,0.974767,0.207703,3445
m4,D806,0.58048,0.498065,0.994769,0.860345,4075
m4,D807,0.287091,0.301462,0.992446,0.779461,3445
m4,D808,0.59318,0.526871,0.996472,0.872142,4075
m4,D809,0.364385,0.360561,0.975321,0.031784,3445
m4,D81,0.008063,0.04108,0.920702,0.847495,160
m4,D810,0.315532,0.330057,0.991495,0.610669,3445
m4,D811,0.333936,0.336476,0.993192,0.79996,3445
m4,D812,0.517727,0.457937,0.978205,0.109905,4075
m4,D813,0.509344,0.481215,0.995673,0.762116,4075
m4,D814,0.588815,0.524451,0.996444,0.871496,4075
m4,D815,0.501389,0.458499,0.996124,0.875102,4075
m4,D816,0.620617,0.54403,0.996609,0.825669,4075
m4,D817,0.693858,0.586187,0.996979,0.847279,4075
m4,D818,0.523041,0.482706,0.983368,0.737078,4075
m4,D819,0.689236,0.583804,0.996959,0.846899,4075
m4,D82,0.008183,0.041157,0.881053,0.738363,219
m4,D820,0.581499,0.506915,0.996722,0.894648,4075
m4,D821,0.444233,0.41992,0.995919,0.870823,4075
m4,D822,0.515508,0.466699,0.985558,0.077652,4075
m4,D823,0.345106,0.354374,0.979886,0.451906,3698
m4,D824,0.250463,0.285511,0.979452,0.089588,3698
m4,D825,0.349114,0.3577,0.991602,0.648723,3698
m4,D826,0.432257,0.442906,0.995998,0.648232,3698
m4,D827,0.312218,0.358212,0.98698,0.401174,3698
m4,D828,0.35966,0.391514,0.988089,0.193629,3698
m4,D829,0.371862,0.398161,0.995253,0.678909,3698
m4,D83,0.008478,0.041878,0.679276,0.000113,151
m4,D830,0.247921,0.304673,0.991899,0.313584,3698
m4,D831,0.330047,0.359837,0.995219,0.720882,3698
m4,D832,0.294166,0.32916,0.995154,0.691467,3698
m4,D833,0.333291,0.361229,0.985509,0.64928,3698
m4,D834,0.300461,0.33318,0.995269,0.708743,3698
m4,D835,0.208427,0.26793,0.991132,0.310874,3698
m4,D836,0.204053,0.252078,0.99042,0.564305,3698
m4,D837,0.445389,0.408344,0.994461,0.750354,3445
m4,D838,0.56904,0.515552,0.983437,0.281269,4075
m4,D839,0.378037,0.358426,0.990651,0.753141,3445
m4,D84,0.004802,0.030564,0.735144,0.00662,224
m4,D840,0.410768,0.392163,0.994118,0.81173,3445
m4,D841,0.41471,0.394477,0.994182,0.813096,3445
m4,D842,0.56779,0.516649,0.996168,0.809039,4075
m4,D843,0.614039,0.610806,0.993773,0.114117,3951
m4,D844,0.51473,0.529033,0.993846,0.053191,3951
m4,D845,0.552132,0.519743,0.991536,0.077809,3951
m4,D846,0.176678,0.233544,0.979763,0.046723,3194
m4,D847,0.128426,0.194064,0.97848,0.150257,3194
m4,D848,0.151967,0.21469,0.982303,0.253546,3194
m4,D849,0.229734,0.280808,0.980171,0.36994,3194
m4,D85,0.119537,0.183943,0.813433,0.000196,460
m4,D850,0.146049,0.209643,0.981469,0.227964,3194
m4,D851,0.280334,0.330275,0.988092,0.002027,3194
m4,D852,0.179558,0.235796,0.98013,0.061874,3194
m4,D853,0.193308,0.252554,0.978606,0.375484,3194
m4,D854,0.285518,0.333349,0.988352,0.027158,3194
m4,D855,0.283626,0.332142,0.988273,0.019344,3194
m4,D856,0.208608,0.2752,0.985733,0.090762,3194
m4,D857,0.237221,0.287482,0.96621,0.133231,3194
m4,D858,0.236024,0.299968,0.986648,0.111813,3194
m4,D859,0.170084,0.228441,0.978795,0.008604,3194
m4,D86,1.213961,0.866836,0.905824,0.333558,589
m4,D860,0.214044,0.283644,0.987059,0.069149,3194
m4,D861,0.23111,0.291641,0.987217,0.176835,3194
m4,D862,0.231235,0.295954,0.988116,0.12839,3194
m4,D863,0.235223,0.301432,0.987981,0.49939,3194
m4,D864,0.224958,0.295224,0.988526,0.007694,3194
m4,D865,0.239078,0.304257,0.989227,0.048257,3194
m4,D866,0.581492,0.584918,0.992513,0.382352,4197
m4,D867,0.671699,0.669136,0.994619,0.187977,4197
m4,D868,0.654654,0.60607,0.992322,0.199955,4197
m4,D869,0.664588,0.612521,0.992032,0.087493,4197
m4,D87,0.062543,0.128463,0.909138,0.000386,555
m4,D870,0.65889,0.657289,0.992869,0.20565,4197
m4,D871,0.580256,0.586781,0.995094,0.249103,4197
m4,D872,0.589873,0.597969,0.993436,0.337969,4197
m4,D873,0.818474,0.649214,0.992076,0.589647,4197
m4,D874,0.674812,0.665224,0.993457,0.000287,4197
m4,D875,0.600441,0.609765,0.994919,0.256798,4197
m4,D876,0.566846,0.578342,0.994733,0.122002,4197
m4,D877,0.579623,0.57015,0.993598,0.002637,4197
m4,D878,0.54232,0.566781,0.995216,0.088662,4197
m4,D879,0.552088,0.570297,0.99548,0.211103,4197
m4,D88,0.06304,0.128905,0.910665,3.1e-05,555
m4,D880,0.613994,0.610787,0.99377,0.11341,3951
m4,D881,0.597608,0.549127,0.990976,0.117761,3951
m4,D882,0.600966,0.602626,0.994745,0.200991,3951
m4,D883,0.610734,0.559822,0.98953,0.010307,3951
m4,D884,0.521613,0.52985,0.99416,0.163231,3951
m4,D885,0.597644,0.549113,0.99098,0.118673,3951
m4,D886,0.621755,0.614105,0.992632,0.256653,3951
m4,D887,0.544487,0.554142,0.994034,0.175451,3951
m4,D888,0.60072,0.602527,0.994742,0.200069,3951
m4,D889,0.587885,0.5972,0.994414,0.096989,3951
m4,D89,0.047669,0.108451,0.885013,0.023752,555
m4,D890,0.536968,0.54849,0.992437,0.00068,3951
m4,D891,0.544689,0.554247,0.994038,0.176451,3951
m4,D892,0.49851,0.516679,0.994623,0.124831,3951
m4,D893,0.200848,0.275799,0.990212,0.157374,4197
m4,D894,0.275473,0.341837,0.993601,0.276965,4197
m4,D895,0.224397,0.291926,0.992432,0.206185,4197
m4,D896,0.180456,0.236945,0.983614,0.024114,4197
m4,D897,0.232723,0.311528,0.991852,0.355051,4197
m4,D898,0.182841,0.256723,0.988846,0.000263,4197
m4,D899,0.228121,0.295726,0.992641,0.225054,4197
m4,D9,0.04484,0.103845,0.98326,0.863517,999
m4,D90,0.044239,0.103383,0.875845,0.026948,555
m4,D900,0.170973,0.23103,0.9853,0.275634,4197
m4,D901,0.188914,0.252797,0.986889,0.348083,4197
m4,D902,0.205717,0.263099,0.986894,0.242117,4197
m4,D903,0.259082,0.304724,0.987271,8e-05,4197
m4,D904,0.181807,0.238566,0.983846,0.035068,4197
m4,D905,0.1753,0.235346,0.985844,0.302192,4197
m4,D906,0.247702,0.307605,0.991159,0.58689,4197
m4,D907,0.252627,0.299841,0.989028,0.393558,4197
m4,D908,0.150698,0.211081,0.982941,0.203711,4197
m4,D909,0.20526,0.273322,0.99162,0.154834,4197
m4,D91,0.056294,0.120388,0.900469,0.012636,555
m4,D910,0.291481,0.319832,0.98873,0.297041,4197
m4,D911,0.33028,0.361886,0.99237,0.606551,4197
m4,D912,0.210186,0.289242,0.991482,0.268405,4197
m4,D913,0.344393,0.360417,0.99564,0.836517,4197
m4,D914,0.334056,0.353215,0.995449,0.832672,4197
m4,D915,0.259416,0.287001,0.980649,0.016594,3823
m4,D916,0.323749,0.339818,0.99276,0.510076,3823
m4,D917,0.19998,0.241643,0.973616,0.021441,3823
m4,D918,0.266465,0.299306,0.990366,0.363859,3823
m4,D919,0.262348,0.293544,0.98117,0.010308,3823
m4,D92,0.041407,0.099046,0.866825,0.027804,555
m4,D920,0.347994,0.344378,0.983828,0.095723,3823
m4,D921,0.389432,0.378815,0.981572,0.196083,3823
m4,D922,0.31977,0.335197,0.993528,0.633608,3823
m4,D923,0.332519,0.345938,0.993033,0.522515,3823
m4,D924,0.397692,0.384056,0.994845,0.834868,3823
m4,D925,0.288502,0.3111,0.991835,0.506896,3823
m4,D926,0.310248,0.322025,0.992453,0.787358,3823
m4,D927,0.232289,0.268392,0.979932,0.248983,3823
m4,D928,0.243314,0.278264,0.98018,0.057107,3823
m4,D929,0.309844,0.327974,0.993213,0.625371,3823
m4,D93,0.064918,0.130962,0.912591,7.4e-05,555
m4,D930,0.477428,0.448241,0.996654,0.819886,4197
m4,D931,0.294481,0.333831,0.993677,0.488325,4197
m4,D932,0.298189,0.318667,0.982575,0.052091,3823
m4,D933,0.385607,0.396107,0.995553,0.61226,4197
m4,D934,0.38435,0.395821,0.995572,0.692676,4197
m4,D935,0.464479,0.439771,0.996527,0.820201,4197
m4,D936,0.256585,0.29668,0.993333,0.758472,4197
m4,D937,0.318721,0.325643,0.985727,0.10209,4197
m4,D938,0.376443,0.376276,0.987134,0.179718,4197
m4,D939,0.242105,0.290129,0.991903,0.394049,4197
m4,D94,0.035355,0.089416,0.840119,0.010671,555
m4,D940,0.269986,0.313831,0.992177,0.273793,4197
m4,D941,0.362558,0.376546,0.99564,0.653099,4197
m4,D942,0.377076,0.387183,0.988958,0.239499,4197
m4,D943,0.183808,0.242751,0.985119,0.182618,4197
m4,D944,0.167759,0.231838,0.984947,0.281611,4197
m4,D945,0.207679,0.275824,0.991794,0.343128,4197
m4,D946,0.154433,0.214962,0.983562,0.23186,4197
m4,D947,0.166443,0.223684,0.982251,0.006793,4197
m4,D948,0.228398,0.278874,0.987759,0.338616,4197
m4,D949,0.234281,0.283871,0.986572,0.126362,4197
m4,D95,0.037019,0.092031,0.848052,0.014274,555
m4,D950,0.302154,0.339589,0.991626,0.573549,4197
m4,D951,0.306708,0.338987,0.989408,0.059854,4197
m4,D952,0.192761,0.245648,0.979417,0.140407,3698
m4,D953,0.366943,0.37603,0.988891,0.050204,3698
m4,D954,0.273843,0.308515,0.98587,0.050112,3698
m4,D955,0.305267,0.337624,0.987239,0.000343,4197
m4,D956,0.189732,0.232752,0.978421,0.016018,3698
m4,D957,0.270843,0.305453,0.985644,0.042175,3698
m4,D958,0.367649,0.376844,0.987959,0.065399,3698
m4,D959,0.223299,0.264239,0.982706,0.014892,3698
m4,D96,0.05156,0.113919,0.892783,0.018639,555
m4,D960,0.405499,0.409805,0.990394,0.132266,3698
m4,D961,0.225538,0.266525,0.982946,0.021532,3698
m4,D962,0.189889,0.233495,0.978483,0.009455,3698
m4,D963,0.302339,0.336678,0.987752,0.135306,3698
m4,D964,0.249793,0.291066,0.98396,0.163432,3698
m4,D965,0.219613,0.267199,0.983898,0.058299,3698
m4,D966,0.217264,0.26457,0.983647,0.047325,3698
m4,D967,0.257812,0.305507,0.988007,0.094265,3698
m4,D968,0.2477,0.296966,0.986494,0.174332,3698
m4,D969,0.260791,0.308729,0.988205,0.106286,3698
m4,D97,0.038985,0.095219,0.857522,0.020811,555
m4,D970,0.31548,0.348332,0.988899,0.053164,4197
m4,D971,0.293076,0.342084,0.990025,0.216683,3698
m4,D972,0.377341,0.38246,0.989359,0.222791,4197
m4,D973,0.243595,0.283664,0.986886,0.282607,4197
m4,D974,0.366154,0.382192,0.99036,0.016503,4197
m4,D975,0.230275,0.276205,0.985857,0.072917,4197
m4,D976,0.240687,0.281825,0.98667,0.260546,4197
m4,D977,0.222638,0.270081,0.985134,0.093489,4197
m4,D978,0.230381,0.276113,0.985804,0.05973,4197
m4,D979,0.239105,0.282123,0.986059,0.000199,4197
m4,D98,0.042784,0.098119,0.86496,0.394003,436
m4,D980,0.265587,0.272407,0.972555,0.044491,4197
m4,D981,0.22022,0.273181,0.986481,0.042341,4197
m4,D982,0.265403,0.312628,0.98955,0.396844,4197
m4,D983,0.241636,0.294605,0.988327,0.184454,4197
m4,D984,0.231169,0.282323,0.986878,0.002692,4197
m4,D985,0.240465,0.293827,0.98863,0.001206,4197
m4,D986,0.293402,0.313349,0.992626,0.525118,4073
m4,D987,0.120241,0.184272,0.929679,0.018779,1052
m4,D988,0.244533,0.28146,0.991004,0.366126,4073
m4,D989,0.047612,0.105153,0.956139,0.147451,1052
m4,D99,0.062819,0.127794,0.956893,0.027915,1006
m4,D990,0.052702,0.111312,0.96081,0.214528,1052
m4,D991,0.073918,0.134597,0.974997,0.790847,1052
m4,D992,0.059129,0.115864,0.954196,0.361177,1052
m4,D993,0.053016,0.108937,0.948033,0.291193,1052
m4,D994,0.066873,0.126764,0.893852,0.141341,1052
m4,D995,0.070081,0.132867,0.972457,0.603757,1052
m4,D996,0.102951,0.16713,0.982726,0.716971,1052
m4,D997,0.069566,0.129113,0.973673,0.700592,1052
m4,D998,0.040396,0.092805,0.927558,0.056778,1052
m4,D999,0.039,0.094694,0.94571,0.000681,1052
